version 1
nodes
0 "blender_implicit" -1
1 "upperarm_l" -1
2 "lowerarm_l" 1
3 "hand_l" 2
4 "pinky_0_l" 3
5 "pinky_1_l" 4
6 "pinky_2_l" 5
7 "ring_0_l" 3
8 "ring_1_l" 7
9 "ring_2_l" 8
10 "middle_0_l" 3
11 "middle_1_l" 10
12 "middle_2_l" 11
13 "index_0_l" 3
14 "index_1_l" 13
15 "index_2_l" 14
16 "thumb_0_l" 3
17 "thumb_1_l" 16
18 "thumb_2_l" 17
19 "upperarm_r" -1
20 "lowerarm_r" 19
21 "hand_r" 20
22 "pinky_0_r" 21
23 "pinky_1_r" 22
24 "pinky_2_r" 23
25 "ring_0_r" 21
26 "ring_1_r" 25
27 "ring_2_r" 26
28 "middle_0_r" 21
29 "middle_1_r" 28
30 "middle_2_r" 29
31 "index_0_r" 21
32 "index_1_r" 31
33 "index_2_r" 32
34 "thumb_0_r" 21
35 "thumb_1_r" 34
36 "thumb_2_r" 35
37 "icendiarycannon" -1
38 "ic_grip_and_body" 37
39 "reload_grip" 38
40 "trigger" 38
41 "ammobox" 38
42 "shell" 38
43 "bone_muzzle" 38
44 "buttplate" 37
end
skeleton
time 0
0  0 0 0  0 0 0
1  6.688313 -0.000000 0.001464  1.518849 1.570796 0.000000
2  -0.000000 13.479277 -0.000000  0.103902 -0.000000 -0.000000
3  -0.000000 13.477234 0.000000  -0.051955 0.000000 0.000000
4  -0.267270 3.664726 -1.953293  -0.106568 -0.025893 -0.137951
5  0.000000 1.180356 -0.000000  -0.036623 -0.007435 -0.177465
6  -0.000000 0.817134 -0.000001  0.004200 -0.011559 0.007420
7  -0.249423 3.688541 -0.940889  -0.060472 -0.014332 -0.143634
8  0.000000 1.800629 -0.000000  0.004912 0.002140 -0.221415
9  0.000001 1.243404 -0.000000  0.006524 0.000044 -0.077546
10  -0.244726 3.701096 0.087733  0.005036 0.002373 -0.139324
11  -0.000000 1.766590 0.000000  0.002490 -0.003552 -0.259702
12  -0.000000 1.189004 0.000000  -0.017590 -0.001952 -0.152464
13  -0.277239 3.632248 1.274102  0.054558 0.010184 -0.144732
14  0.000000 1.798489 0.000000  0.036314 0.010668 -0.285913
15  -0.000001 1.235457 -0.000000  -0.005152 0.006816 -0.068190
16  0.315441 0.857300 0.755944  1.684115 0.560091 1.563926
17  -0.000002 2.265939 -0.000000  -0.057905 -0.032805 -0.238898
18  0.000000 1.457809 -0.000000  -0.029609 0.046490 0.034285
19  -6.688313 -0.000000 0.001464  1.518852 -1.570796 0.000000
20  -0.000000 13.479278 -0.000000  0.103896 0.000000 0.000000
21  -0.000000 13.477240 0.000000  -0.051952 -0.000000 -0.000000
22  0.267270 3.664726 -1.953293  -0.106568 0.025893 0.137951
23  -0.000000 1.180355 -0.000000  -0.036623 0.007435 0.177465
24  -0.000001 0.817133 -0.000001  0.004200 0.011559 -0.007420
25  0.249423 3.688541 -0.940889  -0.060472 0.014332 0.143634
26  -0.000000 1.800629 0.000000  0.004912 -0.002140 0.221415
27  -0.000001 1.243403 -0.000000  0.006524 -0.000044 0.077546
28  0.244726 3.701096 0.087733  0.005036 -0.002373 0.139324
29  0.000000 1.766589 -0.000000  0.002490 0.003552 0.259702
30  0.000000 1.189007 -0.000000  -0.017590 0.001952 0.152464
31  0.277239 3.632248 1.274102  0.054558 -0.010184 0.144732
32  -0.000000 1.798489 -0.000000  0.036314 -0.010668 0.285913
33  0.000003 1.235457 -0.000000  -0.005152 -0.006816 0.068190
34  -0.315441 0.857300 0.755944  1.684115 -0.560091 -1.563926
35  0.000002 2.265939 0.000000  -0.057905 0.032805 0.238898
36  0.000002 1.457812 -0.000000  -0.029609 -0.046490 -0.034285
37  -11.648725 -14.509207 -16.472122  1.509045 -0.044794 0.148642
38  0.000000 0.000000 -0.000001  0.000000 -0.000000 -0.000000
39  3.505315 2.079042 11.476261  0.036897 -0.035167 -0.003468
40  -0.121838 2.102229 2.011820  0.000000 0.000000 0.000000
41  -8.461193 8.879289 2.337275  0.000000 0.000000 -0.000007
42  -0.807632 3.490663 6.155516  -0.126497 -0.014731 0.034442
43  -1.126844 6.922792 24.875633  -0.564196 -1.640703 0.548661
44  0.413517 7.270698 -7.367403  -0.000004 0.000000 0.000000
end
triangles
v_ic_base
0  -9.587884 -14.919014 -7.711236  0.914025 0.076833 -0.398315  0.881679 0.086329 1 38 1.000000
0  -9.669907 -14.108030 -7.743022  0.914025 0.076833 -0.398315  0.946907 0.086329 1 38 1.000000
0  -9.538045 -14.807446 -7.575347  0.914025 0.076833 -0.398315  0.889636 0.095369 1 38 1.000000
v_ic_base
0  -10.643718 -27.998346 -5.406905  0.143153 -0.870335 -0.471195  0.180440 0.599618 1 38 1.000000
0  -10.848849 -28.137606 -5.212004  0.143940 -0.870564 -0.470532  0.167555 0.615933 1 38 1.000000
0  -10.886915 -28.030153 -5.420120  0.139454 -0.869245 -0.474305  0.180440 0.613800 1 38 1.000000
v_ic_base
0  -13.221408 -20.197805 -6.800878  -0.656714 -0.049328 0.752524  0.714208 0.429335 1 38 1.000000
0  -12.418175 -19.553391 -6.278672  -0.311320 -0.069846 0.947735  0.730267 0.467410 1 38 1.000000
0  -13.274819 -19.669712 -6.821578  -0.676152 -0.039547 0.735700  0.730279 0.429424 1 38 1.000000
v_ic_base
0  -9.769386 -36.326412 -3.823258  0.963949 -0.107650 0.243338  0.109474 0.598269 1 38 1.000000
0  -9.757029 -35.904930 -3.685753  0.953056 -0.118809 0.278510  0.125277 0.602683 1 38 1.000000
0  -9.787146 -36.320179 -3.748405  0.965500 -0.105917 0.237889  0.109693 0.600576 1 38 1.000000
v_ic_ammo
0  -11.961206 -20.386202 -13.596784  -0.111413 -0.768835 -0.629666  0.497289 0.575313 1 42 1.000000
0  -12.793191 -20.193291 -13.165729  -0.648508 -0.731998 -0.208847  0.513297 0.688228 1 42 1.000000
0  -12.009111 -20.232321 -13.776171  -0.100977 -0.768172 -0.632231  0.513297 0.564988 1 42 1.000000
v_ic_base
0  -13.958419 -19.500687 -11.894424  -0.987204 -0.109724 -0.115710  0.756573 0.006587 1 38 1.000000
0  -13.321323 -24.192410 -12.833268  -0.986557 -0.109734 -0.121095  0.625070 0.028740 1 38 1.000000
0  -13.475061 -24.279799 -11.707109  -0.984274 -0.098661 -0.146527  0.625735 0.013980 1 38 1.000000
v_ic_base
0  -11.168338 -13.648299 -18.939486  0.968973 0.110719 -0.220982  0.163696 0.802059 1 38 1.000000
0  -10.936331 -15.152805 -18.675970  0.990322 0.111740 -0.082318  0.112067 0.807665 1 38 1.000000
0  -11.009384 -15.133370 -19.074301  0.977470 0.120364 -0.173394  0.113572 0.796652 1 38 1.000000
v_ic_base
0  -10.133790 -35.914700 -3.980888  -0.010880 -0.194731 0.980796  0.128893 0.594970 1 38 1.000000
0  -9.942664 -35.859756 -3.963518  -0.048133 -0.192402 0.980135  0.130575 0.594670 1 38 1.000000
0  -10.203435 -35.882023 -3.975172  -0.008854 -0.184832 0.982730  0.130575 0.594670 1 38 1.000000
v_ic_base
0  -10.133790 -35.914700 -3.980888  -0.010880 -0.194731 0.980796  0.128893 0.594970 1 38 1.000000
0  -10.001415 -35.903397 -3.974970  -0.040201 -0.201108 0.978744  0.128893 0.594970 1 38 1.000000
0  -9.942664 -35.859756 -3.963518  -0.048133 -0.192402 0.980135  0.130575 0.594670 1 38 1.000000
v_ic_ammo
0  -12.640260 -21.578773 -12.775608  -0.894487 -0.142345 -0.423829  0.308690 0.688292 1 42 1.000000
0  -11.908150 -22.251362 -13.158751  -0.592653 -0.200744 -0.780041  0.240010 0.574767 1 42 1.000000
0  -12.476089 -22.222960 -12.716598  -0.605617 -0.224279 -0.763496  0.240009 0.677310 1 42 1.000000
v_ic_base
0  -9.875180 -35.867165 -4.319604  0.515405 0.853007 0.082081  0.130412 0.584391 1 38 1.000000
0  -9.997663 -35.786804 -4.406756  0.522745 0.848863 0.078543  0.134490 0.586929 1 38 1.000000
0  -9.971655 -35.821106 -4.197948  0.531684 0.842852 0.083141  0.132645 0.588074 1 38 1.000000
v_ic_base
0  -9.942664 -35.859756 -3.963518  0.539647 0.838844 0.071563  0.130575 0.594670 1 38 1.000000
0  -9.899056 -35.866409 -4.214357  0.542907 0.833827 0.099928  0.130412 0.587433 1 38 1.000000
0  -9.971655 -35.821106 -4.197948  0.531684 0.842852 0.083141  0.132645 0.588074 1 38 1.000000
v_ic_base
0  -9.875180 -35.867165 -4.319604  0.515405 0.853007 0.082081  0.130412 0.584391 1 38 1.000000
0  -9.971655 -35.821106 -4.197948  0.531684 0.842852 0.083141  0.132645 0.588074 1 38 1.000000
0  -9.899056 -35.866409 -4.214357  0.542907 0.833827 0.099928  0.130412 0.587433 1 38 1.000000
v_ic_base
0  -10.219088 -35.893734 -4.228681  -0.075923 0.997011 -0.014331  0.130379 0.587432 1 38 1.000000
0  -10.636701 -35.927250 -4.347643  -0.090892 0.995110 0.038668  0.127867 0.584092 1 38 1.000000
0  -10.577868 -35.927254 -4.253913  -0.097101 0.993409 0.060906  0.127586 0.586963 1 38 1.000000
v_ic_ammo
0  -11.837816 -20.193682 -12.671129  0.113766 -0.971247 0.209134  0.705812 0.675411 1 42 1.000000
0  -12.565299 -20.445999 -12.959080  0.224462 -0.940076 0.256660  0.650665 0.705085 1 42 1.000000
0  -12.015403 -20.473185 -13.387269  0.141968 -0.933544 0.329150  0.650665 0.651529 1 42 1.000000
v_ic_base
0  -9.736130 -35.878197 -5.183020  0.979523 0.127122 0.156126  0.130412 0.559512 1 38 1.000000
0  -9.875180 -35.867165 -4.319604  0.985286 0.002153 0.170900  0.130412 0.584391 1 38 1.000000
0  -9.697915 -36.196175 -5.163866  0.978242 -0.005155 0.207406  0.116322 0.559512 1 38 1.000000
v_ic_base
0  -9.736130 -35.878197 -5.183020  0.723254 0.670656 0.164692  0.130412 0.559512 1 38 1.000000
0  -9.997663 -35.786804 -4.406756  0.522745 0.848863 0.078543  0.134490 0.586929 1 38 1.000000
0  -9.875180 -35.867165 -4.319604  0.515405 0.853007 0.082081  0.130412 0.584391 1 38 1.000000
v_ic_base
0  -9.736130 -35.878197 -5.183020  0.723254 0.670656 0.164692  0.130412 0.559512 1 38 1.000000
0  -9.754951 -35.793224 -5.426808  0.736670 0.654238 0.171143  0.134484 0.549575 1 38 1.000000
0  -9.997663 -35.786804 -4.406756  0.522745 0.848863 0.078543  0.134490 0.586929 1 38 1.000000
v_ic_base
0  -10.178886 -32.565357 -5.387350  0.914970 0.111972 0.387676  0.261253 0.562710 1 38 1.000000
0  -9.754951 -35.793224 -5.426808  0.960431 0.136144 0.242974  0.134484 0.549575 1 38 1.000000
0  -10.202607 -32.316071 -5.402627  0.948507 0.112981 0.295922  0.270112 0.562710 1 38 1.000000
v_ic_base
0  -10.275777 -30.765692 -5.763597  0.969657 0.098798 0.223617  0.324090 0.548422 1 38 1.000000
0  -10.202607 -32.316071 -5.402627  0.948507 0.112981 0.295922  0.270112 0.562710 1 38 1.000000
0  -9.754951 -35.793224 -5.426808  0.960431 0.136144 0.242974  0.134484 0.549575 1 38 1.000000
v_ic_base
0  -9.976279 -34.513477 -5.250671  0.957718 0.129446 0.256944  0.188053 0.562710 1 38 1.000000
0  -9.754951 -35.793224 -5.426808  0.960431 0.136144 0.242974  0.134484 0.549575 1 38 1.000000
0  -10.001487 -34.289906 -5.267799  0.952244 0.123053 0.279444  0.196911 0.562710 1 38 1.000000
v_ic_base
0  -12.966613 -14.290880 -6.128007  -0.324255 0.084246 0.942211  0.877468 0.510959 1 38 1.000000
0  -14.114131 -14.599590 -6.790481  -0.718099 0.086403 0.690556  0.870221 0.545563 1 38 1.000000
0  -12.912698 -14.456521 -6.095082  -0.206275 0.154822 0.966168  0.870221 0.509709 1 38 1.000000
v_ic_base
0  -8.103092 -36.194592 -5.911483  0.301526 -0.888017 0.347143  0.161366 0.394407 1 38 1.000000
0  -7.023021 -36.012886 -6.739780  0.417140 -0.883721 0.212204  0.142632 0.390341 1 38 1.000000
0  -7.958244 -36.064362 -5.704165  0.303417 -0.887914 0.345756  0.161463 0.390341 1 38 1.000000
v_ic_base
0  -10.560864 -28.363356 -5.592585  0.974542 0.101582 0.199873  0.407654 0.562710 1 38 1.000000
0  -10.275777 -30.765692 -5.763597  0.969657 0.098798 0.223617  0.324090 0.548422 1 38 1.000000
0  -10.584352 -28.121574 -5.602149  0.974397 0.103544 0.199573  0.416512 0.562710 1 38 1.000000
v_ic_base
0  -10.584352 -28.121574 -5.602149  0.974397 0.103544 0.199573  0.416512 0.562710 1 38 1.000000
0  -10.275777 -30.765692 -5.763597  0.969657 0.098798 0.223617  0.324090 0.548422 1 38 1.000000
0  -10.841428 -24.901411 -6.017921  0.968015 0.106697 0.227074  0.537800 0.548422 1 38 1.000000
v_ic_base
0  -10.372951 -30.456093 -5.471733  0.970991 0.100009 0.217198  0.334454 0.562710 1 38 1.000000
0  -10.275777 -30.765692 -5.763597  0.969657 0.098798 0.223617  0.324090 0.548422 1 38 1.000000
0  -10.395303 -30.198223 -5.491234  0.970689 0.100943 0.218111  0.343312 0.562710 1 38 1.000000
v_ic_base
0  -10.372951 -30.456093 -5.471733  0.970991 0.100009 0.217198  0.334454 0.562710 1 38 1.000000
0  -10.410464 -30.578741 -5.248664  0.971610 0.100023 0.214403  0.330025 0.568985 1 38 1.000000
0  -10.275777 -30.765692 -5.763597  0.969657 0.098798 0.223617  0.324090 0.548422 1 38 1.000000
v_ic_base
0  -10.102962 -34.285839 -4.841333  0.975944 0.118163 0.183221  0.196911 0.575260 1 38 1.000000
0  -9.997663 -35.786804 -4.406756  0.968137 0.133588 0.211812  0.134490 0.586929 1 38 1.000000
0  -10.078088 -34.509571 -4.822839  0.970829 0.126620 0.203615  0.188053 0.575260 1 38 1.000000
v_ic_base
0  -9.998850 -35.186771 -4.766394  0.966570 0.132012 0.219808  0.160311 0.575260 1 38 1.000000
0  -10.078088 -34.509571 -4.822839  0.970829 0.126620 0.203615  0.188053 0.575260 1 38 1.000000
0  -9.997663 -35.786804 -4.406756  0.968137 0.133588 0.211812  0.134490 0.586929 1 38 1.000000
v_ic_base
0  -9.998850 -35.186771 -4.766394  0.966570 0.132012 0.219808  0.160311 0.575260 1 38 1.000000
0  -9.997663 -35.786804 -4.406756  0.968137 0.133588 0.211812  0.134490 0.586929 1 38 1.000000
0  -9.973129 -35.395584 -4.749578  0.964136 0.138231 0.226570  0.151453 0.575260 1 38 1.000000
v_ic_base
0  -9.973129 -35.395584 -4.749578  0.964136 0.138231 0.226570  0.151453 0.575260 1 38 1.000000
0  -9.997663 -35.786804 -4.406756  0.968137 0.133588 0.211812  0.134490 0.586929 1 38 1.000000
0  -9.754951 -35.793224 -5.426808  0.960431 0.136144 0.242974  0.134484 0.549575 1 38 1.000000
v_ic_base
0  -9.973129 -35.395584 -4.749578  0.964136 0.138231 0.226570  0.151453 0.575260 1 38 1.000000
0  -9.754951 -35.793224 -5.426808  0.960431 0.136144 0.242974  0.134484 0.549575 1 38 1.000000
0  -9.908623 -35.498348 -4.959386  0.963450 0.144050 0.225861  0.147024 0.568985 1 38 1.000000
v_ic_base
0  -9.870199 -35.398998 -5.181919  0.963163 0.138314 0.230622  0.151453 0.562710 1 38 1.000000
0  -9.908623 -35.498348 -4.959386  0.963450 0.144050 0.225861  0.147024 0.568985 1 38 1.000000
0  -9.754951 -35.793224 -5.426808  0.960431 0.136144 0.242974  0.134484 0.549575 1 38 1.000000
v_ic_base
0  -9.870199 -35.398998 -5.181919  0.963163 0.138314 0.230622  0.151453 0.562710 1 38 1.000000
0  -9.754951 -35.793224 -5.426808  0.960431 0.136144 0.242974  0.134484 0.549575 1 38 1.000000
0  -9.896137 -35.190262 -5.197897  0.962052 0.133008 0.238252  0.160311 0.562710 1 38 1.000000
v_ic_base
0  -9.976279 -34.513477 -5.250671  0.957718 0.129446 0.256944  0.188053 0.562710 1 38 1.000000
0  -9.896137 -35.190262 -5.197897  0.962052 0.133008 0.238252  0.160311 0.562710 1 38 1.000000
0  -9.754951 -35.793224 -5.426808  0.960431 0.136144 0.242974  0.134484 0.549575 1 38 1.000000
v_ic_base
0  -22.850311 -20.178936 -3.019593  0.661212 0.119356 0.740644  0.868586 0.618883 1 41 1.000000
0  -22.330528 -19.899025 -3.528740  0.739688 0.068841 0.669419  0.862399 0.629126 1 41 1.000000
0  -22.897982 -19.949669 -3.027142  0.645881 0.158878 0.746723  0.862842 0.618883 1 41 1.000000
v_ic_base
0  -10.234849 -35.107700 -5.007049  -0.991389 -0.103728 0.079921  0.164729 0.568985 1 38 1.000000
0  -10.270060 -34.531448 -4.833448  -0.993357 -0.102254 0.052778  0.188042 0.575260 1 38 1.000000
0  -10.286016 -34.647354 -5.043645  -0.991501 -0.103955 0.078230  0.183613 0.568985 1 38 1.000000
v_ic_base
0  -9.620644 -29.486179 -12.895963  -0.248531 -0.004332 0.968614  0.407334 0.025805 1 39 1.000000
0  -11.465235 -24.394175 -13.067100  0.159099 0.037250 0.986560  0.473713 0.046961 1 39 1.000000
0  -10.946552 -29.604994 -12.954030  0.156442 0.037205 0.986986  0.407334 0.046961 1 39 1.000000
v_ic_base
0  -16.539021 -20.024734 -3.495511  -0.568807 -0.011497 0.822391  0.259337 0.648031 1 41 1.000000
0  -17.226562 -14.077720 -3.887918  -0.568811 -0.011497 0.822388  0.256340 0.762037 1 41 1.000000
0  -16.759630 -20.049992 -3.648449  -0.568807 -0.011497 0.822391  0.256340 0.648029 1 41 1.000000
v_ic_base
0  -22.717339 -18.391138 -3.676761  0.802046 0.093430 0.589910  0.824672 0.623109 1 41 1.000000
0  -23.087940 -19.004868 -3.075688  0.802046 0.093430 0.589910  0.838747 0.615781 1 41 1.000000
0  -22.666914 -18.987085 -3.650936  0.802046 0.093433 0.589909  0.837941 0.623109 1 41 1.000000
v_ic_base
0  -11.049030 -24.456604 -5.345648  0.972853 0.106452 0.205487  0.554055 0.575260 1 38 1.000000
0  -11.066740 -24.882479 -5.041181  0.972710 0.106375 0.206202  0.537815 0.586929 1 38 1.000000
0  -10.950656 -25.429272 -5.307525  0.971629 0.106545 0.211154  0.517455 0.575260 1 38 1.000000
v_ic_base
0  -11.072841 -24.221195 -5.354875  0.971623 0.106547 0.211179  0.562913 0.575260 1 38 1.000000
0  -11.066740 -24.882479 -5.041181  0.972710 0.106375 0.206202  0.537815 0.586929 1 38 1.000000
0  -11.049030 -24.456604 -5.345648  0.972853 0.106452 0.205487  0.554055 0.575260 1 38 1.000000
v_ic_base
0  -11.072841 -24.221195 -5.354875  0.971623 0.106547 0.211179  0.562913 0.575260 1 38 1.000000
0  -11.270465 -22.868189 -5.120131  0.971262 0.103482 0.214341  0.613585 0.586929 1 38 1.000000
0  -11.066740 -24.882479 -5.041181  0.972710 0.106375 0.206202  0.537815 0.586929 1 38 1.000000
v_ic_base
0  -11.147407 -23.483940 -5.383772  0.971628 0.106547 0.211157  0.590655 0.575260 1 38 1.000000
0  -11.270465 -22.868189 -5.120131  0.971262 0.103482 0.214341  0.613585 0.586929 1 38 1.000000
0  -11.072841 -24.221195 -5.354875  0.971623 0.106547 0.211179  0.562913 0.575260 1 38 1.000000
v_ic_base
0  -11.147407 -23.483940 -5.383772  0.971628 0.106547 0.211157  0.590655 0.575260 1 38 1.000000
0  -11.171216 -23.248528 -5.392998  0.971967 0.101469 0.212093  0.599513 0.575260 1 38 1.000000
0  -11.270465 -22.868189 -5.120131  0.971262 0.103482 0.214341  0.613585 0.586929 1 38 1.000000
v_ic_base
0  -11.270465 -22.868189 -5.120131  0.971262 0.103482 0.214341  0.613585 0.586929 1 38 1.000000
0  -11.171216 -23.248528 -5.392998  0.971967 0.101469 0.212093  0.599513 0.575260 1 38 1.000000
0  -11.135570 -23.134546 -5.597549  0.969351 0.103173 0.222967  0.603942 0.568985 1 38 1.000000
v_ic_base
0  -11.270465 -22.868189 -5.120131  0.971262 0.103482 0.214341  0.613585 0.586929 1 38 1.000000
0  -11.135570 -23.134546 -5.597549  0.969351 0.103173 0.222967  0.603942 0.568985 1 38 1.000000
0  -11.340298 -19.968933 -6.211246  0.969364 0.105677 0.221735  0.723403 0.548422 1 38 1.000000
v_ic_base
0  -11.076114 -23.255972 -5.792876  0.967726 0.106830 0.228239  0.599513 0.562710 1 38 1.000000
0  -11.340298 -19.968933 -6.211246  0.969364 0.105677 0.221735  0.723403 0.548422 1 38 1.000000
0  -11.135570 -23.134546 -5.597549  0.969351 0.103173 0.222967  0.603942 0.568985 1 38 1.000000
v_ic_base
0  -11.076114 -23.255972 -5.792876  0.967726 0.106830 0.228239  0.599513 0.562710 1 38 1.000000
0  -11.052303 -23.491381 -5.783647  0.967751 0.106818 0.228140  0.590655 0.562710 1 38 1.000000
0  -11.340298 -19.968933 -6.211246  0.969364 0.105677 0.221735  0.723403 0.548422 1 38 1.000000
v_ic_base
0  -11.340298 -19.968933 -6.211246  0.969364 0.105677 0.221735  0.723403 0.548422 1 38 1.000000
0  -11.052303 -23.491381 -5.783647  0.967751 0.106818 0.228140  0.590655 0.562710 1 38 1.000000
0  -10.977739 -24.228638 -5.754754  0.967744 0.106821 0.228170  0.562913 0.562710 1 38 1.000000
v_ic_base
0  -10.953929 -24.464046 -5.745525  0.967744 0.106828 0.228164  0.554055 0.562710 1 38 1.000000
0  -10.938819 -25.079876 -5.521304  0.967744 0.106820 0.228170  0.530742 0.568985 1 38 1.000000
0  -10.879363 -25.201303 -5.716628  0.854817 0.065186 0.514819  0.526313 0.562710 1 38 1.000000
v_ic_base
0  -11.049030 -24.456604 -5.345648  0.967745 0.106819 0.228166  0.554055 0.575260 1 38 1.000000
0  -10.938819 -25.079876 -5.521304  0.967744 0.106820 0.228170  0.530742 0.568985 1 38 1.000000
0  -10.989575 -24.578033 -5.540973  0.967744 0.106821 0.228168  0.549626 0.568985 1 38 1.000000
v_ic_base
0  -11.340298 -19.968933 -6.211246  0.969364 0.105677 0.221735  0.723403 0.548422 1 38 1.000000
0  -10.977739 -24.228638 -5.754754  0.967744 0.106821 0.228170  0.562913 0.562710 1 38 1.000000
0  -10.841428 -24.901411 -6.017921  0.968015 0.106697 0.227074  0.537800 0.548422 1 38 1.000000
v_ic_base
0  -10.977739 -24.228638 -5.754754  0.967744 0.106821 0.228170  0.562913 0.562710 1 38 1.000000
0  -10.953929 -24.464046 -5.745525  0.967744 0.106828 0.228164  0.554055 0.562710 1 38 1.000000
0  -10.841428 -24.901411 -6.017921  0.968015 0.106697 0.227074  0.537800 0.548422 1 38 1.000000
v_ic_base
0  -10.855554 -25.436712 -5.707402  0.967744 0.106820 0.228171  0.517455 0.562710 1 38 1.000000
0  -10.841428 -24.901411 -6.017921  0.968015 0.106697 0.227074  0.537800 0.548422 1 38 1.000000
0  -10.953929 -24.464046 -5.745525  0.967744 0.106828 0.228164  0.554055 0.562710 1 38 1.000000
v_ic_base
0  -10.855554 -25.436712 -5.707402  0.967744 0.106820 0.228171  0.517455 0.562710 1 38 1.000000
0  -10.953929 -24.464046 -5.745525  0.967744 0.106828 0.228164  0.554055 0.562710 1 38 1.000000
0  -10.879363 -25.201303 -5.716628  0.854817 0.065186 0.514819  0.526313 0.562710 1 38 1.000000
v_ic_base
0  -23.307686 -16.243692 -3.208295  0.187811 -0.966990 0.172210  0.769121 0.615781 1 41 1.000000
0  -22.634659 -16.197622 -3.683574  0.111694 -0.991805 0.062028  0.769065 0.629126 1 41 1.000000
0  -23.183012 -16.207420 -3.177072  0.221041 -0.949914 0.220916  0.768538 0.618883 1 41 1.000000
v_ic_base
0  -11.087951 -23.605366 -5.579095  0.967744 0.106820 0.228167  0.586226 0.568985 1 38 1.000000
0  -10.977739 -24.228638 -5.754754  0.967744 0.106821 0.228170  0.562913 0.562710 1 38 1.000000
0  -11.052303 -23.491381 -5.783647  0.967751 0.106818 0.228140  0.590655 0.562710 1 38 1.000000
v_ic_base
0  -11.049030 -24.456604 -5.345648  -0.624665 0.009760 -0.780832  0.554055 0.575260 1 38 1.000000
0  -10.950656 -25.429272 -5.307525  0.062188 -0.032807 -0.997525  0.517455 0.575260 1 38 1.000000
0  -10.974466 -25.193859 -5.316752  -0.424239 -0.004480 -0.905540  0.526313 0.575260 1 38 1.000000
v_ic_base
0  -10.679460 -28.113962 -5.202226  0.444749 0.079145 0.892152  0.416512 0.575260 1 38 1.000000
0  -10.583776 -29.133951 -5.159531  0.444749 0.079145 0.892152  0.379912 0.575260 1 38 1.000000
0  -10.656005 -28.355616 -5.192503  0.444749 0.079145 0.892152  0.407654 0.575260 1 38 1.000000
v_ic_base
0  -10.679460 -28.113962 -5.202226  0.966652 0.106278 0.233000  0.416512 0.575260 1 38 1.000000
0  -10.507565 -30.744400 -4.718611  0.974299 0.098673 0.202496  0.324101 0.586929 1 38 1.000000
0  -10.583776 -29.133951 -5.159531  0.975693 0.099755 0.195119  0.379912 0.575260 1 38 1.000000
v_ic_base
0  -10.507565 -30.744400 -4.718611  0.974299 0.098673 0.202496  0.324101 0.586929 1 38 1.000000
0  -10.679460 -28.113962 -5.202226  0.966652 0.106278 0.233000  0.416512 0.575260 1 38 1.000000
0  -10.753906 -27.374603 -5.231280  0.968913 0.105281 0.223882  0.444254 0.575260 1 38 1.000000
v_ic_base
0  -10.507565 -30.744400 -4.718611  0.974299 0.098673 0.202496  0.324101 0.586929 1 38 1.000000
0  -10.753906 -27.374603 -5.231280  0.968913 0.105281 0.223882  0.444254 0.575260 1 38 1.000000
0  -11.066740 -24.882479 -5.041181  0.972710 0.106375 0.206202  0.537815 0.586929 1 38 1.000000
v_ic_base
0  -10.753906 -27.374603 -5.231280  0.968913 0.105281 0.223882  0.444254 0.575260 1 38 1.000000
0  -10.852281 -26.401937 -5.269403  0.972855 0.106446 0.205480  0.480855 0.575260 1 38 1.000000
0  -11.066740 -24.882479 -5.041181  0.972710 0.106375 0.206202  0.537815 0.586929 1 38 1.000000
v_ic_base
0  -10.876090 -26.166525 -5.278628  0.971620 0.106544 0.211194  0.489713 0.575260 1 38 1.000000
0  -11.066740 -24.882479 -5.041181  0.972710 0.106375 0.206202  0.537815 0.586929 1 38 1.000000
0  -10.852281 -26.401937 -5.269403  0.972855 0.106446 0.205480  0.480855 0.575260 1 38 1.000000
v_ic_base
0  -10.876090 -26.166525 -5.278628  0.971620 0.106544 0.211194  0.489713 0.575260 1 38 1.000000
0  -10.950656 -25.429272 -5.307525  0.971629 0.106545 0.211154  0.517455 0.575260 1 38 1.000000
0  -11.066740 -24.882479 -5.041181  0.972710 0.106375 0.206202  0.537815 0.586929 1 38 1.000000
v_ic_base
0  -10.742069 -27.025208 -5.445055  0.967744 0.106817 0.228171  0.457542 0.568985 1 38 1.000000
0  -10.852281 -26.401937 -5.269403  0.967743 0.106822 0.228173  0.480855 0.575260 1 38 1.000000
0  -10.777716 -27.139189 -5.240506  0.967744 0.106818 0.228171  0.453113 0.575260 1 38 1.000000
v_ic_base
0  -11.147407 -23.483940 -5.383772  0.971628 0.106547 0.211157  0.590655 0.575260 1 38 1.000000
0  -11.037193 -24.107210 -5.559426  0.967745 0.106821 0.228166  0.567342 0.568985 1 38 1.000000
0  -11.087951 -23.605366 -5.579095  0.967744 0.106820 0.228167  0.586226 0.568985 1 38 1.000000
v_ic_base
0  -10.757178 -26.409378 -5.669279  0.967752 0.106817 0.228137  0.480855 0.562710 1 38 1.000000
0  -10.855554 -25.436712 -5.707402  0.967744 0.106820 0.228171  0.517455 0.562710 1 38 1.000000
0  -10.780988 -26.173967 -5.678505  0.990533 0.050499 -0.127650  0.489713 0.562710 1 38 1.000000
v_ic_base
0  -10.757178 -26.409378 -5.669279  0.967752 0.106817 0.228137  0.480855 0.562710 1 38 1.000000
0  -10.841428 -24.901411 -6.017921  0.968015 0.106697 0.227074  0.537800 0.548422 1 38 1.000000
0  -10.855554 -25.436712 -5.707402  0.967744 0.106820 0.228171  0.517455 0.562710 1 38 1.000000
v_ic_base
0  -10.841428 -24.901411 -6.017921  0.968015 0.106697 0.227074  0.537800 0.548422 1 38 1.000000
0  -10.757178 -26.409378 -5.669279  0.967752 0.106817 0.228137  0.480855 0.562710 1 38 1.000000
0  -10.682612 -27.146633 -5.640383  0.967740 0.106825 0.228185  0.453113 0.562710 1 38 1.000000
v_ic_base
0  -10.841428 -24.901411 -6.017921  0.968015 0.106697 0.227074  0.537800 0.548422 1 38 1.000000
0  -10.682612 -27.146633 -5.640383  0.967740 0.106825 0.228185  0.453113 0.562710 1 38 1.000000
0  -10.658802 -27.382044 -5.631155  0.968419 0.106352 0.225508  0.444254 0.562710 1 38 1.000000
v_ic_base
0  -10.584352 -28.121574 -5.602149  0.974397 0.103544 0.199573  0.416512 0.562710 1 38 1.000000
0  -10.841428 -24.901411 -6.017921  0.968015 0.106697 0.227074  0.537800 0.548422 1 38 1.000000
0  -10.658802 -27.382044 -5.631155  0.968419 0.106352 0.225508  0.444254 0.562710 1 38 1.000000
v_ic_base
0  -10.937639 -27.527840 -5.439816  -0.992015 -0.096860 0.080772  0.439814 0.568985 1 38 1.000000
0  -10.848849 -28.137606 -5.212004  -0.994664 -0.098343 -0.031189  0.416501 0.575260 1 38 1.000000
0  -10.923266 -27.398157 -5.241063  -0.994980 -0.100035 0.002853  0.444243 0.575260 1 38 1.000000
v_ic_base
0  -10.694449 -27.496029 -5.426604  0.967806 0.106555 0.228028  0.439825 0.568985 1 38 1.000000
0  -10.584352 -28.121574 -5.602149  0.974397 0.103544 0.199573  0.416512 0.562710 1 38 1.000000
0  -10.658802 -27.382044 -5.631155  0.968419 0.106352 0.225508  0.444254 0.562710 1 38 1.000000
v_ic_base
0  -10.753906 -27.374603 -5.231280  -0.970143 -0.242536 0.000000  0.444254 0.575260 1 38 1.000000
0  -10.777716 -27.139189 -5.240506  -0.970143 -0.242536 0.000000  0.453113 0.575260 1 38 1.000000
0  -10.852281 -26.401937 -5.269403  -0.970143 -0.242536 0.000000  0.480855 0.575260 1 38 1.000000
v_ic_base
0  -10.780988 -26.173967 -5.678505  0.990533 0.050499 -0.127650  0.489713 0.562710 1 38 1.000000
0  -10.891200 -25.550699 -5.502850  0.967744 0.106819 0.228169  0.513026 0.568985 1 38 1.000000
0  -10.840444 -26.052542 -5.483181  0.967744 0.106821 0.228169  0.494142 0.568985 1 38 1.000000
v_ic_base
0  -10.840444 -26.052542 -5.483181  0.967744 0.106821 0.228169  0.494142 0.568985 1 38 1.000000
0  -10.950656 -25.429272 -5.307525  0.971629 0.106545 0.211154  0.517455 0.575260 1 38 1.000000
0  -10.876090 -26.166525 -5.278628  0.971620 0.106544 0.211194  0.489713 0.575260 1 38 1.000000
v_ic_base
0  -13.759045 -24.243906 -9.860751  -0.979729 -0.092724 -0.177576  0.625020 0.278015 1 38 1.000000
0  -13.958419 -19.500687 -11.894424  -0.987204 -0.109724 -0.115710  0.759437 0.205982 1 38 1.000000
0  -13.700320 -24.253412 -10.229879  -0.983573 -0.099636 -0.150523  0.625020 0.264571 1 38 1.000000
v_ic_base
0  -10.340004 -12.516199 -6.991344  0.651534 0.748602 -0.122877  0.833261 0.496479 1 38 1.000000
0  -10.221157 -12.677052 -7.341138  0.624899 0.767903 -0.140804  0.829584 0.469745 1 38 1.000000
0  -10.416509 -12.469670 -7.169219  0.680169 0.725830 -0.102673  0.844218 0.486564 1 38 1.000000
v_ic_base
0  -15.028830 -19.468138 -3.739246  0.928162 0.099773 0.358552  0.621133 0.932029 1 38 1.000000
0  -15.558535 -14.523642 -3.743918  0.930303 0.186131 0.316057  0.627216 0.782922 1 38 1.000000
0  -15.122334 -19.304937 -3.539866  0.929797 0.099944 0.354243  0.627286 0.935849 1 38 1.000000
v_ic_base
0  -15.028830 -19.468138 -3.739246  0.928162 0.099773 0.358552  0.621133 0.932029 1 38 1.000000
0  -15.434346 -14.831942 -3.926147  0.921749 0.159878 0.353296  0.621189 0.786891 1 38 1.000000
0  -15.558535 -14.523642 -3.743918  0.930303 0.186131 0.316057  0.627216 0.782922 1 38 1.000000
v_ic_base
0  -9.071066 -18.875746 -9.893511  0.992214 0.097080 -0.078013  0.294112 0.110334 1 38 1.000000
0  -9.425041 -15.276040 -9.916141  0.992247 0.097085 -0.077586  0.424161 0.118297 1 38 1.000000
0  -9.061384 -18.874704 -9.769092  0.992214 0.097080 -0.078023  0.294112 0.118297 1 38 1.000000
v_ic_base
0  -9.071066 -18.875746 -9.893511  0.992214 0.097080 -0.078013  0.294112 0.110334 1 38 1.000000
0  -9.413900 -15.482591 -10.032163  0.992250 0.097085 -0.077557  0.419101 0.110334 1 38 1.000000
0  -9.425041 -15.276040 -9.916141  0.992247 0.097085 -0.077586  0.424161 0.118297 1 38 1.000000
v_ic_base
0  -9.061830 -18.863237 -9.436705  0.992732 0.097648 -0.070345  0.445680 0.109319 1 38 1.000000
0  -9.521461 -14.221642 -9.480079  0.992731 0.097646 -0.070362  0.607515 0.119144 1 38 1.000000
0  -9.052579 -18.857628 -9.298371  0.992732 0.097648 -0.070345  0.445680 0.119144 1 38 1.000000
v_ic_base
0  -9.061830 -18.863237 -9.436705  0.992732 0.097648 -0.070345  0.445680 0.109319 1 38 1.000000
0  -9.517861 -14.354321 -9.613431  0.992731 0.097646 -0.070363  0.600271 0.109319 1 38 1.000000
0  -9.521461 -14.221642 -9.480079  0.992731 0.097646 -0.070362  0.607515 0.119144 1 38 1.000000
v_ic_base
0  -10.791222 -18.406670 -13.845071  0.067196 -0.152704 -0.985985  0.603067 0.064695 1 38 1.000000
0  -11.398038 -16.717283 -14.148069  0.094369 -0.144504 -0.984994  0.533373 0.044053 1 38 1.000000
0  -11.363523 -15.040343 -14.379548  0.140213 -0.130053 -0.981543  0.475197 0.053138 1 38 1.000000
v_ic_base
0  -11.363523 -15.040343 -14.379548  0.140213 -0.130053 -0.981543  0.475197 0.053138 1 38 1.000000
0  -11.398038 -16.717283 -14.148069  0.094369 -0.144504 -0.984994  0.533373 0.044053 1 38 1.000000
0  -11.472979 -16.068203 -14.261689  0.187003 -0.135082 -0.973028  0.503372 0.043438 1 38 1.000000
v_ic_base
0  -11.363523 -15.040343 -14.379548  0.140213 -0.130053 -0.981543  0.475197 0.053138 1 38 1.000000
0  -11.472979 -16.068203 -14.261689  0.187003 -0.135082 -0.973028  0.503372 0.043438 1 38 1.000000
0  -11.498700 -15.164293 -14.381983  0.104560 -0.128272 -0.986212  0.480112 0.046297 1 38 1.000000
v_ic_base
0  -11.904319 -15.208837 -14.400484  0.007195 -0.145785 -0.989290  0.480112 0.027303 1 38 1.000000
0  -11.756527 -16.099340 -14.274623  -0.188982 -0.168106 -0.967484  0.503372 0.030161 1 38 1.000000
0  -11.707820 -16.751303 -14.162199  0.028156 -0.151056 -0.988124  0.533373 0.029546 1 38 1.000000
v_ic_base
0  -11.904319 -15.208837 -14.400484  0.007195 -0.145785 -0.989290  0.480112 0.027303 1 38 1.000000
0  -11.707820 -16.751303 -14.162199  0.028156 -0.151056 -0.988124  0.533373 0.029546 1 38 1.000000
0  -12.061323 -15.116974 -14.411376  -0.015653 -0.154009 -0.987945  0.475197 0.020462 1 38 1.000000
v_ic_base
0  -11.982596 -18.537502 -13.899412  0.056407 -0.153810 -0.986489  0.603067 0.008905 1 38 1.000000
0  -12.061323 -15.116974 -14.411376  -0.015653 -0.154009 -0.987945  0.475197 0.020462 1 38 1.000000
0  -11.707820 -16.751303 -14.162199  0.028156 -0.151056 -0.988124  0.533373 0.029546 1 38 1.000000
v_ic_base
0  -11.474418 -11.399919 -14.681187  0.070485 -0.089207 -0.993516  0.347018 0.064695 1 38 1.000000
0  -10.791222 -18.406670 -13.845071  0.255868 -0.089909 -0.962522  0.603067 0.064695 1 38 1.000000
0  -11.513979 -13.528483 -14.492871  0.183864 -0.090013 -0.978821  0.406237 0.053138 1 38 1.000000
v_ic_base
0  -12.665792 -11.530751 -14.735528  0.040257 -0.092309 -0.994916  0.347018 0.008905 1 38 1.000000
0  -12.211782 -13.605114 -14.524698  -0.071772 -0.116391 -0.990607  0.406237 0.020462 1 38 1.000000
0  -11.982596 -18.537502 -13.899412  -0.143017 -0.131010 -0.981011  0.603067 0.008905 1 38 1.000000
v_ic_base
0  -10.136407 -35.955585 -3.257047  0.036031 0.115033 -0.992708  0.126244 0.615588 1 38 1.000000
0  -10.428405 -36.342560 -3.312487  0.035925 0.115113 -0.992703  0.110423 0.613907 1 38 1.000000
0  -10.619438 -35.997826 -3.278581  0.034063 0.116504 -0.992606  0.124069 0.615395 1 38 1.000000
v_ic_ammo
0  -11.917157 -20.324823 -11.557318  -0.238162 0.389913 0.889520  0.454380 0.075409 1 42 1.000000
0  -11.088407 -19.930395 -11.939833  0.566580 0.482790 0.667758  0.497289 0.185310 1 42 1.000000
0  -11.947685 -19.986164 -11.733714  -0.242667 0.430833 0.869193  0.497289 0.081969 1 42 1.000000
v_ic_base
0  -10.066157 -19.313002 -6.575863  0.509552 0.048120 0.859093  0.730248 0.437285 1 38 1.000000
0  -10.981454 -19.929525 -6.194880  0.160767 0.013019 0.986907  0.714190 0.471539 1 38 1.000000
0  -9.883249 -19.831221 -6.648618  0.517416 0.066766 0.853125  0.714189 0.429335 1 38 1.000000
v_ic_base
0  -11.466625 -16.619122 -14.425364  0.569608 -0.017636 -0.821727  0.071902 0.924604 1 40 1.000000
0  -11.509713 -16.176273 -14.463264  0.550964 -0.017796 -0.834339  0.086954 0.923980 1 40 1.000000
0  -11.464389 -16.075077 -14.435492  0.554893 -0.017763 -0.831732  0.090138 0.924796 1 38 1.000000
v_ic_base
0  -11.465527 -16.429691 -14.879432  0.994031 0.099378 0.045014  0.078922 0.912093 1 40 1.000000
0  -11.509713 -16.176273 -14.463264  0.993983 0.100035 0.044620  0.086954 0.923980 1 40 1.000000
0  -11.466625 -16.619122 -14.425364  0.993949 0.100501 0.044333  0.071902 0.924604 1 40 1.000000
v_ic_base
0  -11.465527 -16.429691 -14.879432  0.994031 0.099378 0.045014  0.078922 0.912093 1 40 1.000000
0  -11.462111 -16.228029 -15.395464  0.994042 0.098977 0.045651  0.086430 0.897858 1 40 1.000000
0  -11.509713 -16.176273 -14.463264  0.993983 0.100035 0.044620  0.086954 0.923980 1 40 1.000000
v_ic_base
0  -11.465527 -16.429691 -14.879432  0.994031 0.099378 0.045014  0.078922 0.912093 1 40 1.000000
0  -11.439253 -16.451996 -15.408161  0.994041 0.098855 0.045940  0.078858 0.897258 1 40 1.000000
0  -11.462111 -16.228029 -15.395464  0.994042 0.098977 0.045651  0.086430 0.897858 1 40 1.000000
v_ic_base
0  -11.598233 -16.377882 -15.875977  -0.993405 -0.105437 -0.045053  0.082607 0.884473 1 40 1.000000
0  -11.608787 -16.470613 -15.415894  -0.993419 -0.105573 -0.044414  0.078856 0.897258 1 40 1.000000
0  -11.633161 -16.246815 -15.403267  -0.993403 -0.105666 -0.044557  0.086413 0.897858 1 40 1.000000
v_ic_base
0  -11.427181 -16.359098 -15.868175  0.994056 0.099130 0.045011  0.082609 0.884473 1 40 1.000000
0  -11.411901 -16.578066 -15.725192  0.994025 0.099099 0.045745  0.075006 0.888239 1 40 1.000000
0  -11.400360 -16.588001 -15.957087  0.994072 0.099189 0.044514  0.074975 0.881732 1 40 1.000000
v_ic_base
0  -11.567730 -16.480143 -16.299490  -0.993341 -0.105879 -0.045420  0.079699 0.872496 1 40 1.000000
0  -11.598233 -16.377882 -15.875977  -0.993405 -0.105437 -0.045053  0.082607 0.884473 1 40 1.000000
0  -11.588989 -16.283413 -16.294140  -0.993319 -0.106108 -0.045364  0.086348 0.872863 1 40 1.000000
v_ic_base
0  -11.567365 -16.306065 -16.719551  -0.993428 -0.105610 -0.044136  0.086142 0.860922 1 40 1.000000
0  -11.567730 -16.480143 -16.299490  -0.993341 -0.105879 -0.045420  0.079699 0.872496 1 40 1.000000
0  -11.588989 -16.283413 -16.294140  -0.993319 -0.106108 -0.045364  0.086348 0.872863 1 40 1.000000
v_ic_base
0  -12.166930 -29.691576 -12.483577  0.207458 -0.955659 0.208991  0.003827 0.078522 1 39 1.000000
0  -13.166264 -29.802301 -11.791555  0.301548 -0.937321 0.174636  0.008733 0.056934 1 39 1.000000
0  -12.234823 -29.771927 -12.784787  0.186860 -0.959104 0.212610  0.008733 0.078522 1 39 1.000000
v_ic_base
0  -10.375103 -31.514444 -5.009422  0.975008 0.095672 0.200515  0.297854 0.575260 1 38 1.000000
0  -10.263562 -32.185051 -5.202157  0.968893 0.097434 0.227494  0.274541 0.568985 1 38 1.000000
0  -10.314081 -31.643627 -5.217991  0.969720 0.097036 0.224112  0.293425 0.568985 1 38 1.000000
v_ic_base
0  -20.996401 -21.577850 -2.637239  -0.176216 -0.053188 -0.982913  0.893185 0.656492 1 41 1.000000
0  -16.830341 -21.444462 -3.391339  -0.176217 -0.053185 -0.982913  0.766227 0.650416 1 41 1.000000
0  -20.980677 -21.778952 -2.629176  -0.176216 -0.053188 -0.982913  0.895737 0.650416 1 41 1.000000
v_ic_base
0  -10.068810 -36.366142 -3.301391  0.028665 -0.994536 0.100384  0.108064 0.613589 1 38 1.000000
0  -10.407150 -36.333317 -3.231881  -0.069844 -0.989411 0.127230  0.110625 0.616185 1 38 1.000000
0  -10.428405 -36.342560 -3.312487  -0.068913 -0.988917 0.131507  0.110423 0.613907 1 38 1.000000
v_ic_base
0  -11.466625 -16.619122 -14.425364  0.569608 -0.017636 -0.821727  0.071902 0.924604 1 40 1.000000
0  -11.464389 -16.075077 -14.435492  0.554893 -0.017763 -0.831732  0.090138 0.924796 1 38 1.000000
0  -11.403069 -16.708063 -14.379293  0.570528 -0.017628 -0.821089  0.068624 0.925719 1 38 1.000000
v_ic_base
0  -10.873015 -17.624701 -18.613619  0.995760 0.091989 -0.000909  0.049952 0.805766 1 38 1.000000
0  -10.896538 -17.691187 -19.049320  0.990648 0.093972 -0.098924  0.048456 0.793557 1 38 1.000000
0  -10.874307 -17.546757 -18.762003  0.996721 0.008179 -0.080505  0.052788 0.801695 1 38 1.000000
v_ic_base
0  -12.741087 -35.720158 -9.967755  -0.169065 0.008153 0.985571  0.290463 0.264571 1 38 1.000000
0  -13.445682 -24.311184 -10.182998  -0.179295 0.007487 0.983767  0.619268 0.267403 1 38 1.000000
0  -13.700320 -24.253412 -10.229879  -0.179425 0.007479 0.983743  0.625020 0.264571 1 38 1.000000
v_ic_base
0  -23.534935 -20.252991 -3.450597  -0.020849 -0.979506 0.200333  0.868586 0.600496 1 41 1.000000
0  -22.138924 -20.334341 -3.703063  -0.020841 -0.979497 0.200378  0.879147 0.619985 1 41 1.000000
0  -22.850311 -20.178936 -3.019593  -0.020694 -0.979343 0.201144  0.868586 0.618883 1 41 1.000000
v_ic_base
0  -15.659371 -12.901527 -11.385253  0.978577 0.068720 -0.194072  0.590440 0.620927 1 41 1.000000
0  -14.770496 -13.384804 -7.074380  0.978577 0.068729 -0.194071  0.458999 0.603103 1 41 1.000000
0  -15.602942 -13.623292 -11.356312  0.978577 0.068719 -0.194072  0.590440 0.603103 1 41 1.000000
v_ic_base
0  -25.184984 -13.502879 -5.331695  0.551345 0.009657 -0.834222  0.987181 0.740767 1 41 1.000000
0  -21.680628 -13.308768 -3.013376  0.551347 0.009645 -0.834220  0.893169 0.656492 1 41 1.000000
0  -25.169262 -13.703979 -5.323633  0.551344 0.009658 -0.834222  0.981020 0.743277 1 41 1.000000
v_ic_base
0  -22.587366 -19.927105 -3.613508  0.798424 0.093939 0.594722  0.861649 0.623109 1 41 1.000000
0  -23.060196 -19.383411 -3.064607  0.798433 0.093960 0.594707  0.848285 0.615781 1 41 1.000000
0  -23.012918 -19.938604 -3.040304  0.798456 0.094022 0.594666  0.862284 0.615781 1 41 1.000000
v_ic_base
0  -21.639921 -13.829430 -2.992499  -0.544747 0.001047 0.838600  0.168437 0.777593 1 41 1.000000
0  -25.128555 -14.224643 -5.302755  -0.560636 0.000449 0.828062  0.086918 0.777593 1 41 1.000000
0  -24.369404 -14.655188 -4.788583  -0.558280 0.006136 0.829630  0.102808 0.767505 1 41 1.000000
v_ic_base
0  -10.753784 -29.157764 -5.169271  -0.995653 -0.092126 -0.013726  0.379901 0.575260 1 38 1.000000
0  -10.840154 -28.513105 -5.400852  -0.992871 -0.088035 0.080362  0.403214 0.568985 1 38 1.000000
0  -10.791392 -29.042755 -5.378942  -0.992899 -0.088096 0.079942  0.384330 0.568985 1 38 1.000000
v_ic_base
0  -24.525743 -21.452400 -4.968370  -0.559064 -0.017289 0.828944  0.087281 0.630839 1 41 1.000000
0  -21.788744 -20.624617 -3.137994  -0.545598 -0.018821 0.837836  0.152735 0.641471 1 41 1.000000
0  -23.887878 -20.861887 -4.525618  -0.555815 -0.022652 0.830998  0.102808 0.641471 1 41 1.000000
v_ic_base
0  -24.525743 -21.452400 -4.968370  -0.559064 -0.017289 0.828944  0.087281 0.630839 1 41 1.000000
0  -21.037107 -21.057188 -2.658115  -0.543795 -0.014062 0.839100  0.168437 0.630839 1 41 1.000000
0  -21.788744 -20.624617 -3.137994  -0.545598 -0.018821 0.837836  0.152735 0.641471 1 41 1.000000
v_ic_base
0  -10.656005 -28.355616 -5.192503  0.968124 0.099573 0.229827  0.407654 0.575260 1 38 1.000000
0  -10.547481 -29.011002 -5.365709  0.968490 0.099545 0.228292  0.384341 0.568985 1 38 1.000000
0  -10.596752 -28.481323 -5.387633  0.968477 0.099525 0.228357  0.403225 0.568985 1 38 1.000000
v_ic_base
0  -13.868107 -24.237947 -9.968019  -0.083397 0.021449 0.996285  0.273211 0.030178 1 39 1.000000
0  -12.881796 -30.183796 -9.757447  -0.079455 0.022114 0.996593  0.395949 0.025924 1 39 1.000000
0  -13.442198 -24.027832 -9.936812  -0.083563 0.021421 0.996272  0.271423 0.025925 1 39 1.000000
v_ic_base
0  -7.253901 -29.096790 -11.790978  0.501442 -0.842111 -0.198506  0.016109 0.166786 1 39 1.000000
0  -7.396939 -29.170406 -8.685533  0.587318 -0.809318 0.007866  0.008733 0.211847 1 39 1.000000
0  -7.514031 -29.296165 -11.544219  0.547894 -0.831245 -0.094040  0.008733 0.166786 1 39 1.000000
v_ic_base
0  -9.608413 -10.683604 -12.089977  0.662689 -0.725531 -0.185600  0.053940 0.362822 1 38 1.000000
0  -9.588016 -10.734328 -8.988219  0.850579 -0.506146 0.142589  0.118614 0.368571 1 38 1.000000
0  -9.808665 -10.890682 -11.984032  0.666927 -0.724296 -0.174937  0.056215 0.368571 1 38 1.000000
v_ic_base
0  -22.227457 -19.229420 -3.751780  -0.542713 -0.006453 0.839893  0.142422 0.670726 1 41 1.000000
0  -22.138924 -20.334341 -3.703063  -0.546419 -0.016096 0.837357  0.142422 0.648359 1 41 1.000000
0  -21.822575 -20.513849 -3.500027  -0.545036 -0.012334 0.838322  0.149841 0.644027 1 41 1.000000
v_ic_base
0  -22.227457 -19.229420 -3.751780  -0.542713 -0.006453 0.839893  0.142422 0.670726 1 41 1.000000
0  -21.822575 -20.513849 -3.500027  -0.545036 -0.012334 0.838322  0.149841 0.644027 1 41 1.000000
0  -22.315990 -18.124500 -3.800497  -0.542633 -0.006432 0.839945  0.142422 0.693169 1 41 1.000000
v_ic_base
0  -22.315990 -18.124500 -3.800497  -0.542633 -0.006432 0.839945  0.142422 0.693169 1 41 1.000000
0  -21.822575 -20.513849 -3.500027  -0.545036 -0.012334 0.838322  0.149841 0.644027 1 41 1.000000
0  -22.305275 -14.563458 -3.766310  -0.545713 -0.000980 0.837972  0.149841 0.764904 1 41 1.000000
v_ic_base
0  -22.315990 -18.124500 -3.800497  -0.542633 -0.006432 0.839945  0.142422 0.693169 1 41 1.000000
0  -22.305275 -14.563458 -3.766310  -0.545713 -0.000980 0.837972  0.149841 0.764904 1 41 1.000000
0  -22.404522 -17.019581 -3.849214  -0.542522 -0.006432 0.840017  0.142422 0.715612 1 41 1.000000
v_ic_base
0  -22.493057 -15.914660 -3.897930  -0.542499 -0.006433 0.840032  0.142422 0.738054 1 41 1.000000
0  -22.404522 -17.019581 -3.849214  -0.542522 -0.006432 0.840017  0.142422 0.715612 1 41 1.000000
0  -22.305275 -14.563458 -3.766310  -0.545713 -0.000980 0.837972  0.149841 0.764904 1 41 1.000000
v_ic_base
0  -22.493057 -15.914660 -3.897930  -0.542499 -0.006433 0.840032  0.142422 0.738054 1 41 1.000000
0  -22.305275 -14.563458 -3.766310  -0.545713 -0.000980 0.837972  0.149841 0.764904 1 41 1.000000
0  -22.581591 -14.809742 -3.946646  -0.547391 0.001350 0.836876  0.142422 0.760573 1 41 1.000000
v_ic_base
0  -23.718758 -14.938457 -4.697001  -0.556611 0.003907 0.830764  0.113116 0.760573 1 41 1.000000
0  -22.581591 -14.809742 -3.946646  -0.547391 0.001350 0.836876  0.142422 0.760573 1 41 1.000000
0  -22.305275 -14.563458 -3.766310  -0.545713 -0.000980 0.837972  0.149841 0.764904 1 41 1.000000
v_ic_base
0  -23.718758 -14.938457 -4.697001  -0.556611 0.003907 0.830764  0.113116 0.760573 1 41 1.000000
0  -22.305275 -14.563458 -3.766310  -0.545713 -0.000980 0.837972  0.149841 0.764904 1 41 1.000000
0  -24.030310 -14.758799 -4.906640  -0.558546 -0.000685 0.829473  0.105700 0.764904 1 41 1.000000
v_ic_base
0  -21.037107 -21.057188 -2.658115  -0.543795 -0.014062 0.839100  0.168437 0.630839 1 41 1.000000
0  -22.314081 -14.422870 -3.429922  -0.547125 0.004560 0.837038  0.152735 0.767505 1 41 1.000000
0  -21.788744 -20.624617 -3.137994  -0.545598 -0.018821 0.837836  0.152735 0.641471 1 41 1.000000
v_ic_base
0  -14.505946 -20.644865 -6.808395  0.978439 0.070474 -0.194141  0.331063 0.630839 1 41 1.000000
0  -15.289289 -20.869289 -10.837752  0.978222 0.072352 -0.194542  0.412958 0.630839 1 41 1.000000
0  -14.567627 -19.940094 -6.863434  0.978153 0.070884 -0.195430  0.331543 0.644193 1 41 1.000000
v_ic_base
0  -15.092928 -13.414906 -7.134348  0.975841 0.091733 -0.198290  0.331635 0.777593 1 41 1.000000
0  -15.034563 -13.967826 -7.102904  0.976711 0.078979 -0.199496  0.331521 0.765458 1 41 1.000000
0  -15.892101 -13.641531 -11.172136  0.977523 0.071868 -0.198201  0.413325 0.777593 1 41 1.000000
v_ic_base
0  -9.831654 -23.839481 -13.358703  0.861107 0.040922 -0.506774  0.625904 0.108168 1 38 1.000000
0  -9.619085 -19.064669 -12.611938  0.927365 0.017170 -0.373763  0.759636 0.126793 1 38 1.000000
0  -9.212607 -23.852066 -12.424600  0.832865 0.049142 -0.551291  0.625983 0.123554 1 38 1.000000
v_ic_base
0  -16.886772 -20.722698 -3.420279  0.520847 0.059985 0.851540  0.249834 0.630839 1 41 1.000000
0  -17.226562 -14.077720 -3.887918  0.689423 0.144204 0.709860  0.254883 0.765458 1 41 1.000000
0  -17.489584 -13.494939 -3.754663  0.493288 0.134858 0.859349  0.249834 0.777593 1 41 1.000000
v_ic_base
0  -10.985534 -15.161035 -5.897435  0.761151 0.102087 0.640490  0.299732 0.657251 1 38 1.000000
0  -11.116147 -16.252878 -5.568188  0.761152 0.102087 0.640489  0.317432 0.752560 1 38 1.000000
0  -10.874019 -16.236883 -5.858481  0.761152 0.102088 0.640489  0.299732 0.752560 1 38 1.000000
v_ic_base
0  -21.639921 -13.829430 -2.992499  -0.544747 0.001047 0.838600  0.168437 0.777593 1 41 1.000000
0  -24.369404 -14.655188 -4.788583  -0.558280 0.006136 0.829630  0.102808 0.767505 1 41 1.000000
0  -22.314081 -14.422870 -3.429922  -0.547125 0.004560 0.837038  0.152735 0.767505 1 41 1.000000
v_ic_base
0  -22.138924 -20.334341 -3.703063  -0.546419 -0.016096 0.837357  0.142422 0.648359 1 41 1.000000
0  -23.276091 -20.463057 -4.453415  -0.554317 -0.020469 0.832054  0.113116 0.648359 1 41 1.000000
0  -23.547609 -20.709187 -4.640356  -0.557169 -0.015589 0.830253  0.105700 0.644027 1 41 1.000000
v_ic_base
0  -22.138924 -20.334341 -3.703063  -0.546419 -0.016096 0.837357  0.142422 0.648359 1 41 1.000000
0  -23.547609 -20.709187 -4.640356  -0.557169 -0.015589 0.830253  0.105700 0.644027 1 41 1.000000
0  -21.822575 -20.513849 -3.500027  -0.545036 -0.012334 0.838322  0.149841 0.644027 1 41 1.000000
v_ic_base
0  -16.886772 -20.722698 -3.420279  0.520847 0.059985 0.851540  0.249834 0.630839 1 41 1.000000
0  -16.759630 -20.049992 -3.648449  0.775451 0.069369 0.627586  0.254883 0.644192 1 41 1.000000
0  -17.226562 -14.077720 -3.887918  0.689423 0.144204 0.709860  0.254883 0.765458 1 41 1.000000
v_ic_base
0  -9.444731 -18.989363 -7.250808  -0.593843 -0.098858 0.798485  0.832086 0.042337 1 38 1.000000
0  -9.324212 -19.792345 -7.260590  -0.593843 -0.098858 0.798485  0.767310 0.042248 1 38 1.000000
0  -9.227853 -19.670965 -7.173899  -0.593843 -0.098858 0.798485  0.775833 0.032258 1 38 1.000000
v_ic_ammo
0  -10.961246 -21.293097 -11.593661  -0.555646 -0.514408 -0.653179  0.123176 0.195457 1 42 1.000000
0  -12.004676 -20.151819 -11.894775  0.256564 -0.324845 -0.910302  0.004878 0.075409 1 42 1.000000
0  -11.316316 -20.106344 -12.060101  -0.565038 -0.442240 -0.696531  0.004878 0.195457 1 42 1.000000
v_ic_base
0  -10.054562 -35.948597 -3.253389  0.992714 0.100504 0.066460  0.126277 0.615588 1 38 1.000000
0  -9.974457 -36.402805 -3.763052  0.992714 0.100506 0.066459  0.106676 0.600211 1 38 1.000000
0  -10.027377 -35.922394 -3.689265  0.992777 0.098937 0.067866  0.127827 0.603139 1 38 1.000000
v_ic_base
0  -9.095726 -19.784914 -7.520566  0.866667 0.068337 -0.494184  0.767010 0.003707 1 38 1.000000
0  -9.177770 -18.973930 -7.552306  0.866667 0.068337 -0.494184  0.832238 0.003708 1 38 1.000000
0  -9.034623 -19.660883 -7.396256  0.866667 0.068337 -0.494184  0.775811 0.012895 1 38 1.000000
v_ic_base
0  -23.257019 -16.845150 -3.182384  0.803742 0.093024 0.587661  0.784291 0.615781 1 41 1.000000
0  -22.891966 -16.226210 -3.779639  0.803742 0.093024 0.587661  0.770042 0.623109 1 41 1.000000
0  -23.307686 -16.243692 -3.208295  0.803741 0.093021 0.587662  0.769121 0.615781 1 41 1.000000
v_ic_base
0  -10.718168 -35.964588 -5.246959  -0.188053 0.919014 0.346482  0.175914 0.378778 1 38 1.000000
0  -11.798165 -35.965591 -6.106202  -0.327148 0.905517 0.270208  0.162787 0.370180 1 38 1.000000
0  -11.963409 -36.086662 -5.900532  -0.327662 0.905464 0.269765  0.162249 0.378778 1 38 1.000000
v_ic_base
0  -22.314081 -14.422870 -3.429922  -0.146591 -0.914005 0.378293  0.152735 0.767505 1 41 1.000000
0  -24.030310 -14.758799 -4.906640  -0.147184 -0.913660 0.378896  0.105700 0.764904 1 41 1.000000
0  -22.305275 -14.563458 -3.766310  -0.146493 -0.914062 0.378193  0.149841 0.764904 1 41 1.000000
v_ic_base
0  -13.037126 -29.719799 -11.573592  0.985562 0.097446 0.138461  0.407334 0.025805 1 39 1.000000
0  -13.901505 -24.434631 -9.140559  0.985602 0.097648 0.138037  0.473713 0.046961 1 39 1.000000
0  -13.412548 -29.647760 -8.957849  0.985533 0.097301 0.138768  0.407334 0.046961 1 39 1.000000
v_ic_base
0  -10.300654 -31.264433 -5.436277  0.971415 0.094627 0.217713  0.306712 0.562710 1 38 1.000000
0  -10.410464 -30.578741 -5.248664  0.971610 0.100023 0.214403  0.330025 0.568985 1 38 1.000000
0  -10.361406 -31.129263 -5.225178  0.972068 0.091979 0.215925  0.311141 0.568985 1 38 1.000000
v_ic_base
0  -21.822575 -20.513849 -3.500027  -0.303379 0.902896 0.304531  0.149841 0.644027 1 41 1.000000
0  -23.887878 -20.861887 -4.525618  -0.303060 0.903260 0.303768  0.102808 0.641471 1 41 1.000000
0  -21.788744 -20.624617 -3.137994  -0.303404 0.902868 0.304590  0.152735 0.641471 1 41 1.000000
v_ic_base
0  -22.891966 -16.226210 -3.779639  -0.349175 0.009050 0.937014  0.770042 0.623109 1 41 1.000000
0  -22.583910 -16.799137 -3.659309  -0.346858 0.010473 0.937859  0.784235 0.629126 1 41 1.000000
0  -22.634659 -16.197622 -3.683574  -0.350555 0.008202 0.936506  0.769065 0.629126 1 41 1.000000
v_ic_base
0  -11.956667 -14.528777 -4.762795  0.756213 0.395603 -0.521192  0.630657 0.989445 1 38 1.000000
0  -12.912698 -14.456521 -6.095082  0.796616 0.229571 -0.559196  0.650463 0.951004 1 38 1.000000
0  -11.958887 -14.381730 -4.652157  0.754076 0.402107 -0.519306  0.634859 0.992711 1 38 1.000000
v_ic_base
0  -7.046824 -36.528698 -11.255278  0.720542 -0.673373 -0.165496  0.163879 0.534217 1 38 1.000000
0  -7.757350 -36.556313 -12.323721  0.456692 -0.762892 -0.457632  0.192477 0.517309 1 38 1.000000
0  -6.999190 -36.465622 -11.304523  0.679403 -0.695557 -0.233691  0.166730 0.537840 1 38 1.000000
v_ic_base
0  -22.227457 -19.229420 -3.751780  0.744103 0.093047 0.661554  0.845687 0.632766 1 41 1.000000
0  -22.461180 -18.362968 -3.587911  0.718024 0.165849 0.675970  0.823662 0.629126 1 41 1.000000
0  -22.410700 -18.958973 -3.563686  0.741934 0.048272 0.668734  0.838692 0.629126 1 41 1.000000
v_ic_base
0  -22.227457 -19.229420 -3.751780  0.744103 0.093047 0.661554  0.845687 0.632766 1 41 1.000000
0  -22.315990 -18.124500 -3.800497  0.739796 0.086085 0.667302  0.817829 0.632766 1 41 1.000000
0  -22.461180 -18.362968 -3.587911  0.718024 0.165849 0.675970  0.823662 0.629126 1 41 1.000000
v_ic_base
0  -22.315990 -18.124500 -3.800497  0.739796 0.086085 0.667302  0.817829 0.632766 1 41 1.000000
0  -23.016186 -18.361185 -3.079120  0.678784 0.098387 0.727718  0.822778 0.618883 1 41 1.000000
0  -22.461180 -18.362968 -3.587911  0.718024 0.165849 0.675970  0.823662 0.629126 1 41 1.000000
v_ic_base
0  -23.016186 -18.361185 -3.079120  0.678784 0.098387 0.727718  0.822778 0.618883 1 41 1.000000
0  -22.315990 -18.124500 -3.800497  0.739796 0.086085 0.667302  0.817829 0.632766 1 41 1.000000
0  -22.491371 -17.879999 -3.618381  0.744130 0.055381 0.665735  0.811494 0.629126 1 41 1.000000
v_ic_base
0  -23.016186 -18.361185 -3.079120  0.678784 0.098387 0.727718  0.822778 0.618883 1 41 1.000000
0  -22.491371 -17.879999 -3.618381  0.744130 0.055381 0.665735  0.811494 0.629126 1 41 1.000000
0  -23.046827 -17.950285 -3.106325  0.667717 0.098646 0.737850  0.812466 0.618883 1 41 1.000000
v_ic_base
0  -22.315990 -18.124500 -3.800497  0.739796 0.086085 0.667302  0.817829 0.632766 1 41 1.000000
0  -22.540466 -17.300049 -3.641987  0.719019 0.152767 0.677993  0.796868 0.629126 1 41 1.000000
0  -22.491371 -17.879999 -3.618381  0.744130 0.055381 0.665735  0.811494 0.629126 1 41 1.000000
v_ic_base
0  -22.315990 -18.124500 -3.800497  0.739796 0.086085 0.667302  0.817829 0.632766 1 41 1.000000
0  -22.404522 -17.019581 -3.849214  0.738150 0.082180 0.669612  0.789970 0.632766 1 41 1.000000
0  -22.540466 -17.300049 -3.641987  0.719019 0.152767 0.677993  0.796868 0.629126 1 41 1.000000
v_ic_base
0  -22.404522 -17.019581 -3.849214  0.738150 0.082180 0.669612  0.789970 0.632766 1 41 1.000000
0  -23.100250 -17.308393 -3.133284  0.683693 0.079539 0.725422  0.796278 0.618883 1 41 1.000000
0  -22.540466 -17.300049 -3.641987  0.719019 0.152767 0.677993  0.796868 0.629126 1 41 1.000000
v_ic_base
0  -23.100250 -17.308393 -3.133284  0.683693 0.079539 0.725422  0.796278 0.618883 1 41 1.000000
0  -22.404522 -17.019581 -3.849214  0.738150 0.082180 0.669612  0.789970 0.632766 1 41 1.000000
0  -22.583910 -16.799137 -3.659309  0.743688 0.047814 0.666815  0.784235 0.629126 1 41 1.000000
v_ic_base
0  -23.100250 -17.308393 -3.133284  0.683693 0.079539 0.725422  0.796278 0.618883 1 41 1.000000
0  -22.583910 -16.799137 -3.659309  0.743688 0.047814 0.666815  0.784235 0.629126 1 41 1.000000
0  -23.128717 -16.858904 -3.150217  0.676920 0.070479 0.732675  0.784966 0.618883 1 41 1.000000
v_ic_base
0  -15.073944 -11.091307 -7.989079  -0.911526 -0.076314 0.404099  0.144840 0.362822 1 38 1.000000
0  -14.346690 -10.629751 -6.984078  -0.645837 -0.034823 0.762681  0.165378 0.352720 1 38 1.000000
0  -15.107772 -10.756846 -8.002189  -0.910677 -0.076191 0.406032  0.144840 0.352720 1 38 1.000000
v_ic_base
0  -23.087940 -19.004868 -3.075688  -0.503718 -0.012357 0.863780  0.838747 0.615781 1 41 1.000000
0  -23.138367 -18.408920 -3.101512  -0.507585 0.006311 0.861579  0.823749 0.615781 1 41 1.000000
0  -23.748920 -17.582407 -3.568345  -0.609964 -0.010734 0.792357  0.801175 0.600661 1 41 1.000000
v_ic_base
0  -23.087940 -19.004868 -3.075688  -0.503718 -0.012357 0.863780  0.838747 0.615781 1 41 1.000000
0  -23.748920 -17.582407 -3.568345  -0.609964 -0.010734 0.792357  0.801175 0.600661 1 41 1.000000
0  -23.060196 -19.383411 -3.064607  -0.494401 -0.006570 0.869209  0.848285 0.615781 1 41 1.000000
v_ic_base
0  -23.060196 -19.383411 -3.064607  -0.494401 -0.006570 0.869209  0.848285 0.615781 1 41 1.000000
0  -23.748920 -17.582407 -3.568345  -0.609964 -0.010734 0.792357  0.801175 0.600661 1 41 1.000000
0  -23.534935 -20.252991 -3.450597  -0.589725 -0.073087 0.804290  0.868586 0.600496 1 41 1.000000
v_ic_base
0  -23.534935 -20.252991 -3.450597  -0.968821 -0.087842 -0.231669  0.868586 0.600496 1 41 1.000000
0  -23.748920 -17.582407 -3.568345  -0.968821 -0.087842 -0.231669  0.801175 0.600661 1 41 1.000000
0  -23.276091 -20.463057 -4.453415  -0.968821 -0.087842 -0.231669  0.871410 0.586232 1 41 1.000000
v_ic_base
0  -23.060196 -19.383411 -3.064607  -0.494401 -0.006570 0.869209  0.848285 0.615781 1 41 1.000000
0  -23.534935 -20.252991 -3.450597  -0.589725 -0.073087 0.804290  0.868586 0.600496 1 41 1.000000
0  -23.012918 -19.938604 -3.040304  -0.482754 -0.106215 0.869291  0.862284 0.615781 1 41 1.000000
v_ic_base
0  -25.474802 -13.521191 -5.147955  -0.978613 -0.068941 0.193812  0.327553 0.620927 1 41 1.000000
0  -26.244875 -14.539476 -9.398474  -0.978462 -0.070263 0.194102  0.458999 0.603103 1 41 1.000000
0  -25.418371 -14.242955 -5.119015  -0.978635 -0.068750 0.193770  0.327553 0.603103 1 41 1.000000
v_ic_base
0  -9.902324 -36.454067 -4.066827  -0.008948 -0.185566 0.982591  0.104515 0.590740 1 38 1.000000
0  -10.001415 -35.903397 -3.974970  -0.040201 -0.201108 0.978744  0.128893 0.594970 1 38 1.000000
0  -9.945606 -36.431843 -4.062836  -0.010105 -0.195757 0.980600  0.105644 0.591561 1 38 1.000000
v_ic_base
0  -10.288111 -36.020657 -13.025249  -0.169414 -0.016557 -0.985406  0.282931 0.073668 1 38 1.000000
0  -10.256320 -23.988800 -12.971993  0.259782 0.027091 -0.965287  0.613530 0.099836 1 38 1.000000
0  -8.994237 -35.910175 -12.967421  0.262103 0.027110 -0.964659  0.282931 0.099836 1 38 1.000000
v_ic_base
0  -22.897982 -19.949669 -3.027142  0.056453 0.996070 0.068244  0.862842 0.618883 1 41 1.000000
0  -22.330528 -19.899025 -3.528740  -0.103299 0.994514 -0.016451  0.862399 0.629126 1 41 1.000000
0  -22.587366 -19.927105 -3.613508  -0.088215 0.996066 -0.008400  0.861649 0.623109 1 41 1.000000
v_ic_base
0  -22.897982 -19.949669 -3.027142  0.056453 0.996070 0.068244  0.862842 0.618883 1 41 1.000000
0  -22.587366 -19.927105 -3.613508  -0.088215 0.996066 -0.008400  0.861649 0.623109 1 41 1.000000
0  -23.012918 -19.938604 -3.040304  0.085979 0.992770 0.083759  0.862284 0.615781 1 41 1.000000
v_ic_base
0  -22.850311 -20.178936 -3.019593  -0.404842 -0.196961 0.892922  0.868586 0.618883 1 41 1.000000
0  -22.897982 -19.949669 -3.027142  -0.112891 0.009244 0.993564  0.862842 0.618883 1 41 1.000000
0  -23.012918 -19.938604 -3.040304  -0.482754 -0.106215 0.869291  0.862284 0.615781 1 41 1.000000
v_ic_base
0  -22.850311 -20.178936 -3.019593  -0.404842 -0.196961 0.892922  0.868586 0.618883 1 41 1.000000
0  -23.012918 -19.938604 -3.040304  -0.482754 -0.106215 0.869291  0.862284 0.615781 1 41 1.000000
0  -23.534935 -20.252991 -3.450597  -0.589725 -0.073087 0.804290  0.868586 0.600496 1 41 1.000000
v_ic_base
0  -10.931526 -10.062936 -7.111638  0.115065 0.955054 0.273189  0.159637 0.346624 1 38 1.000000
0  -10.554383 -9.904346 -8.685993  0.156630 0.985077 0.071348  0.126510 0.341039 2 38 0.750000 44 0.250000
0  -11.181894 -9.945061 -7.971590  0.028735 0.991434 0.127412  0.142034 0.341039 2 38 0.750000 44 0.250000
v_ic_base
0  -22.138924 -20.334341 -3.703063  0.725584 0.044841 0.686671  0.873470 0.632766 1 41 1.000000
0  -22.378975 -19.333395 -3.551643  0.686941 0.286025 0.668058  0.848140 0.629126 1 41 1.000000
0  -22.330528 -19.899025 -3.528740  0.739688 0.068841 0.669419  0.862399 0.629126 1 41 1.000000
v_ic_base
0  -22.138924 -20.334341 -3.703063  0.725584 0.044841 0.686671  0.873470 0.632766 1 41 1.000000
0  -22.227457 -19.229420 -3.751780  0.744103 0.093047 0.661554  0.845687 0.632766 1 41 1.000000
0  -22.378975 -19.333395 -3.551643  0.686941 0.286025 0.668058  0.848140 0.629126 1 41 1.000000
v_ic_base
0  -22.227457 -19.229420 -3.751780  0.744103 0.093047 0.661554  0.845687 0.632766 1 41 1.000000
0  -22.936296 -19.346233 -3.043696  0.681675 0.074878 0.727814  0.847644 0.618883 1 41 1.000000
0  -22.378975 -19.333395 -3.551643  0.686941 0.286025 0.668058  0.848140 0.629126 1 41 1.000000
v_ic_base
0  -23.307686 -16.243692 -3.208295  -0.524456 0.013861 0.851325  0.769121 0.615781 1 41 1.000000
0  -23.341665 -15.837306 -3.237040  -0.498970 0.003947 0.866610  0.758860 0.615781 1 41 1.000000
0  -23.748920 -17.582407 -3.568345  -0.609964 -0.010734 0.792357  0.801175 0.600661 1 41 1.000000
v_ic_base
0  -23.276091 -20.463057 -4.453415  -0.968821 -0.087842 -0.231669  0.871410 0.586232 1 41 1.000000
0  -23.748920 -17.582407 -3.568345  -0.968821 -0.087842 -0.231669  0.801175 0.600661 1 41 1.000000
0  -23.718758 -14.938457 -4.697001  -0.968821 -0.087841 -0.231669  0.735799 0.586232 1 41 1.000000
v_ic_base
0  -23.948275 -15.094422 -3.678043  -0.968821 -0.087841 -0.231669  0.738523 0.600817 1 41 1.000000
0  -23.718758 -14.938457 -4.697001  -0.968821 -0.087841 -0.231669  0.735799 0.586232 1 41 1.000000
0  -23.748920 -17.582407 -3.568345  -0.968821 -0.087842 -0.231669  0.801175 0.600661 1 41 1.000000
v_ic_base
0  -23.390572 -15.269782 -3.260957  -0.599312 -0.013522 0.800401  0.744545 0.615781 1 41 1.000000
0  -23.948275 -15.094422 -3.678043  -0.601467 -0.012974 0.798792  0.738523 0.600817 1 41 1.000000
0  -23.748920 -17.582407 -3.568345  -0.609964 -0.010734 0.792357  0.801175 0.600661 1 41 1.000000
v_ic_base
0  -23.390572 -15.269782 -3.260957  -0.599312 -0.013522 0.800401  0.744545 0.615781 1 41 1.000000
0  -23.748920 -17.582407 -3.568345  -0.609964 -0.010734 0.792357  0.801175 0.600661 1 41 1.000000
0  -23.341665 -15.837306 -3.237040  -0.498970 0.003947 0.866610  0.758860 0.615781 1 41 1.000000
v_ic_base
0  -12.845530 -23.952587 -11.885629  -0.144908 -0.197850 -0.969462  0.646859 0.043563 1 38 1.000000
0  -10.408672 -19.441706 -13.170459  -0.144908 -0.197850 -0.969462  0.724067 0.089754 1 38 1.000000
0  -9.922563 -23.686024 -12.376932  -0.144908 -0.197850 -0.969462  0.646859 0.089754 1 38 1.000000
v_ic_base
0  -23.176338 -17.926821 -3.135332  -0.497286 0.015153 0.867455  0.811549 0.615781 1 41 1.000000
0  -23.748920 -17.582407 -3.568345  -0.609964 -0.010734 0.792357  0.801175 0.600661 1 41 1.000000
0  -23.138367 -18.408920 -3.101512  -0.507585 0.006311 0.861579  0.823749 0.615781 1 41 1.000000
v_ic_base
0  -23.176338 -17.926821 -3.135332  -0.497286 0.015153 0.867455  0.811549 0.615781 1 41 1.000000
0  -23.225384 -17.346928 -3.160499  -0.504843 0.001839 0.863209  0.796923 0.615781 1 41 1.000000
0  -23.748920 -17.582407 -3.568345  -0.609964 -0.010734 0.792357  0.801175 0.600661 1 41 1.000000
v_ic_base
0  -23.257019 -16.845150 -3.182384  -0.500316 -0.002228 0.865840  0.784291 0.615781 1 41 1.000000
0  -23.748920 -17.582407 -3.568345  -0.609964 -0.010734 0.792357  0.801175 0.600661 1 41 1.000000
0  -23.225384 -17.346928 -3.160499  -0.504843 0.001839 0.863209  0.796923 0.615781 1 41 1.000000
v_ic_base
0  -23.307686 -16.243692 -3.208295  -0.524456 0.013861 0.851325  0.769121 0.615781 1 41 1.000000
0  -23.748920 -17.582407 -3.568345  -0.609964 -0.010734 0.792357  0.801175 0.600661 1 41 1.000000
0  -23.257019 -16.845150 -3.182384  -0.500316 -0.002228 0.865840  0.784291 0.615781 1 41 1.000000
v_ic_base
0  -10.128292 -35.797958 -4.412594  -0.049433 0.056674 0.997168  0.134513 0.591139 1 38 1.000000
0  -10.507565 -30.744400 -4.718611  -0.050863 0.053295 0.997283  0.324101 0.586929 1 38 1.000000
0  -10.629884 -30.757208 -4.724167  -0.050882 0.053311 0.997281  0.324166 0.592224 1 38 1.000000
v_ic_base
0  -23.277740 -15.237026 -3.234239  -0.537393 0.084529 0.839085  0.744017 0.618883 1 41 1.000000
0  -23.263649 -15.020369 -3.247040  -0.537393 0.084529 0.839085  0.738523 0.618883 1 41 1.000000
0  -23.948275 -15.094422 -3.678043  -0.537393 0.084529 0.839085  0.738523 0.600817 1 41 1.000000
v_ic_base
0  -23.277740 -15.237026 -3.234239  -0.345555 0.605702 0.716741  0.744017 0.618883 1 41 1.000000
0  -23.948275 -15.094422 -3.678043  -0.345555 0.605702 0.716741  0.738523 0.600817 1 41 1.000000
0  -23.390572 -15.269782 -3.260957  -0.345555 0.605702 0.716741  0.744545 0.615781 1 41 1.000000
v_ic_base
0  -10.596752 -28.481323 -5.387633  0.968477 0.099525 0.228357  0.403225 0.568985 1 38 1.000000
0  -10.488353 -29.141827 -5.560917  0.969724 0.099340 0.223084  0.379912 0.562710 1 38 1.000000
0  -10.560864 -28.363356 -5.592585  0.974542 0.101582 0.199873  0.407654 0.562710 1 38 1.000000
v_ic_base
0  -10.582028 -31.560080 -5.455153  -0.995926 -0.086110 0.026780  0.297843 0.562710 1 38 1.000000
0  -10.518885 -32.215931 -5.215831  -0.993405 -0.084314 0.077697  0.274530 0.568985 1 38 1.000000
0  -10.566204 -31.674871 -5.231649  -0.993444 -0.084940 0.076515  0.293414 0.568985 1 38 1.000000
v_ic_base
0  -11.036015 -26.555174 -5.477940  -0.991970 -0.097153 0.080973  0.476414 0.568985 1 38 1.000000
0  -10.947075 -27.162745 -5.250289  -0.994930 -0.100377 0.006258  0.453102 0.575260 1 38 1.000000
0  -11.021641 -26.425491 -5.279184  -0.994930 -0.100393 0.005989  0.480844 0.575260 1 38 1.000000
v_ic_base
0  -11.462111 -16.228029 -15.395464  -0.100064 0.980804 -0.167365  0.086585 0.897858 1 40 1.000000
0  -11.680544 -16.195253 -14.475525  -0.105967 0.992526 -0.060522  0.090830 0.923902 1 40 1.000000
0  -11.509713 -16.176273 -14.463264  -0.105933 0.992530 -0.060513  0.087110 0.923980 1 40 1.000000
v_ic_base
0  -10.395303 -30.198223 -5.491234  0.970689 0.100943 0.218111  0.343312 0.562710 1 38 1.000000
0  -10.502050 -29.517700 -5.338429  0.968737 0.102071 0.226120  0.366625 0.568985 1 38 1.000000
0  -10.454748 -30.063612 -5.292711  0.969495 0.103047 0.222397  0.347741 0.568985 1 38 1.000000
v_ic_base
0  -22.404522 -17.019581 -3.849214  0.738150 0.082180 0.669612  0.789970 0.632766 1 41 1.000000
0  -22.634659 -16.197622 -3.683574  0.721103 0.151521 0.676056  0.769065 0.629126 1 41 1.000000
0  -22.583910 -16.799137 -3.659309  0.743688 0.047814 0.666815  0.784235 0.629126 1 41 1.000000
v_ic_base
0  -22.404522 -17.019581 -3.849214  0.738150 0.082180 0.669612  0.789970 0.632766 1 41 1.000000
0  -22.493057 -15.914660 -3.897930  0.748226 0.079188 0.658701  0.762113 0.632766 1 41 1.000000
0  -22.634659 -16.197622 -3.683574  0.721103 0.151521 0.676056  0.769065 0.629126 1 41 1.000000
v_ic_base
0  -22.493057 -15.914660 -3.897930  0.748226 0.079188 0.658701  0.762113 0.632766 1 41 1.000000
0  -23.183012 -16.207420 -3.177072  0.677291 0.099970 0.728892  0.768538 0.618883 1 41 1.000000
0  -22.634659 -16.197622 -3.683574  0.721103 0.151521 0.676056  0.769065 0.629126 1 41 1.000000
v_ic_base
0  -23.183012 -16.207420 -3.177072  0.677291 0.099970 0.728892  0.768538 0.618883 1 41 1.000000
0  -22.493057 -15.914660 -3.897930  0.748226 0.079188 0.658701  0.762113 0.632766 1 41 1.000000
0  -22.662693 -15.790402 -3.704690  0.748757 0.024206 0.662403  0.758806 0.629126 1 41 1.000000
v_ic_base
0  -23.183012 -16.207420 -3.177072  0.677291 0.099970 0.728892  0.768538 0.618883 1 41 1.000000
0  -22.662693 -15.790402 -3.704690  0.748757 0.024206 0.662403  0.758806 0.629126 1 41 1.000000
0  -23.211479 -15.848338 -3.201314  0.666479 0.102690 0.738418  0.759476 0.618883 1 41 1.000000
v_ic_base
0  -22.493057 -15.914660 -3.897930  0.748226 0.079188 0.658701  0.762113 0.632766 1 41 1.000000
0  -22.711779 -15.222526 -3.727240  0.717966 0.136769 0.682509  0.744481 0.629126 1 41 1.000000
0  -22.662693 -15.790402 -3.704690  0.748757 0.024206 0.662403  0.758806 0.629126 1 41 1.000000
v_ic_base
0  -22.493057 -15.914660 -3.897930  0.748226 0.079188 0.658701  0.762113 0.632766 1 41 1.000000
0  -22.581591 -14.809742 -3.946646  0.709549 0.124012 0.693658  0.734179 0.632766 1 41 1.000000
0  -22.711779 -15.222526 -3.727240  0.717966 0.136769 0.682509  0.744481 0.629126 1 41 1.000000
v_ic_base
0  -22.581591 -14.809742 -3.946646  0.709549 0.124012 0.693658  0.734179 0.632766 1 41 1.000000
0  -23.277740 -15.237026 -3.234239  0.699968 0.047655 0.712582  0.744017 0.618883 1 41 1.000000
0  -22.711779 -15.222526 -3.727240  0.717966 0.136769 0.682509  0.744481 0.629126 1 41 1.000000
v_ic_base
0  -22.581591 -14.809742 -3.946646  0.709549 0.124012 0.693658  0.734179 0.632766 1 41 1.000000
0  -23.263649 -15.020369 -3.247040  0.716832 -0.005430 0.697225  0.738523 0.618883 1 41 1.000000
0  -23.277740 -15.237026 -3.234239  0.699968 0.047655 0.712582  0.744017 0.618883 1 41 1.000000
v_ic_base
0  -13.905570 -14.560849 -3.965544  0.326083 0.069931 0.942751  0.609437 0.782206 1 38 1.000000
0  -11.475738 -19.158783 -4.464922  0.326082 0.069931 0.942751  0.564235 0.937744 1 38 1.000000
0  -11.958887 -14.381730 -4.652157  0.326083 0.069931 0.942751  0.564235 0.782206 1 38 1.000000
v_ic_base
0  -11.182773 -38.281906 -8.936376  0.868775 0.102320 0.484520  0.122855 0.482360 1 38 1.000000
0  -13.319495 -11.476110 -10.422782  0.570011 0.084171 0.817314  0.060421 0.458584 1 38 1.000000
0  -13.811236 -11.505025 -9.878325  0.869156 0.102320 0.483837  0.060421 0.482360 1 38 1.000000
v_ic_base
0  -14.799472 -13.940911 -6.939926  0.985217 0.036149 -0.167455  0.327177 0.762037 1 41 1.000000
0  -14.774862 -14.466382 -6.908582  0.985217 0.036149 -0.167455  0.327177 0.758282 1 41 1.000000
0  -14.786091 -14.276239 -6.933595  0.985217 0.036149 -0.167455  0.330173 0.755733 1 41 1.000000
v_ic_base
0  -14.799472 -13.940911 -6.939926  0.569166 0.007193 -0.822191  0.327177 0.762037 1 41 1.000000
0  -14.786091 -14.276239 -6.933595  0.572842 0.011585 -0.819584  0.330173 0.755733 1 41 1.000000
0  -15.034563 -13.967826 -7.102904  0.570805 0.009596 -0.821029  0.327177 0.764908 1 41 1.000000
v_ic_base
0  -15.034563 -13.967826 -7.102904  0.570805 0.009596 -0.821029  0.327177 0.764908 1 41 1.000000
0  -14.786091 -14.276239 -6.933595  0.572842 0.011585 -0.819584  0.330173 0.755733 1 41 1.000000
0  -14.365484 -19.555128 -6.721873  0.562272 0.009029 -0.826903  0.330173 0.654949 1 41 1.000000
v_ic_base
0  -15.034563 -13.967826 -7.102904  0.570805 0.009596 -0.821029  0.327177 0.764908 1 41 1.000000
0  -14.365484 -19.555128 -6.721873  0.562272 0.009029 -0.826903  0.330173 0.654949 1 41 1.000000
0  -14.567627 -19.940094 -6.863434  0.565517 0.006318 -0.824713  0.327177 0.645161 1 41 1.000000
v_ic_base
0  -14.332537 -19.913181 -6.700457  0.569479 0.003239 -0.822000  0.327177 0.648031 1 41 1.000000
0  -14.567627 -19.940094 -6.863434  0.565517 0.006318 -0.824713  0.327177 0.645161 1 41 1.000000
0  -14.365484 -19.555128 -6.721873  0.562272 0.009029 -0.826903  0.330173 0.654949 1 41 1.000000
v_ic_base
0  -17.005955 -14.052462 -3.734980  -0.093386 0.995188 -0.029655  0.259337 0.762037 1 41 1.000000
0  -15.034563 -13.967826 -7.102904  -0.093380 0.995189 -0.029648  0.327177 0.764908 1 41 1.000000
0  -17.226562 -14.077720 -3.887918  -0.093386 0.995188 -0.029655  0.259335 0.764908 1 41 1.000000
v_ic_base
0  -6.969578 -35.611320 -8.093965  0.019250 0.035753 0.999175  0.275894 0.333455 1 38 1.000000
0  -8.585068 -19.778931 -8.629368  -0.048764 0.031493 0.998314  0.732196 0.325045 1 38 1.000000
0  -8.672277 -19.788507 -8.633346  -0.048998 0.031461 0.998303  0.732196 0.333455 1 38 1.000000
v_ic_base
0  -16.424490 -19.486982 -3.746619  0.821986 0.087544 0.562739  0.262222 0.652175 1 41 1.000000
0  -17.005955 -14.052462 -3.734980  0.815711 0.092450 0.571024  0.259337 0.762037 1 41 1.000000
0  -16.539021 -20.024734 -3.495511  0.821254 0.090266 0.563377  0.259337 0.648031 1 41 1.000000
v_ic_base
0  -16.424490 -19.486982 -3.746619  0.821986 0.087544 0.562739  0.262222 0.652175 1 41 1.000000
0  -16.796902 -14.580958 -3.947668  0.812819 0.089046 0.575670  0.262222 0.758282 1 41 1.000000
0  -17.005955 -14.052462 -3.734980  0.815711 0.092450 0.571024  0.259337 0.762037 1 41 1.000000
v_ic_base
0  -14.332537 -19.913181 -6.700457  0.815275 0.112589 0.568023  0.327177 0.648031 1 41 1.000000
0  -14.365484 -19.555128 -6.721873  0.778464 0.108614 0.618221  0.330173 0.654949 1 41 1.000000
0  -14.405251 -19.344807 -6.708747  0.814878 0.110562 0.568991  0.327177 0.652175 1 41 1.000000
v_ic_base
0  -16.255917 -13.002137 -7.387886  -0.087291 0.995440 -0.038473  0.710155 0.754925 1 41 1.000000
0  -18.677134 -13.294121 -9.449111  -0.087291 0.995440 -0.038472  0.769226 0.829365 1 41 1.000000
0  -18.359280 -13.203060 -7.814148  -0.087292 0.995440 -0.038472  0.769225 0.779114 1 41 1.000000
v_ic_base
0  -17.675053 -21.472141 -7.438010  0.087292 -0.995440 0.038473  0.769241 0.779114 1 41 1.000000
0  -19.866808 -21.681507 -7.882185  0.087291 -0.995440 0.038473  0.830861 0.804318 1 41 1.000000
0  -17.992905 -21.563204 -9.072972  0.087292 -0.995440 0.038473  0.769242 0.829365 1 41 1.000000
v_ic_base
0  -17.675053 -21.472141 -7.438010  0.087292 -0.995440 0.038473  0.769241 0.779114 1 41 1.000000
0  -18.641102 -21.503723 -6.063239  0.087291 -0.995440 0.038472  0.805415 0.743625 1 41 1.000000
0  -19.866808 -21.681507 -7.882185  0.087291 -0.995440 0.038473  0.830861 0.804318 1 41 1.000000
v_ic_base
0  -10.281288 -18.268082 -5.968452  0.333092 -0.907068 0.257445  0.342640 0.926384 1 38 1.000000
0  -11.317514 -18.349142 -4.913439  0.335738 -0.905300 0.260213  0.334265 0.978750 1 38 1.000000
0  -10.338531 -18.321110 -6.081328  0.332957 -0.907158 0.257304  0.334265 0.923763 1 38 1.000000
v_ic_base
0  -17.675053 -21.472141 -7.438010  -0.137247 -0.449686 0.882579  0.769241 0.779114 1 41 1.000000
0  -15.897834 -21.109798 -6.977029  -0.134187 -0.459091 0.878196  0.722883 0.754363 1 41 1.000000
0  -17.533297 -21.266138 -7.311384  -0.137741 -0.448159 0.883279  0.765557 0.771914 1 41 1.000000
v_ic_base
0  -17.675053 -21.472141 -7.438010  -0.137247 -0.449686 0.882579  0.769241 0.779114 1 41 1.000000
0  -15.571690 -21.271221 -7.011748  -0.134018 -0.459608 0.877952  0.710171 0.754925 1 41 1.000000
0  -15.897834 -21.109798 -6.977029  -0.134187 -0.459091 0.878196  0.722883 0.754363 1 41 1.000000
v_ic_base
0  -15.149468 -12.896445 -7.163656  -0.087291 0.995440 -0.038473  0.680693 0.742866 1 41 1.000000
0  -16.878799 -13.180591 -10.591874  -0.087291 0.995440 -0.038473  0.710028 0.853404 1 41 1.000000
0  -16.255917 -13.002137 -7.387886  -0.087291 0.995440 -0.038473  0.710155 0.754925 1 41 1.000000
v_ic_base
0  -25.169262 -13.703979 -5.323633  0.978577 0.068729 -0.194072  0.981020 0.743277 1 41 1.000000
0  -25.968328 -13.727300 -9.361053  0.978576 0.068742 -0.194073  0.987012 0.868263 1 41 1.000000
0  -25.184984 -13.502879 -5.331695  0.978577 0.068729 -0.194072  0.987181 0.740767 1 41 1.000000
v_ic_base
0  -17.356991 -12.745749 -3.502824  -0.087286 0.995440 -0.038468  0.762166 0.640691 1 41 1.000000
0  -15.165190 -12.695346 -7.171720  -0.087295 0.995439 -0.038473  0.674436 0.740327 1 41 1.000000
0  -17.546015 -12.773174 -3.783605  -0.087286 0.995440 -0.038468  0.766210 0.650416 1 41 1.000000
v_ic_base
0  -17.546015 -12.773174 -3.783605  -0.087286 0.995440 -0.038468  0.766210 0.650416 1 41 1.000000
0  -21.767487 -13.101207 -2.692884  -0.087291 0.995440 -0.038462  0.899794 0.640866 1 41 1.000000
0  -17.356991 -12.745749 -3.502824  -0.087286 0.995440 -0.038468  0.762166 0.640691 1 41 1.000000
v_ic_base
0  -17.356991 -12.745749 -3.502824  0.176214 0.053190 0.982914  0.327553 0.620927 1 41 1.000000
0  -21.711056 -13.822969 -2.663944  0.176215 0.053188 0.982914  0.200278 0.603103 1 41 1.000000
0  -17.300560 -13.467513 -3.473883  0.176214 0.053191 0.982914  0.327553 0.603103 1 41 1.000000
v_ic_base
0  -21.767487 -13.101207 -2.692884  -0.551347 -0.009661 0.834220  0.200278 0.620927 1 41 1.000000
0  -25.418371 -14.242955 -5.119015  -0.551347 -0.009657 0.834220  0.327553 0.603103 1 41 1.000000
0  -21.711056 -13.822969 -2.663944  -0.551346 -0.009662 0.834220  0.200278 0.603103 1 41 1.000000
v_ic_base
0  -24.846157 -13.822710 -9.128761  -0.087291 0.995440 -0.038474  0.951533 0.853710 1 41 1.000000
0  -22.424940 -13.530726 -7.067534  -0.087292 0.995440 -0.038473  0.892463 0.779270 1 41 1.000000
0  -22.742790 -13.621789 -8.702498  -0.087292 0.995440 -0.038475  0.892463 0.829522 1 41 1.000000
v_ic_base
0  -16.697748 -20.695269 -3.139499  0.814175 0.086678 0.574113  0.327553 0.620927 1 41 1.000000
0  -14.111253 -21.334324 -6.711054  0.814175 0.086676 0.574113  0.458999 0.603103 1 41 1.000000
0  -14.167684 -20.612558 -6.739995  0.814175 0.086676 0.574113  0.458999 0.620927 1 41 1.000000
v_ic_base
0  -15.000130 -20.851049 -11.021927  0.978577 0.068729 -0.194071  0.590440 0.620927 1 41 1.000000
0  -14.111253 -21.334324 -6.711054  0.978577 0.068728 -0.194071  0.458999 0.603103 1 41 1.000000
0  -14.943699 -21.572813 -10.992987  0.978577 0.068729 -0.194071  0.590440 0.603103 1 41 1.000000
v_ic_base
0  -21.696350 -13.107667 -3.021441  -0.087292 0.995440 -0.038462  0.895720 0.650416 1 41 1.000000
0  -25.474802 -13.521191 -5.147955  -0.087288 0.995440 -0.038477  0.996895 0.736793 1 41 1.000000
0  -21.767487 -13.101207 -2.692884  -0.087291 0.995440 -0.038462  0.899794 0.640866 1 41 1.000000
v_ic_base
0  -24.525743 -21.452400 -4.968370  -0.087286 0.995440 -0.038481  0.987181 0.740767 1 41 1.000000
0  -25.648006 -21.709200 -9.066563  -0.087287 0.995440 -0.038472  0.996895 0.872280 1 41 1.000000
0  -24.815559 -21.470711 -4.784632  -0.087286 0.995440 -0.038480  0.996895 0.736793 1 41 1.000000
v_ic_base
0  -24.485037 -21.973061 -4.947494  0.087291 -0.995440 0.038472  0.981036 0.743277 1 41 1.000000
0  -24.161928 -22.091791 -8.752622  0.087291 -0.995440 0.038473  0.951549 0.853710 1 41 1.000000
0  -23.539045 -21.913340 -5.548633  0.087291 -0.995440 0.038472  0.951677 0.755231 1 41 1.000000
v_ic_base
0  -19.866808 -21.681507 -7.882185  0.087291 -0.995440 0.038473  0.830861 0.804318 1 41 1.000000
0  -21.740711 -21.799809 -6.691397  0.087291 -0.995440 0.038472  0.892479 0.779270 1 41 1.000000
0  -22.058563 -21.890871 -8.326359  0.087291 -0.995440 0.038472  0.892479 0.829522 1 41 1.000000
v_ic_base
0  -21.740711 -21.799809 -6.691397  0.087291 -0.995440 0.038472  0.892479 0.779270 1 41 1.000000
0  -19.866808 -21.681507 -7.882185  0.087291 -0.995440 0.038473  0.830861 0.804318 1 41 1.000000
0  -20.325153 -21.639446 -5.753982  0.087291 -0.995440 0.038474  0.856462 0.743690 1 41 1.000000
v_ic_base
0  -19.866808 -21.681507 -7.882185  0.087291 -0.995440 0.038473  0.830861 0.804318 1 41 1.000000
0  -18.641102 -21.503723 -6.063239  0.087291 -0.995440 0.038472  0.805415 0.743625 1 41 1.000000
0  -20.325153 -21.639446 -5.753982  0.087291 -0.995440 0.038474  0.856462 0.743690 1 41 1.000000
v_ic_base
0  -20.765017 -21.599083 -3.711606  0.087291 -0.995440 0.038472  0.881031 0.685444 1 41 1.000000
0  -16.846064 -21.243361 -3.399402  0.087291 -0.995440 0.038470  0.768787 0.656492 1 41 1.000000
0  -20.996401 -21.577850 -2.637239  0.087291 -0.995440 0.038472  0.893185 0.656492 1 41 1.000000
v_ic_base
0  -17.464828 -21.333109 -4.317648  0.760194 -0.448604 -0.469957  0.780997 0.685444 1 41 1.000000
0  -18.641102 -21.503723 -6.063239  0.764683 -0.438240 -0.472446  0.805415 0.743625 1 41 1.000000
0  -18.470030 -21.296761 -5.978333  0.764420 -0.438856 -0.472300  0.798111 0.739947 1 41 1.000000
v_ic_base
0  -17.464828 -21.333109 -4.317648  0.760194 -0.448604 -0.469957  0.780997 0.685444 1 41 1.000000
0  -18.470030 -21.296761 -5.978333  0.764420 -0.438856 -0.472300  0.798111 0.739947 1 41 1.000000
0  -17.552626 -21.163897 -4.622118  0.759252 -0.450743 -0.469434  0.780392 0.697892 1 41 1.000000
v_ic_base
0  -11.258478 -38.247913 -7.403583  0.083884 -0.996130 0.026246  0.439038 0.919290 1 38 1.000000
0  -11.136439 -38.219997 -6.734122  0.084442 -0.995896 0.032568  0.416256 0.901109 1 38 1.000000
0  -11.354502 -38.246361 -7.037756  0.083375 -0.996120 0.028170  0.425855 0.901109 1 38 1.000000
v_ic_base
0  -25.905956 -14.507095 -9.329638  0.084796 -0.995009 0.052599  0.987012 0.868263 1 41 1.000000
0  -25.418371 -14.242955 -5.119015  0.091066 -0.994824 0.045089  0.996895 0.736793 1 41 1.000000
0  -26.244875 -14.539476 -9.398474  0.084374 -0.995042 0.052650  0.996895 0.872280 1 41 1.000000
v_ic_base
0  -18.149057 -13.064027 -4.693787  -0.087292 0.995440 -0.038473  0.780981 0.685444 1 41 1.000000
0  -21.680628 -13.308768 -3.013376  -0.087291 0.995440 -0.038473  0.893169 0.656492 1 41 1.000000
0  -17.530291 -12.974277 -3.775539  -0.087292 0.995440 -0.038474  0.768771 0.656492 1 41 1.000000
v_ic_base
0  -10.323719 -11.013846 -12.924048  0.110546 0.975842 -0.188445  0.989460 0.168254 1 38 1.000000
0  -9.808665 -10.890682 -11.984032  0.045951 0.992169 -0.116140  0.994235 0.205863 1 38 1.000000
0  -9.633532 -10.897458 -11.975153  0.044712 0.994925 -0.090142  0.989460 0.205863 1 38 1.000000
v_ic_base
0  -20.325153 -21.639446 -5.753982  -0.788541 -0.593841 -0.159862  0.856462 0.743690 1 41 1.000000
0  -20.765017 -21.599083 -3.711606  -0.780708 -0.605065 -0.156179  0.881031 0.685444 1 41 1.000000
0  -20.833672 -21.428675 -4.028614  -0.781152 -0.604437 -0.156387  0.881743 0.697904 1 41 1.000000
v_ic_base
0  -23.539045 -21.913340 -5.548633  0.498520 -0.457884 0.736084  0.951677 0.755231 1 41 1.000000
0  -21.840681 -21.612961 -6.511999  0.499941 -0.446241 0.742245  0.896020 0.772108 1 41 1.000000
0  -23.237118 -21.700951 -5.620231  0.498182 -0.460537 0.734656  0.939085 0.754498 1 41 1.000000
v_ic_base
0  -21.142868 -13.564843 -5.977289  -0.087291 0.995440 -0.038472  0.863729 0.740254 1 41 1.000000
0  -23.892088 -13.806083 -5.981365  -0.087291 0.995440 -0.038471  0.939069 0.754498 1 41 1.000000
0  -21.488638 -13.533807 -4.389745  -0.087291 0.995440 -0.038473  0.881727 0.697904 1 41 1.000000
v_ic_base
0  -20.325153 -21.639446 -5.753982  -0.788541 -0.593841 -0.159862  0.856462 0.743690 1 41 1.000000
0  -20.833672 -21.428675 -4.028614  -0.781152 -0.604437 -0.156387  0.881743 0.697904 1 41 1.000000
0  -20.487898 -21.459711 -5.616155  -0.789753 -0.592074 -0.160436  0.863745 0.740254 1 41 1.000000
v_ic_base
0  -6.995113 -36.788097 -8.041736  0.689838 0.723686 0.020045  0.278061 0.809234 1 38 1.000000
0  -7.520095 -36.512203 -9.115859  0.635015 0.699690 -0.327399  0.261749 0.781546 1 38 1.000000
0  -7.329167 -36.468731 -8.075560  0.690160 0.723499 0.015098  0.278061 0.781546 1 38 1.000000
v_ic_base
0  -23.539045 -21.913340 -5.548633  0.498520 -0.457884 0.736084  0.951677 0.755231 1 41 1.000000
0  -21.740711 -21.799809 -6.691397  0.500031 -0.445480 0.742642  0.892479 0.779270 1 41 1.000000
0  -21.840681 -21.612961 -6.511999  0.499941 -0.446241 0.742245  0.896020 0.772108 1 41 1.000000
v_ic_base
0  -14.826926 -12.663038 -7.103319  -0.087295 0.995439 -0.038473  0.664740 0.736405 1 41 1.000000
0  -15.948531 -12.919765 -11.201078  -0.087290 0.995440 -0.038474  0.674436 0.867912 1 41 1.000000
0  -15.165190 -12.695346 -7.171720  -0.087295 0.995439 -0.038473  0.674436 0.740327 1 41 1.000000
v_ic_base
0  -16.641317 -21.417032 -3.110557  0.087294 -0.995439 0.038473  0.762182 0.640691 1 41 1.000000
0  -14.449516 -21.366629 -6.779456  0.087287 -0.995440 0.038470  0.674453 0.740327 1 41 1.000000
0  -14.111253 -21.334324 -6.711054  0.087287 -0.995440 0.038470  0.664756 0.736405 1 41 1.000000
v_ic_base
0  -16.641317 -21.417032 -3.110557  0.087294 -0.995439 0.038473  0.762182 0.640691 1 41 1.000000
0  -20.980677 -21.778952 -2.629176  0.087291 -0.995439 0.038477  0.895737 0.650416 1 41 1.000000
0  -16.830341 -21.444462 -3.391339  0.087294 -0.995439 0.038473  0.766227 0.650416 1 41 1.000000
v_ic_base
0  -21.449240 -13.330001 -4.087744  -0.087291 0.995440 -0.038473  0.881015 0.685444 1 41 1.000000
0  -25.169262 -13.703979 -5.323633  -0.087291 0.995440 -0.038473  0.981020 0.743277 1 41 1.000000
0  -21.680628 -13.308768 -3.013376  -0.087291 0.995440 -0.038473  0.893169 0.656492 1 41 1.000000
v_ic_base
0  -25.184984 -13.502879 -5.331695  -0.087288 0.995440 -0.038478  0.987181 0.740767 1 41 1.000000
0  -26.307247 -13.759682 -9.429888  -0.087295 0.995439 -0.038471  0.996895 0.872280 1 41 1.000000
0  -25.474802 -13.521191 -5.147955  -0.087288 0.995440 -0.038477  0.996895 0.736793 1 41 1.000000
v_ic_base
0  -25.591574 -22.430965 -9.037621  -0.978577 -0.068728 0.194073  0.459016 0.603103 1 41 1.000000
0  -24.815559 -21.470711 -4.784632  -0.978577 -0.068723 0.194072  0.327570 0.620927 1 41 1.000000
0  -25.648006 -21.709200 -9.066563  -0.978576 -0.068729 0.194073  0.459016 0.620927 1 41 1.000000
v_ic_base
0  -14.826926 -12.663038 -7.103319  0.814176 0.086675 0.574112  0.458999 0.620927 1 41 1.000000
0  -17.300560 -13.467513 -3.473883  0.814176 0.086676 0.574112  0.327553 0.603103 1 41 1.000000
0  -14.770496 -13.384804 -7.074380  0.814176 0.086675 0.574112  0.458999 0.603103 1 41 1.000000
v_ic_base
0  -21.696350 -13.107667 -3.021441  -0.176214 -0.053192 -0.982914  0.895720 0.650416 1 41 1.000000
0  -17.530291 -12.974277 -3.775539  -0.176212 -0.053202 -0.982913  0.768771 0.656492 1 41 1.000000
0  -21.680628 -13.308768 -3.013376  -0.176214 -0.053192 -0.982914  0.893169 0.656492 1 41 1.000000
v_ic_ammo
0  -12.588825 -22.039013 -11.802543  -0.280327 -0.938072 0.203561  0.240010 0.799891 1 42 1.000000
0  -12.561220 -22.192127 -12.470160  -0.284412 -0.936936 0.203128  0.224107 0.708449 1 42 1.000000
0  -12.556446 -22.050663 -11.811670  -0.280155 -0.938120 0.203579  0.224107 0.784623 1 42 1.000000
v_ic_base
0  -21.037107 -21.057188 -2.658115  -0.087291 0.995440 -0.038466  0.895720 0.650416 1 41 1.000000
0  -24.815559 -21.470711 -4.784632  -0.087286 0.995440 -0.038480  0.996895 0.736793 1 41 1.000000
0  -21.108242 -21.050728 -2.329559  -0.087291 0.995440 -0.038466  0.899794 0.640866 1 41 1.000000
v_ic_base
0  -16.886772 -20.722698 -3.420279  -0.087295 0.995439 -0.038485  0.766210 0.650416 1 41 1.000000
0  -21.108242 -21.050728 -2.329559  -0.087291 0.995440 -0.038466  0.899794 0.640866 1 41 1.000000
0  -16.697748 -20.695269 -3.139499  -0.087295 0.995439 -0.038485  0.762166 0.640691 1 41 1.000000
v_ic_base
0  -11.498700 -15.164293 -14.381983  0.106702 -0.992968 0.051268  0.280303 0.653610 1 38 1.000000
0  -12.104305 -15.259025 -14.956311  0.108408 -0.993973 0.016282  0.265739 0.662531 1 38 1.000000
0  -11.244042 -15.164557 -14.917072  0.108408 -0.993973 0.016297  0.280303 0.662531 1 38 1.000000
v_ic_base
0  -8.137654 -23.714746 -9.948986  -0.040215 -0.033626 -0.998625  0.273228 0.042849 1 39 1.000000
0  -7.955645 -29.751919 -9.753030  -0.037056 -0.033535 -0.998750  0.395972 0.046969 1 39 1.000000
0  -8.594217 -23.586308 -9.934862  -0.040350 -0.033630 -0.998619  0.271439 0.046969 1 39 1.000000
v_ic_base
0  -15.232858 -21.591051 -10.808812  -0.978577 -0.068720 0.194074  0.674453 0.867912 1 41 1.000000
0  -14.465239 -21.165529 -6.787519  -0.978576 -0.068742 0.194069  0.680709 0.742866 1 41 1.000000
0  -15.248581 -21.389952 -10.816875  -0.978577 -0.068720 0.194074  0.680594 0.865364 1 41 1.000000
v_ic_base
0  -15.165190 -12.695346 -7.171720  -0.814177 -0.086662 -0.574113  0.674436 0.740327 1 41 1.000000
0  -17.530291 -12.974277 -3.775539  -0.814176 -0.086691 -0.574110  0.768771 0.656492 1 41 1.000000
0  -17.546015 -12.773174 -3.783605  -0.814176 -0.086692 -0.574110  0.766210 0.650416 1 41 1.000000
v_ic_base
0  -16.697748 -20.695269 -3.139499  0.176215 0.053191 0.982914  0.327553 0.620927 1 41 1.000000
0  -21.051813 -21.772491 -2.300619  0.176215 0.053189 0.982914  0.200278 0.603103 1 41 1.000000
0  -16.641317 -21.417032 -3.110557  0.176215 0.053191 0.982913  0.327553 0.603103 1 41 1.000000
v_ic_base
0  -24.759130 -22.192478 -4.755690  -0.551348 -0.009655 0.834219  0.327570 0.603103 1 41 1.000000
0  -21.108242 -21.050728 -2.329559  -0.551345 -0.009654 0.834221  0.200295 0.620927 1 41 1.000000
0  -24.815559 -21.470711 -4.784632  -0.551349 -0.009655 0.834219  0.327570 0.620927 1 41 1.000000
v_ic_base
0  -10.401229 -10.477109 -13.145924  0.675883 0.039510 -0.735949  0.032895 0.352720 1 38 1.000000
0  -9.608413 -10.683604 -12.089977  0.803758 0.058081 -0.592115  0.053940 0.362822 1 38 1.000000
0  -10.367402 -10.811569 -13.132813  0.674410 0.039309 -0.737310  0.032895 0.362822 1 38 1.000000
v_ic_base
0  -23.539045 -21.913340 -5.548633  0.087291 -0.995440 0.038472  0.951677 0.755231 1 41 1.000000
0  -20.996401 -21.577850 -2.637239  0.087291 -0.995440 0.038472  0.893185 0.656492 1 41 1.000000
0  -24.485037 -21.973061 -4.947494  0.087291 -0.995440 0.038472  0.981036 0.743277 1 41 1.000000
v_ic_base
0  -25.309086 -21.676821 -8.997728  -0.978287 -0.072559 0.194137  0.005679 0.630839 1 41 1.000000
0  -25.128555 -14.224643 -5.302755  -0.978309 -0.072511 0.194043  0.086918 0.777593 1 41 1.000000
0  -25.905956 -14.507095 -9.329638  -0.978331 -0.072466 0.193952  0.005679 0.777593 1 41 1.000000
v_ic_base
0  -10.629884 -30.757208 -4.724167  -0.050882 0.053311 0.997281  0.324166 0.592224 1 38 1.000000
0  -11.066740 -24.882479 -5.041181  -0.050135 0.042041 0.997857  0.537815 0.586929 1 38 1.000000
0  -11.187020 -24.895687 -5.046668  -0.050148 0.042135 0.997853  0.537903 0.592224 1 38 1.000000
v_ic_base
0  -11.336526 -16.695940 -17.119608  0.027502 0.159508 -0.986813  0.073011 0.849049 1 40 1.000000
0  -11.531810 -16.487675 -17.091385  0.027497 0.159509 -0.986814  0.079413 0.844775 1 40 1.000000
0  -11.360758 -16.468891 -17.083582  0.027487 0.159510 -0.986814  0.080652 0.850307 1 40 1.000000
v_ic_base
0  -9.000805 -24.140430 -12.444730  -0.222823 0.969494 0.102128  0.129734 0.144202 1 39 1.000000
0  -8.083318 -23.964457 -11.686872  -0.308566 0.949246 0.060982  0.124583 0.166786 1 39 1.000000
0  -8.905745 -24.088266 -12.734379  -0.202947 0.973265 0.107555  0.124583 0.144202 1 39 1.000000
v_ic_base
0  -25.128555 -14.224643 -5.302755  0.091269 -0.994818 0.044807  0.987181 0.740767 1 41 1.000000
0  -21.711056 -13.822969 -2.663944  0.087291 -0.995439 0.038478  0.899794 0.640866 1 41 1.000000
0  -25.418371 -14.242955 -5.119015  0.091066 -0.994824 0.045089  0.996895 0.736793 1 41 1.000000
v_ic_base
0  -24.223270 -13.644258 -5.924770  -0.087291 0.995440 -0.038473  0.951661 0.755231 1 41 1.000000
0  -25.952604 -13.928402 -9.352989  -0.087291 0.995440 -0.038474  0.980857 0.865739 1 41 1.000000
0  -25.169262 -13.703979 -5.323633  -0.087291 0.995440 -0.038473  0.981020 0.743277 1 41 1.000000
v_ic_base
0  -11.391358 -14.117890 -6.056156  -0.107073 0.993279 -0.043952  0.877468 0.472364 1 38 1.000000
0  -12.949021 -14.304753 -6.484390  -0.107032 0.993284 -0.043939  0.884551 0.513073 1 38 1.000000
0  -12.966613 -14.290880 -6.128007  -0.107043 0.993283 -0.043944  0.877468 0.510959 1 38 1.000000
v_ic_base
0  -15.248581 -21.389952 -10.816875  0.087290 -0.995440 0.038472  0.680594 0.865364 1 41 1.000000
0  -15.571690 -21.271221 -7.011748  0.087291 -0.995440 0.038473  0.710171 0.754925 1 41 1.000000
0  -16.194574 -21.449673 -10.215736  0.087291 -0.995440 0.038472  0.710044 0.853404 1 41 1.000000
v_ic_base
0  -10.673908 -12.538989 -6.626301  0.735406 0.121837 0.666584  0.833261 0.524850 1 38 1.000000
0  -10.774989 -13.088050 -6.406018  0.738979 0.129237 0.661217  0.798693 0.535355 1 38 1.000000
0  -10.590658 -13.261107 -6.580222  0.744739 0.127657 0.655032  0.788657 0.524509 1 38 1.000000
v_ic_base
0  -21.449240 -13.330001 -4.087744  -0.867068 0.457398 -0.197434  0.881015 0.685444 1 41 1.000000
0  -21.142868 -13.564843 -5.977289  -0.873246 0.445691 -0.196980  0.863729 0.740254 1 41 1.000000
0  -21.488638 -13.533807 -4.389745  -0.865644 0.460045 -0.197532  0.881727 0.697904 1 41 1.000000
v_ic_base
0  -17.489584 -13.494939 -3.754663  0.087266 -0.995443 0.038444  0.766210 0.650416 1 41 1.000000
0  -14.770496 -13.384804 -7.074380  0.085900 -0.995574 0.038140  0.664740 0.736405 1 41 1.000000
0  -17.300560 -13.467513 -3.473883  0.087289 -0.995440 0.038463  0.762166 0.640691 1 41 1.000000
v_ic_base
0  -22.424940 -13.530726 -7.067534  0.413160 0.577174 0.704393  0.892463 0.779270 1 41 1.000000
0  -23.892088 -13.806083 -5.981365  0.407240 0.587744 0.699080  0.939069 0.754498 1 41 1.000000
0  -22.495651 -13.718092 -6.873132  0.414114 0.575448 0.705244  0.896004 0.772108 1 41 1.000000
v_ic_base
0  -7.322436 -36.785656 -6.902248  0.595548 0.725654 0.344601  0.294537 0.809234 1 38 1.000000
0  -7.329167 -36.468731 -8.075560  0.690160 0.723499 0.015098  0.278061 0.781546 1 38 1.000000
0  -7.621789 -36.466545 -7.056874  0.594532 0.725601 0.346461  0.294537 0.781546 1 38 1.000000
v_ic_base
0  -22.424940 -13.530726 -7.067534  -0.087292 0.995440 -0.038473  0.892463 0.779270 1 41 1.000000
0  -21.009380 -13.370363 -6.130120  -0.087291 0.995440 -0.038472  0.856446 0.743690 1 41 1.000000
0  -20.551037 -13.412424 -8.258324  -0.087291 0.995440 -0.038473  0.830845 0.804318 1 41 1.000000
v_ic_base
0  -20.551037 -13.412424 -8.258324  -0.087291 0.995440 -0.038473  0.830845 0.804318 1 41 1.000000
0  -21.009380 -13.370363 -6.130120  -0.087291 0.995440 -0.038472  0.856446 0.743690 1 41 1.000000
0  -19.325329 -13.234641 -6.439377  -0.087291 0.995440 -0.038472  0.805399 0.743625 1 41 1.000000
v_ic_base
0  -22.742790 -13.621789 -8.702498  -0.087292 0.995440 -0.038475  0.892463 0.829522 1 41 1.000000
0  -22.424940 -13.530726 -7.067534  -0.087292 0.995440 -0.038473  0.892463 0.779270 1 41 1.000000
0  -20.551037 -13.412424 -8.258324  -0.087291 0.995440 -0.038473  0.830845 0.804318 1 41 1.000000
v_ic_base
0  -16.194574 -21.449673 -10.215736  0.087291 -0.995440 0.038472  0.710044 0.853404 1 41 1.000000
0  -17.675053 -21.472141 -7.438010  0.087292 -0.995440 0.038473  0.769241 0.779114 1 41 1.000000
0  -17.992905 -21.563204 -9.072972  0.087292 -0.995440 0.038473  0.769242 0.829365 1 41 1.000000
v_ic_base
0  -22.424940 -13.530726 -7.067534  0.413160 0.577174 0.704393  0.892463 0.779270 1 41 1.000000
0  -24.223270 -13.644258 -5.924770  0.406897 0.588350 0.698770  0.951661 0.755231 1 41 1.000000
0  -23.892088 -13.806083 -5.981365  0.407240 0.587744 0.699080  0.939069 0.754498 1 41 1.000000
v_ic_base
0  -19.325329 -13.234641 -6.439377  0.685349 0.515957 -0.513892  0.805399 0.743625 1 41 1.000000
0  -18.207594 -13.269027 -4.983253  0.680909 0.525349 -0.510267  0.780376 0.697892 1 41 1.000000
0  -19.125000 -13.401892 -6.339466  0.686073 0.514403 -0.514484  0.798095 0.739947 1 41 1.000000
v_ic_base
0  -19.325329 -13.234641 -6.439377  0.685349 0.515957 -0.513892  0.805399 0.743625 1 41 1.000000
0  -18.149057 -13.064027 -4.693787  0.680654 0.525880 -0.510059  0.780981 0.685444 1 41 1.000000
0  -18.207594 -13.269027 -4.983253  0.680909 0.525349 -0.510267  0.780376 0.697892 1 41 1.000000
v_ic_base
0  -17.464828 -21.333109 -4.317648  0.087291 -0.995440 0.038471  0.780997 0.685444 1 41 1.000000
0  -20.325153 -21.639446 -5.753982  0.087291 -0.995440 0.038474  0.856462 0.743690 1 41 1.000000
0  -18.641102 -21.503723 -6.063239  0.087291 -0.995440 0.038472  0.805415 0.743625 1 41 1.000000
v_ic_base
0  -21.449240 -13.330001 -4.087744  -0.867068 0.457398 -0.197434  0.881015 0.685444 1 41 1.000000
0  -21.009380 -13.370363 -6.130120  -0.873655 0.444903 -0.196948  0.856446 0.743690 1 41 1.000000
0  -21.142868 -13.564843 -5.977289  -0.873246 0.445691 -0.196980  0.863729 0.740254 1 41 1.000000
v_ic_base
0  -20.551037 -13.412424 -8.258324  -0.087291 0.995440 -0.038473  0.830845 0.804318 1 41 1.000000
0  -19.325329 -13.234641 -6.439377  -0.087291 0.995440 -0.038472  0.805399 0.743625 1 41 1.000000
0  -18.359280 -13.203060 -7.814148  -0.087292 0.995440 -0.038472  0.769225 0.779114 1 41 1.000000
v_ic_base
0  -12.410499 -13.560677 -16.546474  -0.741454 0.669263 -0.048301  0.167546 0.870739 1 38 1.000000
0  -12.287740 -13.432314 -15.027843  -0.738394 0.655622 0.157904  0.169151 0.913136 1 38 1.000000
0  -12.282842 -13.421663 -16.577297  -0.741874 0.667816 -0.060371  0.171787 0.869834 1 38 1.000000
v_ic_base
0  -15.897834 -21.109798 -6.977029  0.087292 -0.995440 0.038472  0.722883 0.754363 1 41 1.000000
0  -18.470030 -21.296761 -5.978333  0.087292 -0.995440 0.038472  0.798111 0.739947 1 41 1.000000
0  -17.533297 -21.266138 -7.311384  0.087292 -0.995440 0.038473  0.765557 0.771914 1 41 1.000000
v_ic_base
0  -14.465239 -21.165529 -6.787519  0.087291 -0.995440 0.038473  0.680709 0.742866 1 41 1.000000
0  -17.464828 -21.333109 -4.317648  0.087291 -0.995440 0.038471  0.780997 0.685444 1 41 1.000000
0  -15.571690 -21.271221 -7.011748  0.087291 -0.995440 0.038473  0.710171 0.754925 1 41 1.000000
v_ic_base
0  -24.469313 -22.174164 -4.939430  0.978577 0.068728 -0.194071  0.987198 0.740767 1 41 1.000000
0  -25.268379 -22.197483 -8.976851  0.978576 0.068742 -0.194072  0.980873 0.865739 1 41 1.000000
0  -24.485037 -21.973061 -4.947494  0.978577 0.068728 -0.194071  0.981036 0.743277 1 41 1.000000
v_ic_base
0  -14.943699 -21.572813 -10.992987  0.087290 -0.995440 0.038475  0.664687 0.871872 1 41 1.000000
0  -14.449516 -21.366629 -6.779456  0.087287 -0.995440 0.038470  0.674453 0.740327 1 41 1.000000
0  -15.232858 -21.591051 -10.808812  0.087290 -0.995440 0.038475  0.674453 0.867912 1 41 1.000000
v_ic_base
0  -16.255917 -13.002137 -7.387886  -0.218853 0.499205 0.838390  0.710155 0.754925 1 41 1.000000
0  -18.188267 -13.371269 -7.672516  -0.217931 0.490020 0.844030  0.765541 0.771914 1 41 1.000000
0  -16.552805 -13.214931 -7.338162  -0.219055 0.501236 0.837125  0.722867 0.754363 1 41 1.000000
v_ic_base
0  -16.255917 -13.002137 -7.387886  -0.218853 0.499205 0.838390  0.710155 0.754925 1 41 1.000000
0  -18.359280 -13.203060 -7.814148  -0.217873 0.489456 0.844372  0.769225 0.779114 1 41 1.000000
0  -18.188267 -13.371269 -7.672516  -0.217931 0.490020 0.844030  0.765541 0.771914 1 41 1.000000
v_ic_base
0  -15.289289 -20.869289 -10.837752  -0.087295 0.995439 -0.038470  0.674436 0.867912 1 41 1.000000
0  -14.167684 -20.612558 -6.739995  -0.087293 0.995439 -0.038473  0.664740 0.736405 1 41 1.000000
0  -15.000130 -20.851049 -11.021927  -0.087295 0.995439 -0.038470  0.664671 0.871872 1 41 1.000000
v_ic_base
0  -18.359280 -13.203060 -7.814148  -0.087292 0.995440 -0.038472  0.769225 0.779114 1 41 1.000000
0  -18.677134 -13.294121 -9.449111  -0.087291 0.995440 -0.038472  0.769226 0.829365 1 41 1.000000
0  -20.551037 -13.412424 -8.258324  -0.087291 0.995440 -0.038473  0.830845 0.804318 1 41 1.000000
v_ic_base
0  -22.058563 -21.890871 -8.326359  0.087291 -0.995440 0.038472  0.892479 0.829522 1 41 1.000000
0  -23.539045 -21.913340 -5.548633  0.087291 -0.995440 0.038472  0.951677 0.755231 1 41 1.000000
0  -24.161928 -22.091791 -8.752622  0.087291 -0.995440 0.038473  0.951549 0.853710 1 41 1.000000
v_ic_base
0  -9.608776 -17.367397 -7.314373  -0.626782 -0.103463 0.772295  0.938610 0.038873 1 38 1.000000
0  -9.488299 -18.170435 -7.324176  -0.626782 -0.103463 0.772295  0.873829 0.038800 1 38 1.000000
0  -9.395773 -18.057556 -7.233961  -0.626782 -0.103463 0.772295  0.881678 0.030540 1 38 1.000000
v_ic_base
0  -14.142211 -19.536989 -7.280733  -0.918082 -0.084959 -0.387178  0.759893 0.565234 1 38 1.000000
0  -14.714476 -14.770634 -6.969656  -0.955024 -0.096361 -0.280434  0.857153 0.560886 1 38 1.000000
0  -14.593253 -14.764745 -7.398660  -0.957412 -0.097207 -0.271868  0.857153 0.565234 1 38 1.000000
v_ic_base
0  -9.259792 -18.162947 -7.584093  0.884590 0.071401 -0.460871  0.873331 0.002175 1 38 1.000000
0  -9.341815 -17.351965 -7.615880  0.884590 0.071401 -0.460871  0.938559 0.002175 1 38 1.000000
0  -9.202543 -18.047474 -7.456319  0.884590 0.071401 -0.460871  0.881589 0.011268 1 38 1.000000
v_ic_base
0  -7.558460 -29.122961 -8.701641  -0.993347 -0.104693 0.047961  0.407397 0.046961 1 39 1.000000
0  -8.230021 -24.025469 -11.483546  -0.993349 -0.104619 0.048096  0.473776 0.025805 1 39 1.000000
0  -7.673376 -29.238308 -11.338950  -0.993347 -0.104745 0.047865  0.407397 0.025805 1 39 1.000000
v_ic_base
0  -12.266359 -36.693745 -11.551970  -0.731974 -0.135279 -0.667767  0.212662 0.479737 1 38 1.000000
0  -11.382706 -36.865875 -12.485752  -0.564826 -0.122646 -0.816045  0.223324 0.502431 1 38 1.000000
0  -12.237984 -36.912956 -11.538664  -0.731972 -0.135278 -0.667770  0.223324 0.479737 1 38 1.000000
v_ic_base
0  -12.247671 -16.504787 -15.977603  0.504492 0.556180 0.660418  0.727800 -0.168100 0
0  -12.556377 -15.978916 -16.184654  0.504492 0.556180 0.660418  0.724900 -0.224700 0
0  -12.622458 -15.934906 -16.171242  0.504492 0.556180 0.660418  0.284900 -0.203200 0
v_ic_base
0  -6.080775 -27.628941 -14.061041  0.464048 -0.884159 -0.054052  0.205982 0.014522 1 39 1.000000
0  -7.145951 -28.604572 -9.008429  0.500785 -0.863409 -0.061146  0.275778 0.125612 1 39 1.000000
0  -7.260561 -28.670849 -11.847435  0.652741 -0.757531 -0.008667  0.231216 0.078127 1 39 1.000000
v_ic_base
0  -6.080775 -27.628941 -14.061041  0.464048 -0.884159 -0.054052  0.205982 0.014522 1 39 1.000000
0  -6.085664 -28.021946 -10.188215  0.413529 -0.905891 -0.091406  0.270168 0.074917 1 39 1.000000
0  -7.145951 -28.604572 -9.008429  0.500785 -0.863409 -0.061146  0.275778 0.125612 1 39 1.000000
v_ic_base
0  -5.398387 -27.531540 -11.364637  0.463505 -0.881965 -0.085443  0.261293 0.042282 1 39 1.000000
0  -6.085664 -28.021946 -10.188215  0.413529 -0.905891 -0.091406  0.270168 0.074917 1 39 1.000000
0  -6.080775 -27.628941 -14.061041  0.464048 -0.884159 -0.054052  0.205982 0.014522 1 39 1.000000
v_ic_base
0  -5.398387 -27.531540 -11.364637  0.463505 -0.881965 -0.085443  0.261293 0.042282 1 39 1.000000
0  -6.080775 -27.628941 -14.061041  0.464048 -0.884159 -0.054052  0.205982 0.014522 1 39 1.000000
0  -5.575716 -27.495066 -13.364794  0.313583 -0.948489 -0.045094  0.223695 0.014522 1 39 1.000000
v_ic_base
0  -9.486272 -28.952740 -13.633452  0.231356 -0.947510 -0.220681  0.164707 0.081490 1 39 1.000000
0  -11.033445 -29.165529 -13.690903  0.140945 -0.964485 -0.223391  0.139777 0.101413 1 39 1.000000
0  -9.506272 -28.603596 -15.153507  0.277097 -0.934644 -0.222840  0.137971 0.059339 1 39 1.000000
v_ic_base
0  -9.486272 -28.952740 -13.633452  0.231356 -0.947510 -0.220681  0.164707 0.081490 1 39 1.000000
0  -9.506272 -28.603596 -15.153507  0.277097 -0.934644 -0.222840  0.137971 0.059339 1 39 1.000000
0  -6.080775 -27.628941 -14.061041  0.335179 -0.913419 -0.230913  0.205982 0.014522 1 39 1.000000
v_ic_base
0  -6.080775 -27.628941 -14.061041  0.335179 -0.913419 -0.230913  0.205982 0.014522 1 39 1.000000
0  -9.506272 -28.603596 -15.153507  0.277097 -0.934644 -0.222840  0.137971 0.059339 1 39 1.000000
0  -8.292089 -28.056856 -15.550199  0.334875 -0.912470 -0.235070  0.147628 0.032051 1 39 1.000000
v_ic_base
0  -6.080775 -27.628941 -14.061041  0.335179 -0.913419 -0.230913  0.205982 0.014522 1 39 1.000000
0  -8.292089 -28.056856 -15.550199  0.334875 -0.912470 -0.235070  0.147628 0.032051 1 39 1.000000
0  -6.563794 -27.645348 -14.668734  0.342014 -0.906545 -0.247393  0.187409 0.014522 1 39 1.000000
v_ic_base
0  -12.297054 -16.540226 -15.984630  0.280317 -0.204688 -0.937830  0.730000 -0.170100 0
0  -12.556377 -15.978916 -16.184654  0.280317 -0.204688 -0.937830  0.724900 -0.224700 0
0  -12.247671 -16.504787 -15.977603  0.280317 -0.204688 -0.937830  0.727800 -0.168100 0
v_ic_base
0  -6.080775 -27.628941 -14.061041  -0.125076 0.001294 -0.992146  0.196887 0.323431 1 39 1.000000
0  -9.501211 -29.382460 -13.632130  -0.024859 0.000162 -0.999691  0.224712 0.250189 1 39 1.000000
0  -9.486272 -28.952740 -13.633452  -0.057724 -0.001066 -0.998332  0.233945 0.253569 1 39 1.000000
v_ic_base
0  -6.080775 -27.628941 -14.061041  0.422365 -0.828698 -0.367244  0.196887 0.323431 1 39 1.000000
0  -8.345123 -29.424129 -12.614354  0.400382 -0.836820 -0.373398  0.196887 0.250189 1 39 1.000000
0  -9.501211 -29.382460 -13.632130  0.229720 -0.888073 -0.398190  0.224712 0.250189 1 39 1.000000
v_ic_base
0  -6.080775 -27.628941 -14.061041  0.422365 -0.828698 -0.367244  0.196887 0.323431 1 39 1.000000
0  -7.253901 -29.096790 -11.790978  0.501442 -0.842111 -0.198506  0.170349 0.250189 1 39 1.000000
0  -8.345123 -29.424129 -12.614354  0.400382 -0.836820 -0.373398  0.196887 0.250189 1 39 1.000000
v_ic_base
0  -6.080775 -27.628941 -14.061041  0.863686 0.079475 0.497724  0.196887 0.323431 1 39 1.000000
0  -7.260561 -28.670849 -11.847435  0.863686 0.079475 0.497724  0.161511 0.253569 1 39 1.000000
0  -7.253901 -29.096790 -11.790978  0.863686 0.079475 0.497724  0.170349 0.250189 1 39 1.000000
v_ic_base
0  -6.106547 -27.799538 -10.193123  -0.346036 0.938063 0.017221  0.142922 0.151000 1 39 1.000000
0  -7.327588 -28.208736 -11.894494  -0.356220 0.930831 0.081615  0.180835 0.153556 1 39 1.000000
0  -7.193849 -28.101078 -9.018063  -0.289535 0.956906 -0.022353  0.140419 0.198502 1 39 1.000000
v_ic_base
0  -6.220538 -27.612162 -13.317059  -0.388894 0.909385 0.147586  0.182764 0.115096 1 39 1.000000
0  -7.327588 -28.208736 -11.894494  -0.356220 0.930831 0.081615  0.180835 0.153556 1 39 1.000000
0  -6.106547 -27.799538 -10.193123  -0.346036 0.938063 0.017221  0.142922 0.151000 1 39 1.000000
v_ic_base
0  -6.220538 -27.612162 -13.317059  -0.388894 0.909385 0.147586  0.182764 0.115096 1 39 1.000000
0  -8.182946 -28.337345 -12.988767  -0.291852 0.915353 0.277402  0.208077 0.147125 1 39 1.000000
0  -7.327588 -28.208736 -11.894494  -0.356220 0.930831 0.081615  0.180835 0.153556 1 39 1.000000
v_ic_base
0  -6.220538 -27.612162 -13.317059  -0.388894 0.909385 0.147586  0.182764 0.115096 1 39 1.000000
0  -9.513778 -28.495773 -13.664284  -0.215838 0.969121 0.119244  0.236763 0.153713 1 39 1.000000
0  -8.182946 -28.337345 -12.988767  -0.291852 0.915353 0.277402  0.208077 0.147125 1 39 1.000000
v_ic_base
0  -11.064639 -28.721558 -13.685308  -0.144678 0.985052 0.093489  0.260007 0.173894 1 39 1.000000
0  -9.513778 -28.495773 -13.664284  -0.215838 0.969121 0.119244  0.236763 0.153713 1 39 1.000000
0  -9.528179 -28.353828 -15.182141  -0.245135 0.963229 0.109996  0.261432 0.134192 1 39 1.000000
v_ic_base
0  -7.401990 -27.854424 -14.247185  -0.305117 0.936491 0.172883  0.212876 0.115689 1 39 1.000000
0  -9.528179 -28.353828 -15.182141  -0.245135 0.963229 0.109996  0.261432 0.134192 1 39 1.000000
0  -9.513778 -28.495773 -13.664284  -0.215838 0.969121 0.119244  0.236763 0.153713 1 39 1.000000
v_ic_base
0  -6.220538 -27.612162 -13.317059  -0.388894 0.909385 0.147586  0.182764 0.115096 1 39 1.000000
0  -7.401990 -27.854424 -14.247185  -0.305117 0.936491 0.172883  0.212876 0.115689 1 39 1.000000
0  -9.513778 -28.495773 -13.664284  -0.215838 0.969121 0.119244  0.236763 0.153713 1 39 1.000000
v_ic_base
0  -6.544633 -27.417507 -14.700184  -0.355320 0.910621 0.210988  0.216493 0.092957 1 39 1.000000
0  -7.401990 -27.854424 -14.247185  -0.305117 0.936491 0.172883  0.212876 0.115689 1 39 1.000000
0  -6.220538 -27.612162 -13.317059  -0.388894 0.909385 0.147586  0.182764 0.115096 1 39 1.000000
v_ic_base
0  -6.544633 -27.417507 -14.700184  -0.355320 0.910621 0.210988  0.216493 0.092957 1 39 1.000000
0  -6.220538 -27.612162 -13.317059  -0.388894 0.909385 0.147586  0.182764 0.115096 1 39 1.000000
0  -5.539405 -27.265539 -13.393702  -0.436074 0.890045 0.132887  0.183100 0.093184 1 39 1.000000
v_ic_base
0  -5.539405 -27.265539 -13.393702  -0.436074 0.890045 0.132887  0.183100 0.093184 1 39 1.000000
0  -6.220538 -27.612162 -13.317059  -0.388894 0.909385 0.147586  0.182764 0.115096 1 39 1.000000
0  -6.106547 -27.799538 -10.193123  -0.346036 0.938063 0.017221  0.142922 0.151000 1 39 1.000000
v_ic_base
0  -5.539405 -27.265539 -13.393702  -0.436074 0.890045 0.132887  0.183100 0.093184 1 39 1.000000
0  -6.106547 -27.799538 -10.193123  -0.346036 0.938063 0.017221  0.142922 0.151000 1 39 1.000000
0  -5.381974 -27.357485 -11.345064  -0.431619 0.899055 0.073518  0.148953 0.120134 1 39 1.000000
v_ic_base
0  -9.528179 -28.353828 -15.182141  -0.245135 0.963229 0.109996  0.261432 0.134192 1 39 1.000000
0  -7.401990 -27.854424 -14.247185  -0.305117 0.936491 0.172883  0.212876 0.115689 1 39 1.000000
0  -6.544633 -27.417507 -14.700184  -0.355320 0.910621 0.210988  0.216493 0.092957 1 39 1.000000
v_ic_base
0  -9.528179 -28.353828 -15.182141  -0.245135 0.963229 0.109996  0.261432 0.134192 1 39 1.000000
0  -6.544633 -27.417507 -14.700184  -0.355320 0.910621 0.210988  0.216493 0.092957 1 39 1.000000
0  -8.306628 -27.904154 -15.621368  -0.312416 0.944832 0.098434  0.253149 0.108501 1 39 1.000000
v_ic_base
0  -8.820469 -18.936457 -11.660069  0.806898 0.058934 -0.587744  0.759457 0.205982 1 38 1.000000
0  -10.323719 -11.013846 -12.924048  0.804216 0.058228 -0.591478  0.989434 0.168373 1 38 1.000000
0  -9.633532 -10.897458 -11.975153  0.803932 0.058111 -0.591875  0.989434 0.205982 1 38 1.000000
v_ic_base
0  -13.007588 -10.566662 -13.437543  -0.193614 0.897161 -0.397008  0.832543 0.114714 1 38 1.000000
0  -11.407918 -10.612963 -13.763661  -0.001382 0.842307 -0.538997  0.768569 0.125007 1 38 1.000000
0  -12.972207 -10.784748 -13.835012  -0.135791 0.829593 -0.541605  0.832749 0.125007 1 38 1.000000
v_ic_base
0  -22.717339 -18.391138 -3.676761  -0.327349 0.011373 0.944835  0.824672 0.623109 1 41 1.000000
0  -22.410700 -18.958973 -3.563686  -0.325037 0.012780 0.945615  0.838692 0.629126 1 41 1.000000
0  -22.461180 -18.362968 -3.587911  -0.328717 0.010539 0.944369  0.823662 0.629126 1 41 1.000000
v_ic_base
0  -8.994237 -35.910175 -12.967421  0.262103 0.027110 -0.964659  0.266364 0.126509 1 38 1.000000
0  -9.212607 -23.852066 -12.424600  0.129629 -0.001652 -0.991561  0.625040 0.161122 1 38 1.000000
0  -7.836775 -35.796555 -12.354166  0.236778 0.021114 -0.971334  0.266364 0.161122 1 38 1.000000
v_ic_base
0  -14.346690 -10.629751 -6.984078  -0.645837 -0.034823 0.762681  0.165378 0.352720 1 38 1.000000
0  -13.188116 -10.816602 -6.375187  -0.267944 0.015141 0.963315  0.176772 0.362822 1 38 1.000000
0  -13.213725 -10.481238 -6.387919  -0.259423 0.016849 0.965617  0.176772 0.352720 1 38 1.000000
v_ic_ammo
0  -10.404402 -21.895287 -12.330325  0.887179 0.018002 -0.461074  0.240010 0.328729 1 42 1.000000
0  -10.851001 -21.473637 -13.173189  0.616578 -0.080944 -0.783122  0.308690 0.442542 1 42 1.000000
0  -10.421476 -21.226057 -12.325188  0.987341 0.156308 -0.026925  0.308690 0.318615 1 42 1.000000
v_ic_ammo
0  -10.432859 -21.909575 -12.324883  0.450172 -0.892902 0.008508  0.224107 0.343478 1 42 1.000000
0  -10.724947 -22.062681 -12.938951  0.458079 -0.888903 0.003761  0.240010 0.431270 1 42 1.000000
0  -10.404402 -21.895287 -12.330325  0.449982 -0.892996 0.008621  0.240010 0.328729 1 42 1.000000
v_ic_base
0  -10.375103 -31.514444 -5.009422  -0.077521 0.838808 -0.538879  0.154623 0.597484 1 38 1.000000
0  -10.566204 -31.674871 -5.231649  -0.076907 0.838616 -0.539267  0.141735 0.613800 1 38 1.000000
0  -10.550819 -31.537821 -5.019620  -0.080555 0.839754 -0.536959  0.154623 0.615933 1 38 1.000000
v_ic_base
0  -5.575716 -27.495066 -13.364794  0.926156 -0.185652 -0.328280  0.241358 0.012399 1 39 1.000000
0  -6.080775 -27.628941 -14.061041  0.786350 -0.039255 -0.616532  0.227114 0.012399 1 39 1.000000
0  -5.539405 -27.265539 -13.393702  0.923781 -0.175588 -0.340291  0.241209 0.002734 1 39 1.000000
v_ic_base
0  -6.563794 -27.645348 -14.668734  0.646437 -0.154099 -0.747243  0.212178 0.012399 1 39 1.000000
0  -5.539405 -27.265539 -13.393702  0.923781 -0.175588 -0.340291  0.241209 0.002734 1 39 1.000000
0  -6.080775 -27.628941 -14.061041  0.786350 -0.039255 -0.616532  0.227114 0.012399 1 39 1.000000
v_ic_base
0  -6.563794 -27.645348 -14.668734  0.646437 -0.154099 -0.747243  0.212178 0.012399 1 39 1.000000
0  -6.544633 -27.417507 -14.700184  0.669649 -0.156532 -0.725994  0.212384 0.002734 1 39 1.000000
0  -5.539405 -27.265539 -13.393702  0.923781 -0.175588 -0.340291  0.241209 0.002734 1 39 1.000000
v_ic_base
0  -11.384376 -36.766033 -6.397626  0.083891 -0.996130 0.026236  0.036478 0.433780 1 38 1.000000
0  -10.536865 -36.671852 -5.531416  0.083888 -0.996130 0.026219  0.015587 0.455602 1 38 1.000000
0  -11.652623 -36.781235 -6.117032  0.083890 -0.996130 0.026236  0.029099 0.427545 1 38 1.000000
v_ic_base
0  -22.920776 -15.819154 -3.802766  -0.091560 0.995791 0.004066  0.758056 0.623109 1 41 1.000000
0  -23.211479 -15.848338 -3.201314  0.032223 0.997431 0.063979  0.759476 0.618883 1 41 1.000000
0  -22.662693 -15.790402 -3.704690  -0.109040 0.994027 -0.004468  0.758806 0.629126 1 41 1.000000
v_ic_ammo
0  -12.475458 -21.971802 -11.570346  -0.615894 0.148412 0.773724  0.240010 0.823339 1 42 1.000000
0  -11.827002 -21.124022 -11.216784  -0.223553 0.288486 0.931021  0.308690 0.931075 1 42 1.000000
0  -12.632311 -21.355410 -11.824620  -0.895542 0.085886 0.436610  0.308690 0.810723 1 42 1.000000
v_ic_base
0  -10.873015 -17.624701 -18.613619  -0.117393 0.953051 0.279128  0.280303 0.712914 1 38 1.000000
0  -11.636255 -17.630430 -18.796757  -0.117599 0.878723 0.462619  0.265739 0.710141 1 38 1.000000
0  -11.634964 -17.708376 -18.648375  -0.117388 0.953171 0.278721  0.265739 0.712914 1 38 1.000000
v_ic_base
0  -11.417937 -16.264627 -16.286337  -0.112414 0.990451 0.079809  0.086521 0.872863 1 40 1.000000
0  -11.598233 -16.377882 -15.875977  -0.107818 0.993753 -0.028808  0.085975 0.884473 1 40 1.000000
0  -11.427181 -16.359098 -15.868175  -0.107813 0.993750 -0.028922  0.082764 0.884473 1 40 1.000000
v_ic_base
0  -11.466625 -16.619122 -14.425364  0.118082 -0.916552 -0.382086  0.072057 0.924604 1 40 1.000000
0  -11.635061 -16.448309 -14.887164  0.115273 -0.978384 -0.171690  0.075957 0.912093 1 40 1.000000
0  -11.465527 -16.429691 -14.879432  0.115266 -0.978428 -0.171442  0.079077 0.912093 1 40 1.000000
v_ic_base
0  -11.396312 -16.287279 -16.711750  -0.094002 0.962147 -0.255806  0.086314 0.860922 1 40 1.000000
0  -11.588989 -16.283413 -16.294140  -0.112417 0.990446 0.079871  0.090011 0.872863 1 40 1.000000
0  -11.417937 -16.264627 -16.286337  -0.112414 0.990451 0.079809  0.086521 0.872863 1 40 1.000000
v_ic_base
0  -14.332537 -19.913181 -6.700457  0.093376 -0.995189 0.029646  0.327177 0.648031 1 41 1.000000
0  -16.759630 -20.049992 -3.648449  0.093381 -0.995189 0.029646  0.259319 0.645161 1 41 1.000000
0  -14.567627 -19.940094 -6.863434  0.093375 -0.995189 0.029646  0.327177 0.645161 1 41 1.000000
v_ic_base
0  -11.411901 -16.578066 -15.725192  0.096957 -0.971931 0.214358  0.075161 0.888239 1 40 1.000000
0  -11.569894 -16.606619 -15.964819  0.114806 -0.981328 -0.154320  0.071449 0.881732 1 40 1.000000
0  -11.400360 -16.588001 -15.957087  0.114812 -0.981294 -0.154535  0.075130 0.881732 1 40 1.000000
v_ic_base
0  -13.130665 -19.450403 -12.774506  -0.722174 -0.099921 -0.684456  0.759437 0.168373 1 38 1.000000
0  -14.771482 -11.461688 -12.209510  -0.724225 -0.100502 -0.682200  0.989414 0.205982 1 38 1.000000
0  -13.950079 -11.412080 -13.089456  -0.724464 -0.100570 -0.681937  0.989414 0.168373 1 38 1.000000
v_ic_base
0  -10.896538 -17.691187 -19.049320  0.052144 -0.060850 -0.996784  0.134382 0.720279 1 38 1.000000
0  -11.716576 -16.192408 -19.183716  0.044280 0.011665 -0.998951  0.120346 0.709056 1 38 1.000000
0  -11.053558 -16.119598 -19.153475  0.044218 0.012235 -0.998947  0.134382 0.709056 1 38 1.000000
v_ic_base
0  -11.400360 -16.588001 -15.957087  0.114812 -0.981294 -0.154535  0.075130 0.881732 1 40 1.000000
0  -11.567730 -16.480143 -16.299490  0.113628 -0.986815 -0.115263  0.076321 0.872496 1 40 1.000000
0  -11.398197 -16.461525 -16.291758  0.113623 -0.986834 -0.115104  0.079856 0.872496 1 40 1.000000
v_ic_base
0  -11.427181 -16.359098 -15.868175  -0.107813 0.993750 -0.028922  0.082764 0.884473 1 40 1.000000
0  -11.633161 -16.246815 -15.403267  -0.100069 0.980772 -0.167551  0.089807 0.897858 1 40 1.000000
0  -11.462111 -16.228029 -15.395464  -0.100064 0.980804 -0.167365  0.086585 0.897858 1 40 1.000000
v_ic_base
0  -14.001405 -11.210643 -13.298572  -0.600066 -0.091834 -0.794662  0.032878 0.362822 1 38 1.000000
0  -14.893530 -10.925820 -12.342612  -0.742191 -0.101033 -0.662529  0.053924 0.352720 1 38 1.000000
0  -14.035232 -10.876182 -13.311681  -0.599641 -0.091802 -0.794986  0.032878 0.352720 1 38 1.000000
v_ic_base
0  -14.035232 -10.876182 -13.311681  -0.599641 -0.091802 -0.794986  0.032878 0.352720 1 38 1.000000
0  -12.938380 -11.119209 -13.821905  -0.434809 -0.079131 -0.897039  0.020928 0.362822 1 38 1.000000
0  -14.001405 -11.210643 -13.298572  -0.600066 -0.091834 -0.794662  0.032878 0.362822 1 38 1.000000
v_ic_base
0  -12.378063 -19.285574 -5.872930  0.835039 -0.183863 -0.518560  0.645666 0.951760 1 38 1.000000
0  -11.475738 -19.158783 -4.464922  0.817321 -0.290399 -0.497649  0.634875 0.992711 1 38 1.000000
0  -12.424440 -19.395985 -5.909534  0.835625 -0.178787 -0.519390  0.650479 0.951004 1 38 1.000000
v_ic_base
0  -7.110160 -28.967310 -9.002475  0.712406 0.081730 0.696992  0.016109 0.208908 1 39 1.000000
0  -7.145951 -28.604572 -9.008429  0.715191 0.081414 0.694171  0.026205 0.208908 1 39 1.000000
0  -7.396939 -29.170406 -8.685533  0.700973 0.087114 0.707848  0.011941 0.215689 1 39 1.000000
v_ic_base
0  -7.396939 -29.170406 -8.685533  0.700973 0.087114 0.707848  0.011941 0.215689 1 39 1.000000
0  -7.145951 -28.604572 -9.008429  0.715191 0.081414 0.694171  0.026205 0.208908 1 39 1.000000
0  -7.193849 -28.101078 -9.018063  0.696362 0.091326 0.711857  0.033500 0.208908 1 39 1.000000
v_ic_base
0  -7.396939 -29.170406 -8.685533  0.700973 0.087114 0.707848  0.011941 0.215689 1 39 1.000000
0  -7.193849 -28.101078 -9.018063  0.696362 0.091326 0.711857  0.033500 0.208908 1 39 1.000000
0  -7.969123 -23.822933 -8.875186  0.711267 0.105685 0.694932  0.118963 0.215689 1 39 1.000000
v_ic_base
0  -7.969123 -23.822933 -8.875186  0.711267 0.105685 0.694932  0.118963 0.215689 1 39 1.000000
0  -7.193849 -28.101078 -9.018063  0.696362 0.091326 0.711857  0.033500 0.208908 1 39 1.000000
0  -7.652062 -23.976940 -9.178959  0.714340 0.106351 0.691670  0.117851 0.208908 1 39 1.000000
v_ic_base
0  -11.055737 -15.310959 -18.684233  0.106129 -0.992386 0.062502  0.280303 0.696716 1 38 1.000000
0  -12.127077 -15.252813 -15.941930  0.107883 -0.993786 0.027399  0.265739 0.670404 1 38 1.000000
0  -11.920705 -15.405946 -18.723686  0.106128 -0.992386 0.062502  0.265739 0.696716 1 38 1.000000
v_ic_base
0  -12.234823 -29.771927 -12.784787  -0.182221 -0.929194 -0.321550  0.008733 0.078522 1 39 1.000000
0  -13.427069 -29.653440 -12.061401  -0.336948 -0.922846 -0.186603  0.016109 0.056934 1 39 1.000000
0  -12.398472 -29.616650 -13.138632  -0.163257 -0.928900 -0.332404  0.016109 0.078522 1 39 1.000000
v_ic_base
0  -8.340004 -36.506077 -6.261561  0.083885 -0.996130 0.026244  0.036478 0.508565 1 38 1.000000
0  -7.262615 -36.431805 -6.886211  0.083884 -0.996130 0.026235  0.053446 0.534217 1 38 1.000000
0  -8.100595 -36.477928 -5.958279  0.083885 -0.996130 0.026238  0.029099 0.514800 1 38 1.000000
v_ic_ammo
0  -10.589494 -20.385784 -12.592629  0.965480 0.251911 -0.066249  0.454380 0.318615 1 42 1.000000
0  -11.099249 -20.251204 -13.433897  0.567742 0.034908 -0.822466  0.497289 0.431275 1 42 1.000000
0  -10.710816 -20.048349 -12.696486  0.945802 0.309472 -0.098417  0.495573 0.315280 1 42 1.000000
v_ic_base
0  -11.093328 -13.164995 -6.614281  -0.185850 -0.744967 0.640691  0.792926 0.549288 1 38 1.000000
0  -10.590658 -13.261107 -6.580222  -0.186094 -0.747185 0.638030  0.788657 0.524509 1 38 1.000000
0  -10.774989 -13.088050 -6.406018  -0.190515 -0.789810 0.583013  0.798693 0.535355 1 38 1.000000
v_ic_base
0  -7.514031 -29.296165 -11.544219  0.547894 -0.831245 -0.094040  0.008733 0.166786 1 39 1.000000
0  -8.345123 -29.424129 -12.614354  0.400382 -0.836820 -0.373398  0.009980 0.144202 1 39 1.000000
0  -7.253901 -29.096790 -11.790978  0.501442 -0.842111 -0.198506  0.016109 0.166786 1 39 1.000000
v_ic_base
0  -8.230021 -24.025469 -11.483546  -0.365187 0.930795 0.016110  0.129734 0.166786 1 39 1.000000
0  -7.969123 -23.822933 -8.875186  -0.434468 0.900299 -0.026452  0.124583 0.211847 1 39 1.000000
0  -8.083318 -23.964457 -11.686872  -0.308566 0.949246 0.060982  0.124583 0.166786 1 39 1.000000
v_ic_base
0  -8.230021 -24.025469 -11.483546  -0.365187 0.930795 0.016110  0.129734 0.166786 1 39 1.000000
0  -8.117805 -23.895220 -8.887956  -0.435264 0.899918 -0.026343  0.129734 0.216001 1 39 1.000000
0  -7.969123 -23.822933 -8.875186  -0.434468 0.900299 -0.026452  0.124583 0.211847 1 39 1.000000
v_ic_base
0  -11.510605 -24.544170 -13.800933  -0.144060 0.894998 -0.422167  0.117851 0.099722 1 39 1.000000
0  -12.746496 -24.446161 -12.902127  -0.316821 0.873366 -0.369942  0.124583 0.078522 1 39 1.000000
0  -11.483727 -24.354673 -13.408362  -0.149855 0.894376 -0.421468  0.124583 0.099722 1 39 1.000000
v_ic_base
0  -10.536865 -36.671852 -5.531416  -0.100859 -0.767116 0.633530  0.015587 0.455602 1 38 1.000000
0  -9.267404 -36.501247 -5.404675  0.168934 -0.738438 0.652817  0.009918 0.487639 1 38 1.000000
0  -10.561276 -36.611729 -5.462503  -0.101370 -0.767166 0.633388  0.009918 0.454708 1 38 1.000000
v_ic_base
0  -10.015880 -36.353382 -3.219416  0.154148 -0.981834 0.110637  0.076377 0.627431 1 38 1.000000
0  -10.068810 -36.366142 -3.301391  0.028665 -0.994536 0.100384  0.071943 0.623240 1 38 1.000000
0  -10.009133 -36.361046 -3.298724  0.130035 -0.986060 0.103812  0.076532 0.623240 1 38 1.000000
v_ic_base
0  -11.009146 -29.518332 -13.698313  -0.153727 -0.010922 -0.988053  0.016109 0.099722 1 39 1.000000
0  -12.398472 -29.616650 -13.138632  -0.554021 -0.073498 -0.829252  0.016109 0.078522 1 39 1.000000
0  -12.885101 -24.643757 -13.249908  -0.555042 -0.073851 -0.828537  0.117851 0.078522 1 39 1.000000
v_ic_base
0  -9.246140 -36.912010 -5.549068  0.077916 0.677785 0.731120  0.356946 0.809234 1 38 1.000000
0  -8.340004 -36.506077 -6.261561  0.372485 0.707824 0.600199  0.335406 0.781546 1 38 1.000000
0  -9.341556 -36.579506 -5.847146  0.070506 0.676992 0.732606  0.356946 0.781546 1 38 1.000000
v_ic_base
0  -10.955891 -29.682287 -13.300272  0.004446 -0.924485 -0.381191  0.008733 0.099722 1 39 1.000000
0  -12.398472 -29.616650 -13.138632  -0.163257 -0.928900 -0.332404  0.016109 0.078522 1 39 1.000000
0  -11.009146 -29.518332 -13.698313  0.012034 -0.923913 -0.382414  0.016109 0.099722 1 39 1.000000
v_ic_base
0  -9.501211 -29.382460 -13.632130  0.229720 -0.888073 -0.398190  0.016109 0.122657 1 39 1.000000
0  -8.345123 -29.424129 -12.614354  0.400382 -0.836820 -0.373398  0.009980 0.144202 1 39 1.000000
0  -9.567677 -29.558157 -13.239433  0.191904 -0.907609 -0.373389  0.008733 0.122657 1 39 1.000000
v_ic_base
0  -13.901505 -24.434631 -9.140559  0.265764 0.964026 0.004764  0.129734 0.009753 1 39 1.000000
0  -13.533270 -24.520073 -11.715166  0.186441 0.981577 0.041779  0.129734 0.056934 1 39 1.000000
0  -13.668990 -24.484951 -11.930832  0.125958 0.988634 0.082085  0.124583 0.056934 1 39 1.000000
v_ic_base
0  -13.901505 -24.434631 -9.140559  0.265764 0.964026 0.004764  0.129734 0.009753 1 39 1.000000
0  -13.668990 -24.484951 -11.930832  0.125958 0.988634 0.082085  0.124583 0.056934 1 39 1.000000
0  -14.060827 -24.390577 -9.141249  0.266488 0.963826 0.004828  0.124583 0.013907 1 39 1.000000
v_ic_base
0  -8.083318 -23.964457 -11.686872  0.350724 0.922021 -0.163923  0.124583 0.166786 1 39 1.000000
0  -7.652062 -23.976940 -9.178959  0.389408 0.918950 -0.062388  0.117851 0.208908 1 39 1.000000
0  -7.793327 -24.117939 -11.926430  0.312872 0.924892 -0.216071  0.117851 0.166786 1 39 1.000000
v_ic_base
0  -10.679690 -10.565266 -6.806064  0.568267 0.090403 0.817863  0.165394 0.362822 1 38 1.000000
0  -11.901025 -10.337082 -6.328044  0.165198 0.059745 0.984449  0.176789 0.352720 1 38 1.000000
0  -11.858978 -10.670641 -6.314560  0.170311 0.061225 0.983486  0.176789 0.362822 1 38 1.000000
v_ic_base
0  -11.510605 -24.544170 -13.800933  0.739733 0.060414 -0.670183  0.117851 0.099722 1 39 1.000000
0  -11.064639 -28.721558 -13.685308  0.739733 0.060414 -0.670183  0.033500 0.099722 1 39 1.000000
0  -11.033445 -29.165529 -13.690903  0.739733 0.060414 -0.670183  0.026205 0.099722 1 39 1.000000
v_ic_base
0  -11.510605 -24.544170 -13.800933  -0.367681 -0.060058 -0.928011  0.117851 0.099722 1 39 1.000000
0  -11.033445 -29.165529 -13.690903  -0.140526 0.005939 -0.990059  0.026205 0.099722 1 39 1.000000
0  -12.885101 -24.643757 -13.249908  -0.555042 -0.073851 -0.828537  0.117851 0.078522 1 39 1.000000
v_ic_base
0  -11.009146 -29.518332 -13.698313  -0.153727 -0.010922 -0.988053  0.016109 0.099722 1 39 1.000000
0  -12.885101 -24.643757 -13.249908  -0.555042 -0.073851 -0.828537  0.117851 0.078522 1 39 1.000000
0  -11.033445 -29.165529 -13.690903  -0.140526 0.005939 -0.990059  0.026205 0.099722 1 39 1.000000
v_ic_base
0  -8.702458 -18.924055 -9.446481  0.167567 0.984807 -0.045571  0.440349 0.105422 1 38 1.000000
0  -9.052579 -18.857628 -9.298371  0.166211 0.984881 -0.048808  0.445680 0.119144 1 38 1.000000
0  -8.696499 -18.915939 -9.241606  0.168262 0.984764 -0.043909  0.440349 0.122002 1 38 1.000000
v_ic_base
0  -13.861629 -10.637953 -12.968140  -0.321498 0.886472 -0.332877  0.040009 0.346622 1 38 1.000000
0  -14.261982 -10.415237 -11.588939  -0.429321 0.890419 -0.151122  0.069361 0.341039 2 38 0.750000 44 0.250000
0  -13.631680 -10.402113 -12.302259  -0.255841 0.935823 -0.242450  0.053836 0.341039 2 38 0.750000 44 0.250000
v_ic_base
0  -11.391358 -14.117890 -6.056156  -0.107073 0.993279 -0.043952  0.877468 0.472364 1 38 1.000000
0  -10.597005 -14.064363 -6.781580  -0.107073 0.993279 -0.043953  0.884551 0.440148 1 38 1.000000
0  -11.373768 -14.131764 -6.412539  -0.107072 0.993279 -0.043951  0.884551 0.472339 1 38 1.000000
v_ic_base
0  -8.381749 -38.058956 -9.427145  -0.463152 -0.019517 0.886064  0.122871 0.435233 1 38 1.000000
0  -11.889845 -11.333033 -10.672173  -0.263050 0.003942 0.964774  0.060438 0.458584 1 38 1.000000
0  -9.093655 -38.128746 -9.800795  -0.264038 0.003812 0.964505  0.122871 0.458584 1 38 1.000000
v_ic_base
0  -9.105762 -23.840757 -12.429355  -0.041286 -0.026694 -0.998791  0.625040 0.168373 1 38 1.000000
0  -7.836775 -35.796555 -12.354166  0.236778 0.021114 -0.971334  0.266364 0.161122 1 38 1.000000
0  -9.212607 -23.852066 -12.424600  0.129629 -0.001652 -0.991561  0.625040 0.161122 1 38 1.000000
v_ic_base
0  -12.877851 -10.335526 -12.694675  -0.154939 0.950672 -0.268733  0.824963 0.105431 2 38 0.750000 44 0.250000
0  -11.453651 -10.396014 -13.366663  0.021502 0.922700 -0.384919  0.768788 0.114714 1 38 1.000000
0  -13.007588 -10.566662 -13.437543  -0.193614 0.897161 -0.397008  0.832543 0.114714 1 38 1.000000
v_ic_ammo
0  -10.589494 -20.385784 -12.592629  0.965480 0.251911 -0.066249  0.454380 0.318615 1 42 1.000000
0  -10.851001 -21.473637 -13.173189  0.616578 -0.080944 -0.783122  0.308690 0.442542 1 42 1.000000
0  -11.006788 -20.602079 -13.385018  0.594968 -0.023259 -0.803413  0.454380 0.442542 1 42 1.000000
v_ic_ammo
0  -10.857838 -19.953171 -12.718977  -0.317374 0.927271 -0.198602  0.667302 0.935208 1 42 1.000000
0  -11.012259 -19.710032 -11.883658  -0.281082 0.868542 -0.408201  0.732112 0.909964 1 42 1.000000
0  -10.580914 -19.844776 -12.748031  -0.375117 0.906879 -0.191983  0.671952 0.958373 1 42 1.000000
v_ic_base
0  -7.558460 -29.122961 -8.701641  -0.286076 -0.956694 0.053821  0.003827 0.216001 1 39 1.000000
0  -7.673376 -29.238308 -11.338950  -0.216812 -0.970643 0.104138  0.003827 0.166786 1 39 1.000000
0  -7.514031 -29.296165 -11.544219  -0.152449 -0.975787 0.156839  0.008733 0.166786 1 39 1.000000
v_ic_base
0  -7.558460 -29.122961 -8.701641  -0.286076 -0.956694 0.053821  0.003827 0.216001 1 39 1.000000
0  -7.514031 -29.296165 -11.544219  -0.152449 -0.975787 0.156839  0.008733 0.166786 1 39 1.000000
0  -7.396939 -29.170406 -8.685533  -0.286361 -0.956610 0.053812  0.008733 0.211847 1 39 1.000000
v_ic_base
0  -13.037126 -29.719799 -11.573592  0.368233 -0.920547 0.130376  0.003827 0.056934 1 39 1.000000
0  -13.412548 -29.647760 -8.957849  0.435816 -0.895800 0.087217  0.003827 0.009753 1 39 1.000000
0  -13.565959 -29.722174 -8.955563  0.435521 -0.895949 0.087158  0.008733 0.013907 1 39 1.000000
v_ic_base
0  -13.037126 -29.719799 -11.573592  0.368233 -0.920547 0.130376  0.003827 0.056934 1 39 1.000000
0  -13.565959 -29.722174 -8.955563  0.435521 -0.895949 0.087158  0.008733 0.013907 1 39 1.000000
0  -13.166264 -29.802301 -11.791555  0.301548 -0.937321 0.174636  0.008733 0.056934 1 39 1.000000
v_ic_base
0  -14.771482 -11.461688 -12.209510  -0.279693 0.953351 -0.113546  0.989425 0.168254 1 38 1.000000
0  -13.844924 -11.374104 -13.076007  -0.301209 0.925773 -0.228510  0.994200 0.205863 1 38 1.000000
0  -13.950079 -11.412080 -13.089456  -0.304067 0.924034 -0.231741  0.989425 0.205863 1 38 1.000000
v_ic_ammo
0  -10.580914 -19.844776 -12.748031  -0.375117 0.906879 -0.191983  0.671952 0.958373 1 42 1.000000
0  -11.192410 -20.128469 -13.354161  -0.236941 0.970823 -0.036905  0.611389 0.920489 1 42 1.000000
0  -10.857838 -19.953171 -12.718977  -0.317374 0.927271 -0.198602  0.667302 0.935208 1 42 1.000000
v_ic_base
0  -8.925619 -38.130001 -10.385761  0.083886 -0.996130 0.026238  0.207195 0.901109 1 38 1.000000
0  -8.381749 -38.058956 -9.427145  0.084737 -0.996069 0.025795  0.225643 0.919290 1 38 1.000000
0  -9.093655 -38.128746 -9.800795  0.083885 -0.996130 0.026237  0.207195 0.919290 1 38 1.000000
v_ic_ammo
0  -11.947685 -19.986164 -11.733714  -0.116961 -0.394163 0.911567  0.497289 0.081969 1 42 1.000000
0  -11.012259 -19.710032 -11.883658  0.570515 -0.382551 0.726751  0.513297 0.195630 1 42 1.000000
0  -11.993776 -19.774448 -11.648052  -0.109808 -0.393404 0.912784  0.513297 0.075602 1 42 1.000000
v_ic_base
0  -22.920776 -15.819154 -3.802766  0.797328 0.093834 0.596208  0.758056 0.623109 1 41 1.000000
0  -23.390572 -15.269782 -3.260957  0.797328 0.093834 0.596208  0.744545 0.615781 1 41 1.000000
0  -23.341665 -15.837306 -3.237040  0.797328 0.093833 0.596208  0.758860 0.615781 1 41 1.000000
v_ic_base
0  -13.972919 -19.786549 -7.761292  -0.948223 -0.083897 0.306326  0.730354 0.390142 1 38 1.000000
0  -13.221408 -20.197805 -6.800878  -0.656714 -0.049328 0.752524  0.714208 0.429335 1 38 1.000000
0  -13.274819 -19.669712 -6.821578  -0.676152 -0.039547 0.735700  0.730279 0.429424 1 38 1.000000
v_ic_ammo
0  -11.088407 -19.930395 -11.939833  0.546756 -0.379230 0.746487  0.497289 0.205588 1 42 1.000000
0  -10.580914 -19.844776 -12.748031  0.850078 -0.516889 0.100958  0.513297 0.318582 1 42 1.000000
0  -11.012259 -19.710032 -11.883658  0.570515 -0.382551 0.726751  0.513297 0.195630 1 42 1.000000
v_ic_base
0  -10.938819 -25.079876 -5.521304  0.143089 -0.873153 -0.465971  0.180440 0.599618 1 38 1.000000
0  -11.143826 -25.217415 -5.326534  0.143819 -0.873364 -0.465351  0.167555 0.615933 1 38 1.000000
0  -11.182009 -25.111687 -5.534516  0.139557 -0.872119 -0.468970  0.180440 0.613800 1 38 1.000000
v_ic_base
0  -13.188116 -10.816602 -6.375187  -0.076152 -0.779552 0.621691  0.176772 0.362822 1 38 1.000000
0  -14.137146 -11.143627 -7.155754  -0.309653 -0.811811 0.495052  0.161223 0.368571 1 38 1.000000
0  -13.105865 -11.008079 -6.604885  -0.078461 -0.779389 0.621609  0.171753 0.368571 1 38 1.000000
v_ic_ammo
0  -10.924389 -21.724426 -11.272369  0.195056 -0.775529 0.600423  0.240010 0.177763 1 42 1.000000
0  -11.623960 -21.785955 -11.124567  0.196606 -0.766299 0.611663  0.224107 0.092433 1 42 1.000000
0  -10.940179 -21.741035 -11.288714  0.195003 -0.775836 0.600044  0.224107 0.169511 1 42 1.000000
v_ic_base
0  -9.977978 -10.172810 -11.917453  0.295900 0.937842 -0.181373  0.058290 0.346624 1 38 1.000000
0  -9.507540 -10.196070 -8.972010  0.413405 0.910270 0.022454  0.119249 0.352720 1 38 1.000000
0  -9.642241 -10.349144 -12.103086  0.356635 0.909209 -0.214828  0.053940 0.352720 1 38 1.000000
v_ic_base
0  -10.298281 -9.911380 -9.600848  0.311984 0.949422 -0.035559  0.107149 0.341039 2 38 0.750000 44 0.250000
0  -10.554383 -9.904346 -8.685993  0.156630 0.985077 0.071348  0.126510 0.341039 2 38 0.750000 44 0.250000
0  -10.173779 -10.018378 -7.950620  0.245708 0.956159 0.159332  0.141381 0.346624 1 38 1.000000
v_ic_base
0  -10.298281 -9.911380 -9.600848  0.311984 0.949422 -0.035559  0.107149 0.341039 2 38 0.750000 44 0.250000
0  -10.173779 -10.018378 -7.950620  0.245708 0.956159 0.159332  0.141381 0.346624 1 38 1.000000
0  -9.865051 -10.032679 -9.025829  0.335894 0.941648 0.021769  0.118616 0.346624 1 38 1.000000
v_ic_base
0  -10.421495 -9.993490 -11.413763  0.250084 0.960300 -0.123616  0.069387 0.341039 2 38 0.750000 44 0.250000
0  -10.298281 -9.911380 -9.600848  0.311984 0.949422 -0.035559  0.107149 0.341039 2 38 0.750000 44 0.250000
0  -9.865051 -10.032679 -9.025829  0.335894 0.941648 0.021769  0.118616 0.346624 1 38 1.000000
v_ic_base
0  -10.421495 -9.993490 -11.413763  0.250084 0.960300 -0.123616  0.069387 0.341039 2 38 0.750000 44 0.250000
0  -9.865051 -10.032679 -9.025829  0.335894 0.941648 0.021769  0.118616 0.346624 1 38 1.000000
0  -9.977978 -10.172810 -11.917453  0.295900 0.937842 -0.181373  0.058290 0.346624 1 38 1.000000
v_ic_base
0  -13.299028 -30.043921 -10.029048  0.127828 -0.016997 -0.991651  0.394160 0.042844 1 39 1.000000
0  -13.405813 -24.033714 -10.145829  0.131497 -0.016923 -0.991172  0.271422 0.046971 1 39 1.000000
0  -12.842858 -30.184168 -9.967915  0.127673 -0.017000 -0.991670  0.395955 0.046971 1 39 1.000000
v_ic_base
0  -7.332666 -37.960094 -9.027976  0.084924 -0.996137 0.022346  0.261749 0.901109 1 38 1.000000
0  -7.765659 -37.969894 -8.015563  0.083887 -0.996130 0.026233  0.278061 0.919290 1 38 1.000000
0  -7.907792 -38.002262 -8.790005  0.083892 -0.996130 0.026229  0.261749 0.919290 1 38 1.000000
v_ic_base
0  -8.337111 -23.715570 -11.472754  0.992555 0.107892 -0.056508  0.625040 0.205982 1 38 1.000000
0  -8.585068 -19.778931 -8.629368  0.993783 0.098568 -0.051771  0.731819 0.322869 1 38 1.000000
0  -8.256499 -23.644388 -9.981956  0.992307 0.108162 -0.060228  0.625040 0.264571 1 38 1.000000
v_ic_base
0  -16.986147 -14.352777 -8.056107  0.824549 0.087569 0.558973  0.976684 0.950153 1 41 1.000000
0  -18.431255 -20.174454 -5.012378  0.824548 0.087570 0.558974  0.941597 0.979393 1 41 1.000000
0  -16.517456 -20.102806 -7.846666  0.824548 0.087570 0.558974  0.941597 0.950153 1 41 1.000000
v_ic_base
0  -11.360758 -16.468891 -17.083582  -0.077818 0.892871 -0.443537  0.080652 0.850307 1 40 1.000000
0  -11.567365 -16.306065 -16.719551  -0.093965 0.962025 -0.256277  0.089669 0.860922 1 40 1.000000
0  -11.396312 -16.287279 -16.711750  -0.094002 0.962147 -0.255806  0.086314 0.860922 1 40 1.000000
v_ic_base
0  -11.398197 -16.461525 -16.291758  0.113623 -0.986834 -0.115104  0.079856 0.872496 1 40 1.000000
0  -11.545795 -16.526491 -16.677950  0.093569 -0.960658 0.261498  0.075325 0.861844 1 40 1.000000
0  -11.376263 -16.507874 -16.670218  0.093594 -0.960749 0.261156  0.078790 0.861844 1 40 1.000000
v_ic_base
0  -14.346690 -10.629751 -6.984078  -0.418092 0.840129 0.345518  0.165378 0.352720 1 38 1.000000
0  -14.815177 -10.528080 -8.162326  -0.457498 0.880200 0.126268  0.141356 0.346622 1 38 1.000000
0  -15.107772 -10.756846 -8.002189  -0.549030 0.818987 0.166812  0.144840 0.352720 1 38 1.000000
v_ic_base
0  -10.338531 -18.321110 -6.081328  0.876057 0.069904 -0.477114  0.334265 0.923763 1 38 1.000000
0  -10.463505 -16.466448 -6.039066  0.876059 0.069903 -0.477110  0.431378 0.926384 1 38 1.000000
0  -10.281288 -18.268082 -5.968452  0.876057 0.069904 -0.477114  0.342640 0.926384 1 38 1.000000
v_ic_base
0  -10.713516 -10.230803 -6.819173  0.194476 0.906549 0.374631  0.165394 0.352720 1 38 1.000000
0  -11.988210 -10.157525 -6.675058  -0.039000 0.943678 0.328559  0.169769 0.346624 1 38 1.000000
0  -11.901025 -10.337082 -6.328044  -0.006721 0.887436 0.460881  0.176789 0.352720 1 38 1.000000
v_ic_base
0  -6.682916 -35.699528 -8.085456  0.984689 0.134218 0.111237  0.114810 0.378778 1 38 1.000000
0  -7.023021 -36.012886 -6.739780  0.863649 0.141173 0.483921  0.142632 0.390341 1 38 1.000000
0  -6.641985 -36.015728 -8.066263  0.983977 0.134479 0.117064  0.114744 0.390341 1 38 1.000000
v_ic_base
0  -10.657351 -30.610384 -5.261588  -0.993420 -0.038658 0.107803  0.330014 0.568985 1 38 1.000000
0  -10.604120 -31.303123 -5.460294  -0.960400 -0.088568 0.264176  0.306701 0.562710 1 38 1.000000
0  -10.610686 -31.160761 -5.238612  -0.993816 -0.081097 0.075846  0.311130 0.568985 1 38 1.000000
v_ic_base
0  -11.701764 -38.268547 -6.889030  -0.828932 -0.322138 0.457274  0.432463 0.901109 1 38 1.000000
0  -12.243364 -37.205845 -7.122182  -0.868411 -0.320824 0.378066  0.439038 0.809234 1 38 1.000000
0  -11.833607 -38.290077 -7.165609  -0.885505 -0.347029 0.308951  0.439038 0.901109 1 38 1.000000
v_ic_base
0  -17.489584 -13.494939 -3.754663  0.493288 0.134858 0.859349  0.249834 0.777593 1 41 1.000000
0  -21.037107 -21.057188 -2.658115  0.175604 0.060106 0.982624  0.168437 0.630839 1 41 1.000000
0  -16.886772 -20.722698 -3.420279  0.520847 0.059985 0.851540  0.249834 0.630839 1 41 1.000000
v_ic_base
0  -11.298328 -13.313547 -16.532391  0.587271 0.809390 0.000602  0.171811 0.869834 1 38 1.000000
0  -11.279449 -13.448719 -14.977505  0.567181 0.795441 0.213494  0.164910 0.913136 1 38 1.000000
0  -11.148562 -13.422095 -16.488914  0.584382 0.811376 0.012918  0.167570 0.870739 1 38 1.000000
v_ic_base
0  -23.341665 -15.837306 -3.237040  -0.498970 0.003947 0.866610  0.758860 0.615781 1 41 1.000000
0  -23.183012 -16.207420 -3.177072  -0.256527 0.046462 0.965420  0.768538 0.618883 1 41 1.000000
0  -23.211479 -15.848338 -3.201314  -0.260874 0.044418 0.964350  0.759476 0.618883 1 41 1.000000
v_ic_base
0  -10.203589 -33.324371 -4.916981  0.063816 -0.069121 -0.995565  0.167555 0.597484 1 38 1.000000
0  -10.366000 -33.584782 -4.909312  0.063779 -0.069098 -0.995569  0.154623 0.615933 1 38 1.000000
0  -10.388706 -33.346970 -4.927295  0.063918 -0.069183 -0.995554  0.167555 0.615933 1 38 1.000000
v_ic_base
0  -15.092928 -13.414906 -7.134348  0.085894 -0.995576 0.038079  0.674436 0.740327 1 41 1.000000
0  -15.602942 -13.623292 -11.356312  0.087262 -0.995438 0.038590  0.664671 0.871872 1 41 1.000000
0  -14.770496 -13.384804 -7.074380  0.085900 -0.995574 0.038140  0.664740 0.736405 1 41 1.000000
v_ic_base
0  -11.298328 -13.313547 -16.532391  -0.107395 0.993510 -0.037469  0.134382 0.666526 1 38 1.000000
0  -12.287740 -13.432314 -15.027843  -0.115081 0.979651 0.164439  0.120346 0.653907 1 38 1.000000
0  -11.430086 -13.338130 -14.988724  -0.115076 0.979689 0.164217  0.134382 0.653907 1 38 1.000000
v_ic_base
0  -11.531206 -37.120655 -6.164824  -0.128542 0.991684 0.006342  0.429496 0.806561 1 38 1.000000
0  -12.053685 -37.183937 -6.871968  -0.128542 0.991684 0.006342  0.420248 0.806574 1 38 1.000000
0  -11.672922 -37.137913 -6.341787  -0.128542 0.991684 0.006342  0.427187 0.806574 1 38 1.000000
v_ic_base
0  -6.899348 -36.150116 -8.071661  0.460943 -0.884447 0.072694  0.115354 0.394407 1 38 1.000000
0  -6.791454 -36.116863 -11.428229  0.437995 -0.892401 -0.108543  0.049866 0.390341 1 38 1.000000
0  -6.641985 -36.015728 -8.066263  0.460761 -0.885051 0.066212  0.114744 0.390341 1 38 1.000000
v_ic_base
0  -9.295781 -36.282036 -5.417981  0.161085 0.080560 0.983647  0.212741 0.336285 1 38 1.000000
0  -10.561276 -36.611729 -5.462503  -0.256104 0.025502 0.966313  0.223340 0.306964 1 38 1.000000
0  -9.267404 -36.501247 -5.404675  0.171341 0.081777 0.981812  0.223337 0.336238 1 38 1.000000
v_ic_base
0  -11.728447 -36.504158 -6.073512  -0.169723 -0.932108 0.319951  0.161345 0.394407 1 38 1.000000
0  -10.677236 -36.280788 -5.227768  -0.034036 -0.915688 0.400446  0.175920 0.390341 1 38 1.000000
0  -11.922477 -36.402863 -5.881341  -0.173760 -0.932656 0.316164  0.161442 0.390341 1 38 1.000000
v_ic_base
0  -10.269394 -35.837154 -5.449800  -0.150805 0.051344 0.987229  0.231112 0.490862 1 38 1.000000
0  -10.757497 -30.815493 -5.785524  0.097686 0.056406 0.993617  0.388533 0.490771 1 38 1.000000
0  -10.659372 -35.853954 -5.508497  -0.139030 0.051667 0.988939  0.231112 0.471390 1 38 1.000000
v_ic_base
0  -10.659372 -35.853954 -5.508497  -0.139030 0.051667 0.988939  0.231112 0.471390 1 38 1.000000
0  -10.757497 -30.815493 -5.785524  0.097686 0.056406 0.993617  0.388533 0.490771 1 38 1.000000
0  -12.172829 -20.060360 -6.249222  -0.236664 -0.017029 0.971442  0.714209 0.471390 1 38 1.000000
v_ic_base
0  -11.315115 -24.953430 -6.039527  0.004633 0.043626 0.999037  0.562833 0.490771 1 38 1.000000
0  -12.172829 -20.060360 -6.249222  -0.236664 -0.017029 0.971442  0.714209 0.471390 1 38 1.000000
0  -10.757497 -30.815493 -5.785524  0.097686 0.056406 0.993617  0.388533 0.490771 1 38 1.000000
v_ic_base
0  -11.315115 -24.953430 -6.039527  0.004633 0.043626 0.999037  0.562833 0.490771 1 38 1.000000
0  -11.813985 -20.020954 -6.232853  -0.057570 0.112174 0.992019  0.714209 0.490771 1 38 1.000000
0  -12.172829 -20.060360 -6.249222  -0.236664 -0.017029 0.971442  0.714209 0.471390 1 38 1.000000
v_ic_base
0  -14.118911 -14.699948 -6.771716  -0.154473 0.987887 0.014771  0.274533 0.959926 1 38 1.000000
0  -14.593253 -14.764745 -7.398660  -0.107457 0.994193 0.005836  0.293703 0.976770 1 38 1.000000
0  -13.973649 -14.717106 -4.105298  -0.083643 0.996493 0.002465  0.208738 0.959123 1 38 1.000000
v_ic_base
0  -13.973649 -14.717106 -4.105298  -0.083643 0.996493 0.002465  0.208738 0.959123 1 38 1.000000
0  -14.593253 -14.764745 -7.398660  -0.107457 0.994193 0.005836  0.293703 0.976770 1 38 1.000000
0  -14.714476 -14.770634 -6.969656  -0.062677 0.998031 -0.002438  0.281785 0.981929 1 38 1.000000
v_ic_base
0  -13.973649 -14.717106 -4.105298  -0.083643 0.996493 0.002465  0.208738 0.959123 1 38 1.000000
0  -14.714476 -14.770634 -6.969656  -0.062677 0.998031 -0.002438  0.281785 0.981929 1 38 1.000000
0  -15.434346 -14.831942 -3.926147  -0.078181 0.996938 0.001590  0.211490 0.996692 1 38 1.000000
v_ic_base
0  -13.077146 -23.958639 -13.128448  -0.051379 0.998668 0.004712  0.635660 0.035515 1 38 1.000000
0  -12.845530 -23.952587 -11.885629  -0.079013 0.996861 -0.004950  0.646859 0.043563 1 38 1.000000
0  -12.262483 -23.914688 -13.560490  -0.083126 0.996536 -0.002499  0.635660 0.054086 1 38 1.000000
v_ic_base
0  -11.168338 -13.648299 -18.939486  -0.073446 0.870749 -0.486212  0.134382 0.692655 1 38 1.000000
0  -12.107009 -13.573745 -18.664177  -0.090808 0.950429 -0.297387  0.120346 0.685187 1 38 1.000000
0  -11.251832 -13.479833 -18.625170  -0.090849 0.950587 -0.296869  0.134382 0.685187 1 38 1.000000
v_ic_base
0  -13.566240 -19.943174 -14.077683  0.113715 -0.982728 0.145991  0.734911 0.035515 1 38 1.000000
0  -12.882536 -19.910412 -14.389696  0.117823 -0.982097 0.146982  0.734911 0.050033 1 38 1.000000
0  -13.326556 -19.707806 -12.680011  0.115736 -0.982710 0.144518  0.724067 0.043563 1 38 1.000000
v_ic_base
0  -10.537584 -19.635372 -14.499848  0.129752 -0.982907 0.130609  0.734911 0.097503 1 38 1.000000
0  -10.408672 -19.441706 -13.170459  0.117810 -0.983410 0.137936  0.724067 0.089754 1 38 1.000000
0  -11.275656 -19.746696 -14.604394  0.119755 -0.983011 0.139096  0.734911 0.083405 1 38 1.000000
v_ic_base
0  -13.023291 -19.438189 -12.760056  -0.442933 -0.050227 -0.895147  0.759437 0.161122 1 38 1.000000
0  -12.957324 -11.300009 -13.563855  -0.470400 -0.082960 -0.878545  0.989414 0.127707 1 38 1.000000
0  -12.075191 -18.966612 -13.250384  -0.447378 -0.029937 -0.893844  0.770265 0.127707 1 38 1.000000
v_ic_base
0  -10.145997 -23.661592 -13.556168  -0.152364 0.987093 0.049319  0.635660 0.097503 1 38 1.000000
0  -11.045712 -23.791382 -13.738043  -0.112826 0.993483 0.016199  0.635660 0.079412 1 38 1.000000
0  -9.922563 -23.686024 -12.376932  -0.114151 0.993369 0.013701  0.646859 0.089754 1 38 1.000000
v_ic_base
0  -10.682612 -27.146633 -5.640383  0.967740 0.106825 0.228185  0.453113 0.562710 1 38 1.000000
0  -10.792825 -26.523363 -5.464725  0.967743 0.106822 0.228171  0.476425 0.568985 1 38 1.000000
0  -10.742069 -27.025208 -5.445055  0.967744 0.106817 0.228171  0.457542 0.568985 1 38 1.000000
v_ic_base
0  -11.756527 -16.099340 -14.274623  -0.107104 0.993243 -0.044686  0.096430 0.929003 1 38 1.000000
0  -11.464389 -16.075077 -14.435492  -0.107074 0.993249 -0.044637  0.090138 0.924796 1 38 1.000000
0  -11.747714 -16.106422 -14.452883  -0.107139 0.993237 -0.044745  0.096422 0.924713 1 38 1.000000
v_ic_base
0  -10.361406 -31.129263 -5.225178  0.138629 -0.859499 -0.491979  0.180440 0.599618 1 38 1.000000
0  -10.573271 -31.280281 -5.021045  0.139561 -0.859782 -0.491221  0.167555 0.615933 1 38 1.000000
0  -10.610686 -31.160761 -5.238612  0.135131 -0.858426 -0.494818  0.180440 0.613800 1 38 1.000000
v_ic_ammo
0  -10.940179 -21.741035 -11.288714  -0.157375 -0.561333 -0.812489  0.224107 0.169511 1 42 1.000000
0  -11.768660 -21.340796 -11.404760  0.219090 -0.446732 -0.867427  0.123176 0.075409 1 42 1.000000
0  -10.961246 -21.293097 -11.593661  -0.555646 -0.514408 -0.653179  0.123176 0.195457 1 42 1.000000
v_ic_base
0  -9.967101 -36.411263 -3.851039  0.059752 0.161263 -0.985101  0.106380 0.597674 1 38 1.000000
0  -9.736196 -35.899197 -3.753208  0.050092 0.165585 -0.984923  0.125496 0.600602 1 38 1.000000
0  -9.769386 -36.326412 -3.823258  0.071488 0.155985 -0.985169  0.109474 0.598269 1 38 1.000000
v_ic_base
0  -12.141658 -19.364731 -13.247762  -0.487489 0.075659 -0.869845  0.759437 0.127707 1 38 1.000000
0  -13.023291 -19.438189 -12.760056  -0.442933 -0.050227 -0.895147  0.759437 0.161122 1 38 1.000000
0  -12.075191 -18.966612 -13.250384  -0.447378 -0.029937 -0.893844  0.770265 0.127707 1 38 1.000000
v_ic_base
0  -22.969707 -15.251318 -3.826697  -0.359114 0.006700 0.933270  0.745459 0.623109 1 41 1.000000
0  -22.662693 -15.790402 -3.704690  -0.357298 0.007891 0.933957  0.758806 0.629126 1 41 1.000000
0  -22.711779 -15.222526 -3.727240  -0.360346 0.005891 0.932800  0.744481 0.629126 1 41 1.000000
v_ic_base
0  -11.483727 -24.354673 -13.408362  -0.065360 0.990726 0.119119  0.124583 0.099722 1 39 1.000000
0  -12.670768 -24.482706 -12.605015  0.030146 0.993065 0.113639  0.129734 0.078522 1 39 1.000000
0  -11.465235 -24.394175 -13.067100  -0.060573 0.991165 0.117992  0.129734 0.099722 1 39 1.000000
v_ic_base
0  -10.021415 -35.917221 -3.768846  -0.080083 0.995045 0.058928  0.087604 0.593726 1 38 1.000000
0  -10.129750 -35.931133 -3.693843  -0.094420 0.993899 0.056999  0.096543 0.601471 1 38 1.000000
0  -10.027377 -35.922394 -3.689265  -0.080223 0.995123 0.057397  0.087851 0.601471 1 38 1.000000
v_ic_base
0  -9.974457 -36.402805 -3.763052  0.183197 -0.976849 0.110472  0.076810 0.611061 1 38 1.000000
0  -10.045985 -36.418003 -3.854565  -0.018322 -0.994523 0.102902  0.071519 0.606087 1 38 1.000000
0  -9.967101 -36.411263 -3.851039  0.176794 -0.978122 0.109643  0.076956 0.606087 1 38 1.000000
v_ic_base
0  -7.195488 -35.155499 -9.368444  0.988680 0.110318 -0.101699  0.294688 0.275251 1 38 1.000000
0  -8.527777 -23.759914 -9.959062  0.990876 0.111956 -0.075043  0.619288 0.267403 1 38 1.000000
0  -8.506080 -23.746655 -9.650763  0.990909 0.111986 -0.074553  0.619288 0.275251 1 38 1.000000
v_ic_base
0  -11.196947 -38.213924 -6.309744  -0.507160 -0.243580 0.826715  0.401666 0.901109 1 38 1.000000
0  -10.461510 -37.015789 -5.603385  -0.242106 -0.223210 0.944226  0.379364 0.809234 1 38 1.000000
0  -11.531206 -37.120655 -6.164824  -0.598085 -0.282287 0.750072  0.401667 0.809234 1 38 1.000000
v_ic_base
0  -10.102962 -34.285839 -4.841333  0.063678 -0.075269 -0.995128  0.167555 0.597484 1 38 1.000000
0  -10.270060 -34.531448 -4.833448  0.063659 -0.075256 -0.995130  0.154623 0.615933 1 38 1.000000
0  -10.293618 -34.307858 -4.851883  0.063767 -0.075328 -0.995118  0.167555 0.615933 1 38 1.000000
v_ic_base
0  -11.009384 -15.133370 -19.074301  0.035898 0.086635 -0.995593  0.134382 0.700237 1 38 1.000000
0  -12.125946 -13.753460 -18.983166  0.035051 0.094073 -0.994948  0.120346 0.692655 1 38 1.000000
0  -11.168338 -13.648299 -18.939486  0.035050 0.094074 -0.994948  0.134382 0.692655 1 38 1.000000
v_ic_base
0  -10.027377 -35.922394 -3.689265  -0.080223 0.995123 0.057397  0.087851 0.601471 1 38 1.000000
0  -10.136407 -35.955585 -3.257047  -0.088026 0.994670 0.053685  0.095671 0.620794 1 38 1.000000
0  -10.054562 -35.948597 -3.253389  -0.087135 0.994764 0.053402  0.088722 0.620794 1 38 1.000000
v_ic_base
0  -11.756527 -16.099340 -14.274623  -0.188982 -0.168106 -0.967484  0.503372 0.030161 1 38 1.000000
0  -11.498700 -15.164293 -14.381983  0.104560 -0.128272 -0.986212  0.480112 0.046297 1 38 1.000000
0  -11.472979 -16.068203 -14.261689  0.187003 -0.135082 -0.973028  0.503372 0.043438 1 38 1.000000
v_ic_base
0  -21.051813 -21.772491 -2.300619  0.087292 -0.995439 0.038477  0.899810 0.640866 1 41 1.000000
0  -24.469313 -22.174164 -4.939430  0.087294 -0.995440 0.038468  0.987198 0.740767 1 41 1.000000
0  -20.980677 -21.778952 -2.629176  0.087291 -0.995439 0.038477  0.895737 0.650416 1 41 1.000000
v_ic_ammo
0  -12.421673 -21.520845 -11.872561  0.883239 -0.222834 -0.412595  0.122877 0.810723 1 42 1.000000
0  -11.893726 -21.833223 -11.181569  0.598588 -0.451709 -0.661552  0.224107 0.911758 1 42 1.000000
0  -12.445355 -21.982788 -11.578751  0.598750 -0.451476 -0.661565  0.224107 0.828369 1 42 1.000000
v_ic_base
0  -5.575716 -27.495066 -13.364794  0.926156 -0.185652 -0.328280  0.241358 0.012399 1 39 1.000000
0  -5.381974 -27.357485 -11.345064  0.991971 -0.089816 -0.089036  0.278346 0.002734 1 39 1.000000
0  -5.398387 -27.531540 -11.364637  0.992477 -0.083523 -0.089514  0.278346 0.012399 1 39 1.000000
v_ic_ammo
0  -10.607427 -21.413668 -12.297018  -0.921379 -0.380061 0.081329  0.123603 0.318615 1 42 1.000000
0  -11.316316 -20.106344 -12.060101  -0.565038 -0.442240 -0.696531  0.004878 0.195457 1 42 1.000000
0  -11.013795 -20.200802 -12.666342  -0.952640 -0.289047 0.094492  0.004878 0.318615 1 42 1.000000
v_ic_base
0  -10.470414 -30.447474 -5.045765  -0.080006 0.827680 -0.555469  0.154623 0.597484 1 38 1.000000
0  -10.657351 -30.610384 -5.261588  -0.079314 0.827457 -0.555900  0.141735 0.613800 1 38 1.000000
0  -10.642172 -30.471062 -5.055241  -0.083279 0.828725 -0.553425  0.154623 0.615933 1 38 1.000000
v_ic_base
0  -10.491010 -32.603317 -5.411468  -0.134924 0.882469 0.450604  0.154623 0.615933 1 38 1.000000
0  -10.216371 -32.683659 -5.171884  -0.136169 0.881684 0.451765  0.141735 0.599618 1 38 1.000000
0  -10.178886 -32.565357 -5.387350  -0.142103 0.877893 0.457286  0.154623 0.597484 1 38 1.000000
v_ic_base
0  -10.054562 -35.948597 -3.253389  -0.087135 0.994764 0.053402  0.088722 0.620794 1 38 1.000000
0  -10.136618 -35.959728 -3.180273  -0.088216 0.994698 0.052857  0.095436 0.626532 1 38 1.000000
0  -10.060315 -35.953213 -3.176864  -0.087137 0.994762 0.053433  0.088958 0.626532 1 38 1.000000
v_ic_base
0  -13.041051 -36.242443 -8.369624  -0.418115 0.908197 -0.018948  0.114790 0.378778 1 38 1.000000
0  -12.792436 -36.185833 -7.014999  -0.429387 0.893700 0.130103  0.142881 0.378778 1 38 1.000000
0  -12.935200 -36.193657 -8.367050  -0.440365 0.897815 0.002600  0.115431 0.377720 1 38 1.000000
v_ic_base
0  -12.211962 -36.885666 -8.293788  0.083884 -0.996130 0.026233  0.083367 0.411200 1 38 1.000000
0  -12.395449 -36.870090 -7.115615  0.083882 -0.996130 0.026237  0.053446 0.408129 1 38 1.000000
0  -12.618212 -36.920815 -8.329387  0.083886 -0.996130 0.026233  0.083807 0.401200 1 38 1.000000
v_ic_base
0  -7.027567 -36.246410 -11.317828  0.442481 -0.891242 -0.099487  0.052138 0.394407 1 38 1.000000
0  -7.620482 -36.216026 -12.542696  0.327668 -0.905464 -0.269756  0.028555 0.390341 1 38 1.000000
0  -6.791454 -36.116863 -11.428229  0.437995 -0.892401 -0.108543  0.049866 0.390341 1 38 1.000000
v_ic_base
0  -7.785727 -36.337101 -12.337027  0.327156 -0.905517 -0.270200  0.032649 0.394407 1 38 1.000000
0  -8.865723 -36.338104 -13.196270  0.178110 -0.919986 -0.349146  0.016729 0.390341 1 38 1.000000
0  -7.620482 -36.216026 -12.542696  0.327668 -0.905464 -0.269756  0.028555 0.390341 1 38 1.000000
v_ic_base
0  -10.589655 -36.392517 -5.475809  -0.269821 0.023503 0.962623  0.212716 0.336301 1 38 1.000000
0  -11.700071 -36.723370 -6.060207  -0.641135 -0.036461 0.766562  0.223324 0.352544 1 38 1.000000
0  -10.561276 -36.611729 -5.462503  -0.256104 0.025502 0.966313  0.223320 0.336238 1 38 1.000000
v_ic_base
0  -7.785727 -36.337101 -12.337027  0.641124 0.036466 -0.766570  0.212687 0.502431 1 38 1.000000
0  -6.999190 -36.465622 -11.304523  0.797700 0.066882 -0.599334  0.223350 0.479737 1 38 1.000000
0  -7.757350 -36.556313 -12.323721  0.653008 0.038624 -0.756365  0.223350 0.502431 1 38 1.000000
v_ic_base
0  -12.486608 -36.594852 -7.092711  -0.913543 -0.094245 0.395674  0.212662 0.376805 1 38 1.000000
0  -12.685592 -36.865833 -8.318232  -0.991538 -0.126627 0.028601  0.223324 0.406163 1 38 1.000000
0  -12.458230 -36.814060 -7.079405  -0.907979 -0.092738 0.408624  0.223324 0.376805 1 38 1.000000
v_ic_base
0  -12.713969 -36.646622 -8.331536  -0.991660 -0.127072 0.021515  0.212662 0.406124 1 38 1.000000
0  -12.237984 -36.912956 -11.538664  -0.981649 -0.135223 -0.134462  0.223324 0.479737 1 38 1.000000
0  -12.685592 -36.865833 -8.318232  -0.991538 -0.126627 0.028601  0.223324 0.406163 1 38 1.000000
v_ic_base
0  -7.247813 -36.147518 -6.858571  0.864767 0.141198 0.481914  0.212687 0.376805 1 38 1.000000
0  -8.074714 -36.413803 -5.898176  0.568683 0.122987 0.813311  0.223350 0.352544 1 38 1.000000
0  -7.219437 -36.366726 -6.845265  0.863648 0.141173 0.483923  0.223350 0.376805 1 38 1.000000
v_ic_base
0  -7.317531 -35.608944 -6.891258  0.247681 0.955688 0.159107  0.145054 0.370180 1 38 1.000000
0  -7.999176 -35.748161 -5.723357  0.140659 0.948148 0.285008  0.162269 0.378778 1 38 1.000000
0  -7.063953 -35.696686 -6.758973  0.249179 0.955764 0.156283  0.142901 0.378778 1 38 1.000000
v_ic_base
0  -11.279449 -13.448719 -14.977505  0.957699 0.111941 0.265107  0.164910 0.913136 1 38 1.000000
0  -11.012298 -14.993635 -15.927215  0.992268 0.104852 0.066407  0.113598 0.884748 1 38 1.000000
0  -11.148562 -13.422095 -16.488914  0.993782 0.102070 0.044489  0.167570 0.870739 1 38 1.000000
v_ic_base
0  -10.537584 -19.635372 -14.499848  -0.988742 -0.085917 0.122508  0.734911 0.097503 1 38 1.000000
0  -9.922563 -23.686024 -12.376932  -0.983819 -0.061106 0.168424  0.646859 0.089754 1 38 1.000000
0  -10.408672 -19.441706 -13.170459  -0.989639 -0.092873 0.109495  0.724067 0.089754 1 38 1.000000
v_ic_base
0  -13.631680 -10.402113 -12.302259  -0.255841 0.935823 -0.242450  0.053836 0.341039 2 38 0.750000 44 0.250000
0  -13.007588 -10.566662 -13.437543  -0.193614 0.897161 -0.397008  0.029384 0.346622 1 38 1.000000
0  -13.861629 -10.637953 -12.968140  -0.321498 0.886472 -0.332877  0.040009 0.346622 1 38 1.000000
v_ic_base
0  -11.988210 -10.157525 -6.675058  -0.039000 0.943678 0.328559  0.205723 0.412944 1 38 1.000000
0  -13.213725 -10.481238 -6.387919  -0.227205 0.863502 0.450268  0.183827 0.408475 1 38 1.000000
0  -11.901025 -10.337082 -6.328044  -0.006721 0.887436 0.460881  0.207207 0.408475 1 38 1.000000
v_ic_base
0  -11.480800 -36.108101 -12.531746  -0.279113 0.798769 -0.532976  0.032628 0.374714 1 38 1.000000
0  -10.288111 -36.020657 -13.025249  -0.152177 0.896582 -0.415911  0.021812 0.374714 1 38 1.000000
0  -11.583441 -36.178871 -12.584051  -0.286699 0.899151 -0.330654  0.031619 0.376907 1 38 1.000000
v_ic_base
0  -11.411082 -36.646664 -12.499058  -0.568697 -0.122981 -0.813301  0.212662 0.502431 1 38 1.000000
0  -10.190017 -36.778435 -12.979253  -0.161086 -0.080563 -0.983647  0.223324 0.515025 1 38 1.000000
0  -11.382706 -36.865875 -12.485752  -0.564826 -0.122646 -0.816045  0.223324 0.502431 1 38 1.000000
v_ic_base
0  -9.303351 -35.843777 -5.183726  -0.008327 0.937737 0.347247  0.175936 0.378778 1 38 1.000000
0  -8.172808 -35.656029 -5.944173  0.137791 0.947920 0.287162  0.162808 0.370180 1 38 1.000000
0  -9.365498 -35.743469 -5.450670  -0.011009 0.935196 0.353959  0.175387 0.370180 1 38 1.000000
v_ic_base
0  -10.512974 -32.354252 -5.426646  0.994572 0.084276 -0.061023  0.270096 0.562710 1 38 1.000000
0  -10.582028 -31.560080 -5.455153  0.994572 0.084276 -0.061023  0.297838 0.562710 1 38 1.000000
0  -10.604120 -31.303123 -5.460294  0.994572 0.084276 -0.061023  0.306696 0.562710 1 38 1.000000
v_ic_base
0  -10.256320 -23.988800 -12.971993  0.177175 -0.973360 -0.145528  0.613530 0.099836 1 38 1.000000
0  -12.214081 -24.144413 -13.451194  0.056126 -0.995724 -0.073369  0.625070 0.055663 1 38 1.000000
0  -11.014954 -24.022894 -13.626172  0.109924 -0.991043 -0.075826  0.625070 0.082617 1 38 1.000000
v_ic_base
0  -10.256320 -23.988800 -12.971993  0.177175 -0.973360 -0.145528  0.613530 0.099836 1 38 1.000000
0  -11.014954 -24.022894 -13.626172  0.109924 -0.991043 -0.075826  0.625070 0.082617 1 38 1.000000
0  -9.831654 -23.839481 -13.358703  0.198008 -0.967674 -0.156204  0.625904 0.108168 1 38 1.000000
v_ic_base
0  -10.256320 -23.988800 -12.971993  0.177175 -0.973360 -0.145528  0.613530 0.099836 1 38 1.000000
0  -9.831654 -23.839481 -13.358703  0.198008 -0.967674 -0.156204  0.625904 0.108168 1 38 1.000000
0  -9.212607 -23.852066 -12.424600  0.204742 -0.967452 -0.148719  0.625983 0.123554 1 38 1.000000
v_ic_base
0  -10.257363 -19.380224 -14.394395  -0.085267 0.980234 -0.178525  0.746501 0.108168 1 38 1.000000
0  -10.526660 -19.187378 -13.174096  -0.064141 0.983429 -0.169570  0.762458 0.102651 1 38 1.000000
0  -9.619085 -19.064669 -12.611938  -0.032375 0.986098 -0.162981  0.759636 0.126793 1 38 1.000000
v_ic_base
0  -10.924991 -12.511268 -6.786485  -0.357017 0.744509 0.564133  0.844485 0.532272 1 38 1.000000
0  -10.818904 -12.729607 -6.431194  -0.353428 0.746230 0.564119  0.822016 0.535355 1 38 1.000000
0  -10.673908 -12.538989 -6.626301  -0.271917 0.781537 0.561481  0.833261 0.524850 1 38 1.000000
v_ic_base
0  -15.302203 -11.170593 -9.224756  -0.447429 -0.892638 0.054821  0.119233 0.362822 1 38 1.000000
0  -14.632446 -11.420412 -12.204058  -0.474981 -0.852656 -0.217650  0.056189 0.368571 1 38 1.000000
0  -14.986818 -11.326324 -9.214571  -0.450534 -0.890937 0.057009  0.118593 0.368571 1 38 1.000000
v_ic_base
0  -11.480800 -36.108101 -12.531746  -0.379933 -0.037082 -0.924270  0.266344 0.161122 1 38 1.000000
0  -11.447695 -24.119633 -13.026335  -0.172516 -0.016736 -0.984864  0.625020 0.126509 1 38 1.000000
0  -10.288111 -36.020657 -13.025249  -0.169414 -0.016557 -0.985406  0.266344 0.126509 1 38 1.000000
v_ic_base
0  -10.256320 -23.988800 -12.971993  0.177175 -0.973360 -0.145528  0.613530 0.099836 1 38 1.000000
0  -11.447695 -24.119633 -13.026335  0.102139 -0.986668 -0.126704  0.613900 0.073668 1 38 1.000000
0  -12.214081 -24.144413 -13.451194  0.056126 -0.995724 -0.073369  0.625070 0.055663 1 38 1.000000
v_ic_base
0  -12.214081 -24.144413 -13.451194  0.056126 -0.995724 -0.073369  0.625070 0.055663 1 38 1.000000
0  -11.447695 -24.119633 -13.026335  0.102139 -0.986668 -0.126704  0.613900 0.073668 1 38 1.000000
0  -12.544956 -24.217613 -12.567560  0.011661 -0.997025 -0.076198  0.617496 0.042598 1 38 1.000000
v_ic_base
0  -12.214081 -24.144413 -13.451194  0.056126 -0.995724 -0.073369  0.625070 0.055663 1 38 1.000000
0  -12.544956 -24.217613 -12.567560  0.011661 -0.997025 -0.076198  0.617496 0.042598 1 38 1.000000
0  -13.321323 -24.192410 -12.833268  -0.004868 -0.996757 -0.080323  0.625070 0.028740 1 38 1.000000
v_ic_base
0  -13.321323 -24.192410 -12.833268  -0.004868 -0.996757 -0.080323  0.625070 0.028740 1 38 1.000000
0  -12.544956 -24.217613 -12.567560  0.011661 -0.997025 -0.076198  0.617496 0.042598 1 38 1.000000
0  -13.475061 -24.279799 -11.707109  -0.005625 -0.996927 -0.078128  0.625735 0.013980 1 38 1.000000
v_ic_base
0  -11.099277 -13.593380 -18.621832  0.990099 0.104579 -0.093635  0.164816 0.810894 1 38 1.000000
0  -11.012298 -14.993635 -15.927215  0.992268 0.104852 0.066407  0.113598 0.884748 1 38 1.000000
0  -10.936331 -15.152805 -18.675970  0.990322 0.111740 -0.082318  0.112067 0.807665 1 38 1.000000
v_ic_base
0  -13.958419 -19.500687 -11.894424  -0.186271 0.973736 -0.130924  0.756573 0.006587 1 38 1.000000
0  -13.023291 -19.438189 -12.760056  -0.174657 0.974680 -0.139618  0.759778 0.039607 1 38 1.000000
0  -13.831695 -19.742449 -13.872821  -0.164054 0.973433 -0.159734  0.746501 0.028740 1 38 1.000000
v_ic_base
0  -12.618212 -36.920815 -8.329387  -0.629501 -0.776586 0.025364  0.083807 0.401200 1 38 1.000000
0  -12.458230 -36.814060 -7.079405  -0.536250 -0.791081 0.294325  0.049952 0.404505 1 38 1.000000
0  -12.685592 -36.865833 -8.318232  -0.627279 -0.777571 0.043641  0.082057 0.397178 1 38 1.000000
v_ic_base
0  -12.141658 -19.364731 -13.247762  -0.132168 0.974242 -0.182711  0.763940 0.063918 1 38 1.000000
0  -11.281222 -19.533808 -14.595982  -0.114715 0.974001 -0.195355  0.746501 0.087197 1 38 1.000000
0  -12.906730 -19.698538 -14.358786  -0.139152 0.970715 -0.195830  0.746501 0.050658 1 38 1.000000
v_ic_base
0  -10.684245 -34.874023 -6.676770  -0.222354 0.942960 0.247762  0.265449 0.457353 1 38 1.000000
0  -11.525111 -35.256809 -5.974571  -0.224591 0.943107 0.245170  0.254981 0.444868 1 38 1.000000
0  -11.053959 -35.209885 -5.720780  -0.225455 0.943161 0.244168  0.254981 0.461612 1 38 1.000000
v_ic_base
0  -10.537584 -19.635372 -14.499848  0.305483 0.043831 -0.951188  0.734911 0.097503 1 38 1.000000
0  -11.275656 -19.746696 -14.604394  -0.016021 0.042985 -0.998947  0.734911 0.083405 1 38 1.000000
0  -11.281222 -19.533808 -14.595982  0.003824 0.056363 -0.998403  0.746501 0.087197 1 38 1.000000
v_ic_base
0  -10.537584 -19.635372 -14.499848  0.305483 0.043831 -0.951188  0.734911 0.097503 1 38 1.000000
0  -11.281222 -19.533808 -14.595982  0.003824 0.056363 -0.998403  0.746501 0.087197 1 38 1.000000
0  -10.257363 -19.380224 -14.394395  0.368430 -0.021292 -0.929412  0.746501 0.108168 1 38 1.000000
v_ic_base
0  -11.045712 -23.791382 -13.738043  0.085134 -0.431544 -0.898066  0.635660 0.079412 1 38 1.000000
0  -10.145997 -23.661592 -13.556168  0.351473 -0.345299 -0.870193  0.635660 0.097503 1 38 1.000000
0  -9.831654 -23.839481 -13.358703  0.375679 -0.294905 -0.878576  0.625904 0.108168 1 38 1.000000
v_ic_base
0  -11.045712 -23.791382 -13.738043  0.085134 -0.431544 -0.898066  0.635660 0.079412 1 38 1.000000
0  -9.831654 -23.839481 -13.358703  0.375679 -0.294905 -0.878576  0.625904 0.108168 1 38 1.000000
0  -11.014954 -24.022894 -13.626172  0.090978 -0.423454 -0.901338  0.625070 0.082617 1 38 1.000000
v_ic_base
0  -12.214081 -24.144413 -13.451194  -0.246092 -0.464720 -0.850573  0.625070 0.055663 1 38 1.000000
0  -13.077146 -23.958639 -13.128448  -0.517912 -0.403691 -0.754189  0.635660 0.035515 1 38 1.000000
0  -12.262483 -23.914688 -13.560490  -0.241985 -0.457964 -0.855402  0.635660 0.054086 1 38 1.000000
v_ic_base
0  -12.214081 -24.144413 -13.451194  -0.246092 -0.464720 -0.850573  0.625070 0.055663 1 38 1.000000
0  -13.321323 -24.192410 -12.833268  -0.555005 -0.368203 -0.745920  0.625070 0.028740 1 38 1.000000
0  -13.077146 -23.958639 -13.128448  -0.517912 -0.403691 -0.754189  0.635660 0.035515 1 38 1.000000
v_ic_base
0  -22.666914 -18.987085 -3.650936  -0.090381 0.995881 0.007239  0.837941 0.623109 1 41 1.000000
0  -22.961092 -19.018148 -3.051876  0.054048 0.995475 0.078158  0.839399 0.618883 1 41 1.000000
0  -22.410700 -18.958973 -3.563686  -0.108487 0.994096 -0.001746  0.838692 0.629126 1 41 1.000000
v_ic_base
0  -12.882536 -19.910412 -14.389696  -0.298271 0.121879 -0.946668  0.734911 0.050033 1 38 1.000000
0  -13.566240 -19.943174 -14.077683  -0.404540 0.333952 -0.851366  0.734911 0.035515 1 38 1.000000
0  -13.831695 -19.742449 -13.872821  -0.427932 0.252432 -0.867844  0.746501 0.028740 1 38 1.000000
v_ic_base
0  -12.882536 -19.910412 -14.389696  -0.298271 0.121879 -0.946668  0.734911 0.050033 1 38 1.000000
0  -13.831695 -19.742449 -13.872821  -0.427932 0.252432 -0.867844  0.746501 0.028740 1 38 1.000000
0  -12.906730 -19.698538 -14.358786  -0.317993 0.097534 -0.943063  0.746501 0.050658 1 38 1.000000
v_ic_base
0  -10.526660 -19.187378 -13.174096  0.320573 0.093406 -0.942607  0.759457 0.127707 1 38 1.000000
0  -10.672005 -18.812519 -13.186381  0.326683 0.034531 -0.944503  0.770285 0.127707 1 38 1.000000
0  -9.619085 -19.064669 -12.611938  0.490174 0.041442 -0.870639  0.759457 0.161122 1 38 1.000000
v_ic_base
0  -14.035232 -10.876182 -13.311681  -0.360549 0.841218 -0.402936  0.032878 0.352720 1 38 1.000000
0  -14.619375 -10.682511 -12.129159  -0.477281 0.852478 -0.213270  0.058265 0.346622 1 38 1.000000
0  -13.861629 -10.637953 -12.968140  -0.321498 0.886472 -0.332877  0.040009 0.346622 1 38 1.000000
v_ic_base
0  -10.103574 -33.329170 -5.337387  0.062704 -0.840870 0.537593  0.167555 0.597484 1 38 1.000000
0  -10.427321 -33.233715 -5.150319  0.061756 -0.841711 0.536385  0.180440 0.613800 1 38 1.000000
0  -10.421337 -33.366364 -5.361819  0.058029 -0.844990 0.531624  0.167555 0.615933 1 38 1.000000
v_ic_base
0  -10.658802 -27.382044 -5.631155  -0.082473 0.030700 0.996120  0.154623 0.597484 1 38 1.000000
0  -10.978093 -27.186455 -5.663618  -0.082474 0.030698 0.996120  0.167555 0.615933 1 38 1.000000
0  -10.954283 -27.421865 -5.654393  -0.082478 0.030693 0.996120  0.154623 0.615933 1 38 1.000000
v_ic_base
0  -10.682612 -27.146633 -5.640383  0.075695 -0.839095 0.538693  0.167555 0.597484 1 38 1.000000
0  -10.985258 -27.057018 -5.458270  0.075055 -0.839656 0.537908  0.180440 0.613800 1 38 1.000000
0  -10.978093 -27.186455 -5.663618  0.071600 -0.842668 0.533652  0.167555 0.615933 1 38 1.000000
v_ic_base
0  -10.742069 -27.025208 -5.445055  0.143096 -0.873153 -0.465970  0.180440 0.599618 1 38 1.000000
0  -10.947075 -27.162745 -5.250289  0.143825 -0.873363 -0.465351  0.167555 0.615933 1 38 1.000000
0  -10.985258 -27.057018 -5.458270  0.139564 -0.872122 -0.468961  0.180440 0.613800 1 38 1.000000
v_ic_base
0  -11.171216 -23.248528 -5.392998  0.062188 -0.032807 -0.997525  0.167555 0.597484 1 38 1.000000
0  -11.316767 -23.507492 -5.393555  0.062188 -0.032806 -0.997525  0.154623 0.615933 1 38 1.000000
0  -11.340576 -23.272083 -5.402782  0.062190 -0.032808 -0.997525  0.167555 0.615933 1 38 1.000000
v_ic_base
0  -10.852281 -26.401937 -5.269403  -0.082424 0.836363 -0.541944  0.154623 0.597484 1 38 1.000000
0  -11.036015 -26.555174 -5.477940  -0.081953 0.836212 -0.542249  0.141735 0.613800 1 38 1.000000
0  -11.021641 -26.425491 -5.279184  -0.085249 0.837267 -0.540108  0.154623 0.615933 1 38 1.000000
v_ic_base
0  -10.001487 -34.289906 -5.267799  0.061027 -0.856712 0.512173  0.167572 0.597484 1 38 1.000000
0  -10.332987 -34.200523 -5.078795  0.060040 -0.857574 0.510844  0.180457 0.613800 1 38 1.000000
0  -10.326737 -34.326019 -5.292667  0.056804 -0.860379 0.506479  0.167572 0.615933 1 38 1.000000
v_ic_base
0  -7.193849 -28.101078 -9.018063  0.992435 0.110891 -0.052693  0.033500 0.208908 1 39 1.000000
0  -7.793327 -24.117939 -11.926430  0.992475 0.109808 -0.054185  0.117851 0.166786 1 39 1.000000
0  -7.652062 -23.976940 -9.178959  0.992532 0.108068 -0.056578  0.117851 0.208908 1 39 1.000000
v_ic_base
0  -7.465312 -37.975414 -9.304934  0.879344 -0.158946 -0.448876  0.255324 0.901109 1 38 1.000000
0  -7.208680 -36.836731 -9.205398  0.913749 -0.137826 -0.382187  0.261749 0.809234 1 38 1.000000
0  -7.332666 -37.960094 -9.027976  0.944111 -0.150518 -0.293256  0.261749 0.901109 1 38 1.000000
v_ic_base
0  -10.129750 -35.931133 -3.693843  -0.094420 0.993899 0.056999  0.127794 0.603139 1 38 1.000000
0  -10.413441 -35.957024 -3.783478  -0.110016 0.992011 0.061733  0.125463 0.600602 1 38 1.000000
0  -10.397845 -35.959652 -3.714391  -0.110315 0.991914 0.062749  0.125244 0.602683 1 38 1.000000
v_ic_base
0  -10.009133 -36.361046 -3.298724  0.130035 -0.986060 0.103812  0.076532 0.623240 1 38 1.000000
0  -10.049099 -36.409176 -3.766387  -0.026168 -0.995003 0.096358  0.071665 0.611061 1 38 1.000000
0  -9.974457 -36.402805 -3.763052  0.183197 -0.976849 0.110472  0.076810 0.611061 1 38 1.000000
v_ic_base
0  -22.635736 -19.361525 -3.637851  -0.318053 0.011841 0.947999  0.849102 0.623109 1 41 1.000000
0  -22.330528 -19.899025 -3.528740  -0.316066 0.013101 0.948647  0.862399 0.629126 1 41 1.000000
0  -22.378975 -19.333395 -3.551643  -0.319354 0.011015 0.947571  0.848140 0.629126 1 41 1.000000
v_ic_base
0  -13.700320 -24.253412 -10.229879  -0.983573 -0.099636 -0.150523  0.625020 0.264571 1 38 1.000000
0  -12.441940 -36.241768 -11.620326  -0.984448 -0.088100 -0.151987  0.266344 0.205982 1 38 1.000000
0  -12.741087 -35.720158 -9.967755  -0.983857 0.002666 -0.178936  0.290463 0.264571 1 38 1.000000
v_ic_base
0  -13.868107 -24.237947 -9.968019  -0.984245 -0.094904 -0.149179  0.273211 0.030178 1 39 1.000000
0  -13.299028 -30.043921 -10.029048  -0.982336 -0.094587 -0.161460  0.394160 0.042844 1 39 1.000000
0  -13.337366 -30.043089 -9.796771  -0.982283 -0.094578 -0.161788  0.394161 0.030184 1 39 1.000000
v_ic_base
0  -10.202607 -32.316071 -5.402627  0.064999 -0.829497 0.554716  0.167555 0.597484 1 38 1.000000
0  -10.518885 -32.215931 -5.215831  0.064185 -0.830219 0.553729  0.180440 0.613800 1 38 1.000000
0  -10.512974 -32.354252 -5.426646  0.060106 -0.833811 0.548768  0.167555 0.615933 1 38 1.000000
v_ic_base
0  -10.673908 -12.538989 -6.626301  0.735406 0.121837 0.666584  0.833261 0.524850 1 38 1.000000
0  -10.265914 -13.248782 -6.953803  0.741679 0.116167 0.660619  0.788750 0.495490 1 38 1.000000
0  -10.340004 -12.516199 -6.991344  0.732700 0.106635 0.672146  0.833261 0.496479 1 38 1.000000
v_ic_ammo
0  -12.442784 -22.229130 -12.698318  0.604454 -0.099957 0.790344  0.224107 0.662524 1 42 1.000000
0  -11.784114 -21.738108 -13.139967  0.218383 0.052298 0.974461  0.122297 0.563812 1 42 1.000000
0  -12.428549 -21.697664 -12.644799  0.897672 0.011725 0.440507  0.122297 0.688292 1 42 1.000000
v_ic_base
0  -7.951562 -37.937107 -6.295680  0.548832 -0.124922 0.826546  0.326540 0.901109 1 38 1.000000
0  -8.125819 -36.829876 -6.012626  0.549509 -0.108814 0.828372  0.335406 0.809234 1 38 1.000000
0  -8.152574 -37.953972 -6.173679  0.455041 -0.136894 0.879885  0.335406 0.901109 1 38 1.000000
v_ic_base
0  -11.244042 -15.164557 -14.917072  0.769492 -0.595173 0.231629  0.107212 0.913136 1 38 1.000000
0  -11.012298 -14.993635 -15.927215  0.780101 -0.622265 0.065032  0.113598 0.884748 1 38 1.000000
0  -11.121930 -15.006146 -14.916462  0.767758 -0.611690 0.190743  0.112077 0.913136 1 38 1.000000
v_ic_base
0  -12.636019 -35.389011 -7.209818  -0.947598 -0.073829 0.310819  0.254981 0.390139 1 38 1.000000
0  -12.783686 -36.108055 -8.364226  -0.981082 -0.084595 0.174129  0.231112 0.344628 1 38 1.000000
0  -12.556324 -36.056286 -7.125399  -0.909998 -0.068765 0.408871  0.231112 0.390139 1 38 1.000000
v_ic_base
0  -12.556324 -36.056286 -7.125399  -0.909998 -0.068765 0.408871  0.231112 0.390139 1 38 1.000000
0  -13.692643 -22.664480 -7.690574  -0.887703 -0.065455 0.455740  0.642185 0.390139 1 38 1.000000
0  -12.636019 -35.389011 -7.209818  -0.947598 -0.073829 0.310819  0.254981 0.390139 1 38 1.000000
v_ic_base
0  -12.556324 -36.056286 -7.125399  -0.909998 -0.068765 0.408871  0.231112 0.390139 1 38 1.000000
0  -11.798165 -35.965591 -6.106202  -0.644824 -0.017520 0.764131  0.231112 0.429209 1 38 1.000000
0  -13.692643 -22.664480 -7.690574  -0.887703 -0.065455 0.455740  0.642185 0.390139 1 38 1.000000
v_ic_base
0  -12.636019 -35.389011 -7.209818  -0.947598 -0.073829 0.310819  0.254981 0.390139 1 38 1.000000
0  -12.727273 -35.406261 -7.705523  -0.981058 -0.084673 0.174230  0.254981 0.370485 1 38 1.000000
0  -12.783686 -36.108055 -8.364226  -0.981082 -0.084595 0.174129  0.231112 0.344628 1 38 1.000000
v_ic_base
0  -12.636019 -35.389011 -7.209818  -0.358952 -0.064952 -0.931093  0.254981 0.390139 1 38 1.000000
0  -13.020755 -22.926720 -7.930854  -0.358425 -0.064948 -0.931296  0.632365 0.384751 1 38 1.000000
0  -11.683152 -34.990749 -7.604975  -0.358977 -0.064952 -0.931083  0.265449 0.384751 1 38 1.000000
v_ic_base
0  -14.137146 -11.143627 -7.155754  -0.648614 -0.035802 0.760275  0.994578 0.550766 1 38 1.000000
0  -14.503770 -14.537867 -7.967009  -0.949544 -0.083670 0.302267  0.891401 0.592067 1 38 1.000000
0  -13.805670 -14.421029 -7.027297  -0.672744 -0.028581 0.739323  0.891401 0.550766 1 38 1.000000
v_ic_base
0  -10.129750 -35.931133 -3.693843  -0.986595 -0.161187 -0.025465  0.127794 0.603139 1 38 1.000000
0  -10.068810 -36.366142 -3.301391  -0.986594 -0.161193 -0.025471  0.108064 0.613589 1 38 1.000000
0  -10.136407 -35.955585 -3.257047  -0.986843 -0.159890 -0.023993  0.126244 0.615588 1 38 1.000000
v_ic_base
0  -10.045985 -36.418003 -3.854565  -0.018322 -0.994523 0.102902  0.106347 0.597674 1 38 1.000000
0  -10.254379 -36.360077 -3.769287  -0.218870 -0.968006 0.122716  0.109660 0.600576 1 38 1.000000
0  -10.263179 -36.368580 -3.845327  -0.214528 -0.967607 0.133094  0.109441 0.598269 1 38 1.000000
v_ic_base
0  -24.759130 -22.192478 -4.755690  0.087294 -0.995440 0.038468  0.996911 0.736793 1 41 1.000000
0  -25.252655 -22.398584 -8.968788  0.087293 -0.995439 0.038472  0.987029 0.868263 1 41 1.000000
0  -24.469313 -22.174164 -4.939430  0.087294 -0.995440 0.038468  0.987198 0.740767 1 41 1.000000
v_ic_base
0  -10.954283 -27.421865 -5.654393  -0.944543 -0.077882 0.319017  0.444243 0.562710 1 38 1.000000
0  -10.886915 -28.030153 -5.420120  -0.992046 -0.096875 0.080372  0.420930 0.568985 1 38 1.000000
0  -10.937639 -27.527840 -5.439816  -0.992015 -0.096860 0.080772  0.439814 0.568985 1 38 1.000000
v_ic_base
0  -11.525111 -35.256809 -5.974571  -0.452856 0.008997 0.891538  0.254981 0.444868 1 38 1.000000
0  -13.221408 -20.197805 -6.800878  -0.656714 -0.049328 0.752524  0.714208 0.429335 1 38 1.000000
0  -11.798165 -35.965591 -6.106202  -0.644824 -0.017520 0.764131  0.231112 0.429209 1 38 1.000000
v_ic_base
0  -13.221408 -20.197805 -6.800878  -0.656714 -0.049328 0.752524  0.714208 0.429335 1 38 1.000000
0  -13.692643 -22.664480 -7.690574  -0.887703 -0.065455 0.455740  0.642185 0.390139 1 38 1.000000
0  -11.798165 -35.965591 -6.106202  -0.644824 -0.017520 0.764131  0.231112 0.429209 1 38 1.000000
v_ic_base
0  -13.919508 -20.314644 -7.740591  -0.918611 -0.076917 0.387606  0.714206 0.390142 1 38 1.000000
0  -13.692643 -22.664480 -7.690574  -0.887703 -0.065455 0.455740  0.642185 0.390139 1 38 1.000000
0  -13.221408 -20.197805 -6.800878  -0.656714 -0.049328 0.752524  0.714208 0.429335 1 38 1.000000
v_ic_base
0  -12.783686 -36.108055 -8.364226  -0.981082 -0.084595 0.174129  0.231112 0.344628 1 38 1.000000
0  -13.781776 -22.694464 -8.150982  -0.981834 -0.080577 0.171783  0.642185 0.370485 1 38 1.000000
0  -14.080645 -20.381952 -8.869126  -0.985217 -0.087398 0.147340  0.714209 0.344628 1 38 1.000000
v_ic_base
0  -12.783686 -36.108055 -8.364226  -0.981082 -0.084595 0.174129  0.231112 0.344628 1 38 1.000000
0  -12.727273 -35.406261 -7.705523  -0.981058 -0.084673 0.174230  0.254981 0.370485 1 38 1.000000
0  -13.781776 -22.694464 -8.150982  -0.981834 -0.080577 0.171783  0.642185 0.370485 1 38 1.000000
v_ic_base
0  -10.684245 -34.874023 -6.676770  -0.915222 -0.102163 -0.389783  0.265449 0.457353 1 38 1.000000
0  -12.228371 -22.445484 -6.308650  -0.915849 -0.102285 -0.388277  0.642185 0.461612 1 38 1.000000
0  -11.933953 -22.764799 -6.919207  -0.915899 -0.102294 -0.388156  0.632365 0.457353 1 38 1.000000
v_ic_base
0  -11.525111 -35.256809 -5.974571  -0.452856 0.008997 0.891538  0.254981 0.444868 1 38 1.000000
0  -12.665313 -22.503006 -6.544160  -0.427528 -0.001113 0.904001  0.642185 0.444868 1 38 1.000000
0  -13.221408 -20.197805 -6.800878  -0.656714 -0.049328 0.752524  0.714208 0.429335 1 38 1.000000
v_ic_base
0  -11.053959 -35.209885 -5.720780  -0.475067 0.002062 0.879947  0.254981 0.461612 1 38 1.000000
0  -12.172829 -20.060360 -6.249222  -0.236664 -0.017029 0.971442  0.714209 0.471487 1 38 1.000000
0  -12.228371 -22.445484 -6.308650  -0.505894 -0.009711 0.862541  0.642185 0.461612 1 38 1.000000
v_ic_base
0  -11.053959 -35.209885 -5.720780  -0.475067 0.002062 0.879947  0.254981 0.461612 1 38 1.000000
0  -10.659372 -35.853954 -5.508497  -0.469997 0.002980 0.882663  0.231112 0.471390 1 38 1.000000
0  -12.172829 -20.060360 -6.249222  -0.236664 -0.017029 0.971442  0.714209 0.471487 1 38 1.000000
v_ic_base
0  -13.919508 -20.314644 -7.740591  -0.918611 -0.076917 0.387606  0.714206 0.390142 1 38 1.000000
0  -13.972919 -19.786549 -7.761292  -0.948223 -0.083897 0.306326  0.730354 0.390142 1 38 1.000000
0  -14.080645 -20.381952 -8.869126  -0.985217 -0.087398 0.147340  0.714209 0.344628 1 38 1.000000
v_ic_base
0  -14.503770 -14.537867 -7.967009  -0.949544 -0.083670 0.302267  0.891497 0.390142 1 38 1.000000
0  -14.080645 -20.381952 -8.869126  -0.985217 -0.087398 0.147340  0.714209 0.344628 1 38 1.000000
0  -13.972919 -19.786549 -7.761292  -0.948223 -0.083897 0.306326  0.730354 0.390142 1 38 1.000000
v_ic_base
0  -14.503770 -14.537867 -7.967009  -0.949544 -0.083670 0.302267  0.891497 0.390142 1 38 1.000000
0  -14.986818 -11.326324 -9.214571  -0.985733 -0.094033 0.139603  0.994674 0.344628 1 38 1.000000
0  -14.080645 -20.381952 -8.869126  -0.985217 -0.087398 0.147340  0.714209 0.344628 1 38 1.000000
v_ic_base
0  -14.835246 -11.260464 -8.095467  -0.920601 -0.078113 0.382612  0.994674 0.390139 1 38 1.000000
0  -14.986818 -11.326324 -9.214571  -0.985733 -0.094033 0.139603  0.994674 0.344628 1 38 1.000000
0  -14.503770 -14.537867 -7.967009  -0.949544 -0.083670 0.302267  0.891497 0.390142 1 38 1.000000
v_ic_base
0  -12.544956 -24.217613 -12.567560  -0.107073 0.993279 -0.043965  0.617496 0.042598 1 38 1.000000
0  -12.652642 -24.229856 -12.581909  -0.107073 0.993279 -0.043965  0.607529 0.037464 1 38 1.000000
0  -13.475061 -24.279799 -11.707109  -0.107073 0.993279 -0.043965  0.625735 0.013980 1 38 1.000000
v_ic_base
0  -14.770534 -14.454057 -6.922883  -0.030185 0.999441 0.014395  0.681863 0.898434 1 38 1.000000
0  -16.819956 -14.559150 -3.923677  -0.030185 0.999441 0.014395  0.753791 0.970947 1 38 1.000000
0  -15.558535 -14.523642 -3.743918  -0.030185 0.999441 0.014395  0.708899 0.983389 1 38 1.000000
v_ic_ammo
0  -11.652071 -22.234032 -13.222206  0.187255 -0.964213 -0.187691  0.240010 0.554259 1 42 1.000000
0  -10.957026 -22.131021 -13.057882  0.184835 -0.966951 -0.175619  0.224107 0.466452 1 42 1.000000
0  -11.641883 -22.238874 -13.187242  0.187359 -0.964092 -0.188213  0.224107 0.539462 1 42 1.000000
v_ic_base
0  -22.798407 -17.328588 -3.735178  -0.339350 0.010277 0.940604  0.797845 0.623109 1 41 1.000000
0  -22.491371 -17.879999 -3.618381  -0.337235 0.011611 0.941349  0.811494 0.629126 1 41 1.000000
0  -22.540466 -17.300049 -3.641987  -0.340700 0.009424 0.940125  0.796868 0.629126 1 41 1.000000
v_ic_base
0  -10.072618 -38.121426 -6.392791  0.464017 0.009223 -0.885778  0.122855 0.482360 1 38 1.000000
0  -13.444961 -11.377153 -7.880933  0.646567 0.032483 -0.762165  0.060421 0.458584 1 38 1.000000
0  -12.790212 -11.291330 -7.536470  0.464620 0.009316 -0.885461  0.060421 0.482360 1 38 1.000000
v_ic_base
0  -12.053685 -37.183937 -6.871968  -0.098848 -0.982006 0.160912  0.428397 0.809234 1 38 1.000000
0  -11.531206 -37.120655 -6.164824  -0.098848 -0.982006 0.160912  0.401667 0.809234 1 38 1.000000
0  -12.243364 -37.205845 -7.122182  -0.098848 -0.982006 0.160912  0.439038 0.809234 1 38 1.000000
v_ic_base
0  -10.163803 -35.837505 -4.206537  -0.091431 0.980708 0.172778  0.132645 0.588074 1 38 1.000000
0  -9.997663 -35.786804 -4.406756  -0.091435 0.980758 0.172492  0.134490 0.586929 1 38 1.000000
0  -10.128292 -35.797958 -4.412594  -0.091452 0.980759 0.172480  0.134484 0.587732 1 38 1.000000
v_ic_base
0  -8.100595 -36.477928 -5.958279  0.451051 -0.700446 0.553109  0.029099 0.514800 1 38 1.000000
0  -7.219437 -36.366726 -6.845265  0.653568 -0.663152 0.364800  0.049952 0.537840 1 38 1.000000
0  -8.074714 -36.413803 -5.898176  0.433154 -0.703226 0.563783  0.024205 0.517309 1 38 1.000000
v_ic_base
0  -12.243364 -37.205845 -7.122182  -0.762648 0.573955 0.298234  0.439038 0.809234 1 38 1.000000
0  -11.384376 -36.766033 -6.397626  -0.556131 0.604612 0.570231  0.401667 0.781546 1 38 1.000000
0  -12.021035 -36.842194 -7.253492  -0.764903 0.573529 0.293237  0.439038 0.781546 1 38 1.000000
v_ic_base
0  -7.141738 -37.916618 -7.987677  0.990432 -0.125987 0.056316  0.278061 0.901109 1 38 1.000000
0  -7.208680 -36.836731 -9.205398  0.913749 -0.137826 -0.382187  0.261749 0.809234 1 38 1.000000
0  -6.995113 -36.788097 -8.041736  0.990844 -0.126474 0.047261  0.278061 0.809234 1 38 1.000000
v_ic_base
0  -7.332666 -37.960094 -9.027976  0.084924 -0.996137 0.022346  0.261749 0.901109 1 38 1.000000
0  -7.811772 -38.003807 -9.155831  0.084409 -0.996135 0.024311  0.249118 0.901109 1 38 1.000000
0  -7.465312 -37.975414 -9.304934  0.087341 -0.996090 0.013264  0.255324 0.901109 1 38 1.000000
v_ic_base
0  -11.701764 -38.268547 -6.889030  0.385297 0.110605 0.916140  0.432463 0.901109 1 38 1.000000
0  -11.354502 -38.246361 -7.037756  0.385297 0.110605 0.916140  0.425855 0.901109 1 38 1.000000
0  -12.053685 -37.183937 -6.871968  0.385297 0.110605 0.916140  0.427716 0.809234 1 38 1.000000
v_ic_base
0  -10.413441 -35.957024 -3.783478  -0.915837 -0.354805 0.188030  0.125463 0.600602 1 38 1.000000
0  -10.254379 -36.360077 -3.769287  -0.921309 -0.358267 0.151110  0.109660 0.600576 1 38 1.000000
0  -10.397845 -35.959652 -3.714391  -0.914986 -0.354292 0.193075  0.125244 0.602683 1 38 1.000000
v_ic_base
0  -11.963409 -36.086662 -5.900532  -0.653020 -0.038629 0.756355  0.162249 0.378778 1 38 1.000000
0  -12.751504 -36.502033 -6.995806  -0.907978 -0.092737 0.408626  0.142611 0.390341 1 38 1.000000
0  -11.922477 -36.402863 -5.881341  -0.641142 -0.036473 0.766555  0.161442 0.390341 1 38 1.000000
v_ic_base
0  -7.907792 -38.002262 -8.790005  0.083892 -0.996130 0.026229  0.261749 0.919290 1 38 1.000000
0  -8.029835 -38.030170 -9.459467  0.083326 -0.996324 0.019879  0.239864 0.901109 1 38 1.000000
0  -7.811772 -38.003807 -9.155831  0.084409 -0.996135 0.024311  0.249118 0.901109 1 38 1.000000
v_ic_base
0  -14.143474 -10.415662 -7.258143  -0.342262 0.905440 0.251067  0.159612 0.346622 1 38 1.000000
0  -13.005050 -10.129626 -7.642399  -0.159102 0.977021 0.141833  0.150625 0.341039 2 38 0.750000 44 0.250000
0  -13.839595 -10.236919 -8.092814  -0.253670 0.960564 0.113877  0.142009 0.341039 2 38 0.750000 44 0.250000
v_ic_base
0  -7.983499 -37.968266 -7.257213  0.084575 -0.996046 0.027203  0.294537 0.919290 1 38 1.000000
0  -7.141738 -37.916618 -7.987677  0.083886 -0.996130 0.026236  0.278061 0.901109 1 38 1.000000
0  -7.434361 -37.914433 -6.968991  0.081403 -0.996200 0.030973  0.294537 0.901109 1 38 1.000000
v_ic_base
0  -11.573373 -38.326199 -9.488537  0.475438 0.013295 -0.879649  0.485410 0.901109 1 38 1.000000
0  -11.916107 -37.245716 -9.657454  0.475438 0.013295 -0.879649  0.490417 0.809234 1 38 1.000000
0  -11.242314 -38.296741 -9.309155  0.475438 0.013295 -0.879649  0.491656 0.901109 1 38 1.000000
v_ic_base
0  -7.409206 -34.935532 -6.974601  0.201062 0.976749 0.074401  0.254962 0.390139 1 38 1.000000
0  -8.297896 -34.692650 -7.761619  0.207277 0.975975 0.067146  0.265430 0.375778 1 38 1.000000
0  -8.377989 -34.695267 -7.455229  0.210506 0.975537 0.063365  0.265430 0.384751 1 38 1.000000
v_ic_base
0  -11.215515 -38.306854 -9.898283  -0.807914 -0.063887 0.585827  0.507955 0.901109 1 38 1.000000
0  -10.995284 -38.283386 -9.592003  -0.807914 -0.063887 0.585827  0.501114 0.901109 1 38 1.000000
0  -11.484763 -37.222404 -10.151340  -0.807914 -0.063887 0.585827  0.503267 0.809234 1 38 1.000000
v_ic_base
0  -11.013698 -38.296207 -10.019905  0.078484 -0.996564 0.026478  0.516893 0.901109 1 38 1.000000
0  -10.995284 -38.283386 -9.592003  0.081938 -0.996290 0.026312  0.501114 0.901109 1 38 1.000000
0  -11.215515 -38.306854 -9.898283  0.068832 -0.997266 0.026901  0.507955 0.901109 1 38 1.000000
v_ic_base
0  -11.879898 -10.873447 -6.548965  0.188145 -0.750983 0.632950  0.206432 0.396909 1 38 1.000000
0  -13.188116 -10.816602 -6.375187  -0.076152 -0.779552 0.621691  0.183681 0.401068 1 38 1.000000
0  -13.105865 -11.008079 -6.604885  -0.078461 -0.779389 0.621609  0.184597 0.396909 1 38 1.000000
v_ic_base
0  -8.990535 -37.026783 -10.724195  0.268490 -0.268038 -0.925240  0.207195 0.809234 1 38 1.000000
0  -7.969325 -38.036251 -9.883842  0.548909 -0.204412 -0.810503  0.225643 0.901109 1 38 1.000000
0  -8.925619 -38.130001 -10.385761  0.280356 -0.266401 -0.922188  0.207195 0.901109 1 38 1.000000
v_ic_base
0  -6.883457 -35.196392 -9.318578  0.131624 0.991214 -0.013064  0.290482 0.278015 1 38 1.000000
0  -7.228587 -35.155437 -9.688620  0.131562 0.991223 -0.013005  0.294688 0.267403 1 38 1.000000
0  -7.195488 -35.155499 -9.368444  0.132048 0.991152 -0.013471  0.294688 0.275251 1 38 1.000000
v_ic_base
0  -8.152574 -37.953972 -6.173679  0.089291 -0.995667 0.025975  0.335406 0.901109 1 38 1.000000
0  -9.263766 -38.052357 -6.356640  0.083883 -0.996130 0.026229  0.356946 0.919290 1 38 1.000000
0  -8.518167 -37.997696 -6.665148  0.083882 -0.996131 0.026219  0.335406 0.919290 1 38 1.000000
v_ic_base
0  -11.013698 -38.296207 -10.019905  0.078484 -0.996564 0.026478  0.516893 0.901109 1 38 1.000000
0  -10.648106 -38.252476 -9.528437  0.083887 -0.996130 0.026240  0.516893 0.919290 1 38 1.000000
0  -10.995284 -38.283386 -9.592003  0.081938 -0.996290 0.026312  0.501114 0.901109 1 38 1.000000
v_ic_base
0  -22.749361 -17.908480 -3.710011  -0.088872 0.995725 0.025172  0.810744 0.623109 1 41 1.000000
0  -23.046827 -17.950285 -3.106325  0.102382 0.987621 0.118840  0.812466 0.618883 1 41 1.000000
0  -22.491371 -17.879999 -3.618381  -0.114124 0.993387 0.012569  0.811494 0.629126 1 41 1.000000
v_ic_base
0  -10.784524 -38.191216 -6.766440  0.083035 -0.996190 0.026669  0.401667 0.919290 1 38 1.000000
0  -11.385870 -38.230354 -6.449172  0.076700 -0.996802 0.022416  0.409901 0.901109 1 38 1.000000
0  -11.136439 -38.219997 -6.734122  0.084442 -0.995896 0.032568  0.416256 0.901109 1 38 1.000000
v_ic_base
0  -12.792436 -36.185833 -7.014999  -0.429387 0.893700 0.130103  0.142881 0.378778 1 38 1.000000
0  -12.783686 -36.108055 -8.364226  -0.488580 0.871249 0.047056  0.117015 0.370180 1 38 1.000000
0  -12.935200 -36.193657 -8.367050  -0.440365 0.897815 0.002600  0.115431 0.377720 1 38 1.000000
v_ic_base
0  -11.833607 -38.290077 -7.165609  0.082849 -0.996107 0.030127  0.439038 0.901109 1 38 1.000000
0  -11.354502 -38.246361 -7.037756  0.083375 -0.996120 0.028170  0.425855 0.901109 1 38 1.000000
0  -11.701764 -38.268547 -6.889030  0.080420 -0.995990 0.039208  0.432463 0.901109 1 38 1.000000
v_ic_base
0  -20.487898 -21.459711 -5.616155  -0.311393 -0.739554 0.596736  0.863745 0.740254 1 41 1.000000
0  -21.740711 -21.799809 -6.691397  -0.311392 -0.739550 0.596741  0.892479 0.779270 1 41 1.000000
0  -20.325153 -21.639446 -5.753982  -0.311393 -0.739555 0.596735  0.856462 0.743690 1 41 1.000000
v_ic_base
0  -7.593703 -37.917763 -6.705426  -0.476257 -0.003143 0.879300  0.303810 0.901109 1 38 1.000000
0  -7.535769 -36.798164 -6.670046  -0.476257 -0.003143 0.879300  0.308783 0.809234 1 38 1.000000
0  -7.923957 -37.953434 -6.884431  -0.476257 -0.003143 0.879300  0.310528 0.901109 1 38 1.000000
v_ic_base
0  -10.672527 -30.494904 -5.495083  -0.143061 0.880600 0.451749  0.154623 0.615933 1 38 1.000000
0  -10.410464 -30.578741 -5.248664  -0.143566 0.880296 0.452181  0.141735 0.599618 1 38 1.000000
0  -10.372951 -30.456093 -5.471733  -0.149218 0.876855 0.457011  0.154623 0.597484 1 38 1.000000
v_ic_base
0  -10.648106 -38.252476 -9.528437  0.083887 -0.996130 0.026240  0.516893 0.919290 1 38 1.000000
0  -11.242314 -38.296741 -9.309155  0.078774 -0.996525 0.027073  0.491656 0.901109 1 38 1.000000
0  -10.995284 -38.283386 -9.592003  0.081938 -0.996290 0.026312  0.501114 0.901109 1 38 1.000000
v_ic_base
0  -8.152574 -37.953972 -6.173679  0.089291 -0.995667 0.025975  0.335406 0.901109 1 38 1.000000
0  -8.518167 -37.997696 -6.665148  0.083882 -0.996131 0.026219  0.335406 0.919290 1 38 1.000000
0  -8.170987 -37.966785 -6.601584  0.085837 -0.995966 0.026136  0.319924 0.901109 1 38 1.000000
v_ic_ammo
0  -10.421476 -21.226057 -12.325188  0.987341 0.156308 -0.026925  0.308690 0.318615 1 42 1.000000
0  -10.707314 -21.737526 -11.444971  0.898253 0.184475 0.398887  0.240010 0.205489 1 42 1.000000
0  -10.396229 -21.834585 -12.068486  0.887548 0.209845 0.410150  0.240009 0.308031 1 42 1.000000
v_ic_base
0  -10.798986 -10.777040 -7.003491  0.575049 0.095923 0.812476  0.994655 0.429417 1 38 1.000000
0  -10.416509 -12.469670 -7.169219  0.728358 0.105314 0.677055  0.942604 0.419016 1 38 1.000000
0  -10.011464 -10.730733 -7.875441  0.847169 0.106641 0.520511  0.994655 0.390139 1 38 1.000000
v_ic_base
0  -8.905745 -24.088266 -12.734379  -0.202947 0.973265 0.107555  0.124583 0.144202 1 39 1.000000
0  -10.155439 -24.272018 -13.009894  -0.135182 0.984145 0.114826  0.129734 0.122657 1 39 1.000000
0  -9.000805 -24.140430 -12.444730  -0.222823 0.969494 0.102128  0.129734 0.144202 1 39 1.000000
v_ic_base
0  -10.784524 -38.191216 -6.766440  0.083035 -0.996190 0.026669  0.401667 0.919290 1 38 1.000000
0  -11.196947 -38.213924 -6.309744  0.078358 -0.996700 0.021209  0.401666 0.901109 1 38 1.000000
0  -11.385870 -38.230354 -6.449172  0.076700 -0.996802 0.022416  0.409901 0.901109 1 38 1.000000
v_ic_base
0  -9.633532 -10.897458 -11.975153  0.044712 0.994925 -0.090142  0.989460 0.205863 1 38 1.000000
0  -9.588016 -10.734328 -8.988219  0.174966 0.982961 -0.056350  0.994235 0.322741 1 38 1.000000
0  -9.498205 -10.750473 -8.983234  0.179679 0.982109 -0.056375  0.989460 0.322741 1 38 1.000000
v_ic_base
0  -11.385870 -38.230354 -6.449172  -0.743604 -0.130938 -0.655674  0.409901 0.901109 1 38 1.000000
0  -11.672922 -37.137913 -6.341787  -0.743604 -0.130938 -0.655674  0.414719 0.809234 1 38 1.000000
0  -11.136439 -38.219997 -6.734122  -0.743604 -0.130938 -0.655674  0.416256 0.901109 1 38 1.000000
v_ic_base
0  -16.819956 -14.559150 -3.923677  -0.143098 0.028820 0.989289  0.661257 0.780301 1 38 1.000000
0  -15.122334 -19.304937 -3.539866  -0.147896 0.027051 0.988633  0.627286 0.935849 1 38 1.000000
0  -15.558535 -14.523642 -3.743918  -0.141828 0.029288 0.989458  0.627217 0.782922 1 38 1.000000
v_ic_base
0  -10.240653 -38.120171 -5.807826  -0.228114 -0.221144 0.948187  0.379364 0.901109 1 38 1.000000
0  -9.246140 -36.912010 -5.549068  0.179169 -0.167902 0.969385  0.356946 0.809234 1 38 1.000000
0  -10.461510 -37.015789 -5.603385  -0.242106 -0.223210 0.944226  0.379364 0.809234 1 38 1.000000
v_ic_base
0  -8.152574 -37.953972 -6.173679  0.089291 -0.995667 0.025975  0.335406 0.901109 1 38 1.000000
0  -8.170987 -37.966785 -6.601584  0.085837 -0.995966 0.026136  0.319924 0.901109 1 38 1.000000
0  -7.951562 -37.937107 -6.295680  0.098956 -0.994764 0.025539  0.326540 0.901109 1 38 1.000000
v_ic_base
0  -7.951562 -37.937107 -6.295680  0.806928 0.074025 -0.585992  0.326540 0.901109 1 38 1.000000
0  -8.170987 -37.966785 -6.601584  0.806928 0.074025 -0.585992  0.319924 0.901109 1 38 1.000000
0  -7.967111 -36.821484 -6.176160  0.806928 0.074025 -0.585992  0.321565 0.809234 1 38 1.000000
v_ic_base
0  -10.461510 -37.015789 -5.603385  -0.251554 0.641327 0.724859  0.379364 0.809234 1 38 1.000000
0  -9.341556 -36.579506 -5.847146  0.070506 0.676992 0.732606  0.356946 0.781546 1 38 1.000000
0  -10.428081 -36.672283 -5.895707  -0.257836 0.640604 0.723289  0.379364 0.781546 1 38 1.000000
v_ic_base
0  -8.672277 -19.788507 -8.633346  -0.048998 0.031461 0.998303  0.732196 0.333455 1 38 1.000000
0  -9.498205 -10.750473 -8.983234  -0.049261 0.034141 0.998202  0.988788 0.325045 1 38 1.000000
0  -9.588016 -10.734328 -8.988219  -0.049261 0.034141 0.998202  0.988788 0.333455 1 38 1.000000
v_ic_base
0  -12.129609 -37.256920 -9.425332  -0.739840 0.542989 -0.397240  0.477879 0.809234 1 38 1.000000
0  -12.211962 -36.885666 -8.293788  -0.832211 0.551548 -0.056749  0.459248 0.781546 1 38 1.000000
0  -11.919340 -36.887859 -9.312476  -0.737330 0.542982 -0.401890  0.477878 0.781546 1 38 1.000000
v_ic_base
0  -8.074714 -36.413803 -5.898176  0.433154 -0.703226 0.563783  0.024205 0.517309 1 38 1.000000
0  -9.269160 -36.563602 -5.474758  0.179418 -0.737184 0.651437  0.015587 0.486744 1 38 1.000000
0  -8.100595 -36.477928 -5.958279  0.451051 -0.700446 0.553109  0.029099 0.514800 1 38 1.000000
v_ic_base
0  -12.395449 -36.870090 -7.115615  -0.548240 -0.790587 0.272773  0.053446 0.408129 1 38 1.000000
0  -11.700071 -36.723370 -6.060207  -0.346975 -0.786408 0.511049  0.024205 0.425038 1 38 1.000000
0  -12.458230 -36.814060 -7.079405  -0.536250 -0.791081 0.294325  0.049952 0.404505 1 38 1.000000
v_ic_base
0  -7.434361 -37.914433 -6.968991  0.906103 -0.091468 0.413051  0.294537 0.901109 1 38 1.000000
0  -7.535769 -36.798164 -6.670046  0.756627 -0.104132 0.645501  0.308783 0.809234 1 38 1.000000
0  -7.593703 -37.917763 -6.705426  0.854534 -0.060520 0.515857  0.303810 0.901109 1 38 1.000000
v_ic_base
0  -11.982596 -18.537502 -13.899412  0.116269 -0.836059 -0.536178  0.806063 0.068927 1 38 1.000000
0  -10.672005 -18.812519 -13.186381  0.116269 -0.836059 -0.536178  0.786554 0.099576 1 38 1.000000
0  -12.075191 -18.966612 -13.250384  0.116269 -0.836058 -0.536179  0.786554 0.066879 1 38 1.000000
v_ic_base
0  -8.704528 -24.254196 -13.067318  0.163892 0.918877 -0.358892  0.117851 0.144202 1 39 1.000000
0  -10.112978 -24.226942 -13.348494  0.018514 0.909998 -0.414200  0.124583 0.122657 1 39 1.000000
0  -8.905745 -24.088266 -12.734379  0.179905 0.919904 -0.348442  0.124583 0.144202 1 39 1.000000
v_ic_base
0  -7.620482 -36.216026 -12.542696  0.653023 0.038626 -0.756352  0.028555 0.390341 1 38 1.000000
0  -8.906654 -36.021904 -13.215463  0.256095 -0.025501 -0.966315  0.016729 0.378778 1 38 1.000000
0  -7.661413 -35.899826 -12.561888  0.641134 0.036467 -0.766562  0.028555 0.378778 1 38 1.000000
v_ic_base
0  -7.434361 -37.914433 -6.968991  0.906103 -0.091468 0.413051  0.294537 0.901109 1 38 1.000000
0  -6.995113 -36.788097 -8.041736  0.990844 -0.126474 0.047261  0.278061 0.809234 1 38 1.000000
0  -7.322436 -36.785656 -6.902248  0.868519 -0.114632 0.482218  0.294537 0.809234 1 38 1.000000
v_ic_base
0  -13.781776 -22.694464 -8.150982  0.186138 0.049642 0.981269  0.642185 0.370485 1 38 1.000000
0  -11.731874 -35.000763 -7.917250  0.188198 0.049978 0.980859  0.265449 0.375778 1 38 1.000000
0  -13.075965 -22.947765 -8.271935  0.185972 0.049615 0.981302  0.632365 0.375778 1 38 1.000000
v_ic_base
0  -7.465312 -37.975414 -9.304934  -0.386337 -0.100538 -0.916862  0.255324 0.901109 1 38 1.000000
0  -7.811772 -38.003807 -9.155831  -0.386337 -0.100538 -0.916862  0.249118 0.901109 1 38 1.000000
0  -7.398192 -36.859943 -9.455531  -0.386337 -0.100538 -0.916862  0.250256 0.809234 1 38 1.000000
v_ic_base
0  -9.154128 -38.027393 -5.759264  0.083883 -0.996130 0.026229  0.356946 0.901109 1 38 1.000000
0  -10.072618 -38.121426 -6.392791  0.083886 -0.996130 0.026227  0.379364 0.919290 1 38 1.000000
0  -9.263766 -38.052357 -6.356640  0.083883 -0.996130 0.026229  0.356946 0.919290 1 38 1.000000
v_ic_base
0  -11.201127 -36.848320 -10.107789  -0.504398 0.551100 -0.664734  0.516893 0.781546 1 38 1.000000
0  -10.205904 -37.130562 -10.778513  -0.183492 0.576863 -0.795965  0.535463 0.809234 1 38 1.000000
0  -11.326227 -37.212700 -10.314955  -0.505365 0.551042 -0.664048  0.516893 0.809234 1 38 1.000000
v_ic_base
0  -7.778955 -36.905968 -9.985714  -0.019196 0.997066 -0.074102  0.237621 0.809234 1 38 1.000000
0  -7.920838 -36.921917 -10.162756  -0.019196 0.997066 -0.074102  0.225643 0.809234 1 38 1.000000
0  -7.208680 -36.836731 -9.205398  -0.019196 0.997066 -0.074102  0.261749 0.809234 1 38 1.000000
v_ic_base
0  -7.398192 -36.859943 -9.455531  0.150020 -0.988431 -0.022325  0.250256 0.809234 1 38 1.000000
0  -7.778955 -36.905968 -9.985714  0.150020 -0.988431 -0.022325  0.237621 0.809234 1 38 1.000000
0  -7.208680 -36.836731 -9.205398  0.150020 -0.988431 -0.022325  0.261749 0.809234 1 38 1.000000
v_ic_base
0  -11.033445 -29.165529 -13.690903  -0.140526 0.005939 -0.990059  0.026205 0.099722 1 39 1.000000
0  -9.501211 -29.382460 -13.632130  -0.024859 0.000162 -0.999691  0.016109 0.122657 1 39 1.000000
0  -11.009146 -29.518332 -13.698313  -0.153727 -0.010922 -0.988053  0.016109 0.099722 1 39 1.000000
v_ic_base
0  -11.833607 -38.290077 -7.165609  0.082849 -0.996107 0.030127  0.439038 0.901109 1 38 1.000000
0  -11.400613 -38.280277 -8.178021  0.083886 -0.996130 0.026235  0.459248 0.919290 1 38 1.000000
0  -11.258478 -38.247913 -7.403583  0.083884 -0.996130 0.026246  0.439038 0.919290 1 38 1.000000
v_ic_base
0  -10.240653 -38.120171 -5.807826  0.083887 -0.996130 0.026225  0.379364 0.901109 1 38 1.000000
0  -10.784524 -38.191216 -6.766440  0.083035 -0.996190 0.026669  0.401667 0.919290 1 38 1.000000
0  -10.072618 -38.121426 -6.392791  0.083886 -0.996130 0.026227  0.379364 0.919290 1 38 1.000000
v_ic_base
0  -10.205904 -37.130562 -10.778513  -0.144013 -0.320577 -0.936211  0.188211 0.809234 1 38 1.000000
0  -8.925619 -38.130001 -10.385761  0.280356 -0.266401 -0.922188  0.207195 0.901109 1 38 1.000000
0  -10.012144 -38.222778 -10.434323  -0.133879 -0.319381 -0.938122  0.188211 0.901109 1 38 1.000000
v_ic_base
0  -8.672277 -19.788507 -8.633346  0.928747 0.106472 0.355097  0.714190 0.344628 1 38 1.000000
0  -8.844916 -22.132017 -7.467149  0.832590 0.100518 0.544693  0.642166 0.390139 1 38 1.000000
0  -8.710382 -22.137430 -7.917197  0.921765 0.099322 0.374813  0.642166 0.370485 1 38 1.000000
v_ic_base
0  -7.781207 -38.013603 -9.744792  0.742329 0.140970 0.655038  0.233672 0.901109 1 38 1.000000
0  -7.778955 -36.905968 -9.985714  0.742329 0.140970 0.655038  0.237621 0.809234 1 38 1.000000
0  -8.029835 -38.030170 -9.459467  0.742329 0.140970 0.655038  0.239864 0.901109 1 38 1.000000
v_ic_base
0  -8.381749 -38.058956 -9.427145  0.084737 -0.996069 0.025795  0.225643 0.919290 1 38 1.000000
0  -7.781207 -38.013603 -9.744792  0.091063 -0.995392 0.030047  0.233672 0.901109 1 38 1.000000
0  -8.029835 -38.030170 -9.459467  0.083326 -0.996324 0.019879  0.239864 0.901109 1 38 1.000000
v_ic_base
0  -8.381749 -38.058956 -9.427145  0.084737 -0.996069 0.025795  0.225643 0.919290 1 38 1.000000
0  -7.969325 -38.036251 -9.883842  0.089413 -0.995504 0.031264  0.225643 0.901109 1 38 1.000000
0  -7.781207 -38.013603 -9.744792  0.091063 -0.995392 0.030047  0.233672 0.901109 1 38 1.000000
v_ic_base
0  -8.672277 -19.788507 -8.633346  0.928747 0.106472 0.355097  0.714190 0.344628 1 38 1.000000
0  -9.177770 -18.973930 -7.552306  0.845841 0.154377 0.510608  0.739079 0.390142 1 38 1.000000
0  -9.095726 -19.784914 -7.520566  0.877950 0.104618 0.467182  0.714187 0.390142 1 38 1.000000
v_ic_base
0  -9.423838 -16.540979 -7.647666  0.880240 0.107146 0.462274  0.813746 0.390142 1 38 1.000000
0  -8.672277 -19.788507 -8.633346  0.928747 0.106472 0.355097  0.714190 0.344628 1 38 1.000000
0  -9.505861 -15.729997 -7.679451  0.846187 0.153462 0.510310  0.838635 0.390142 1 38 1.000000
v_ic_base
0  -9.588016 -10.734328 -8.988219  0.929284 0.107833 0.353275  0.994655 0.344628 1 38 1.000000
0  -9.505861 -15.729997 -7.679451  0.846187 0.153462 0.510310  0.838635 0.390142 1 38 1.000000
0  -8.672277 -19.788507 -8.633346  0.928747 0.106472 0.355097  0.714190 0.344628 1 38 1.000000
v_ic_base
0  -10.011464 -10.730733 -7.875441  0.847169 0.106641 0.520511  0.994655 0.390139 1 38 1.000000
0  -9.669907 -14.108030 -7.743022  0.846346 0.152602 0.510304  0.888412 0.390142 1 38 1.000000
0  -9.588016 -10.734328 -8.988219  0.929284 0.107833 0.353275  0.994655 0.344628 1 38 1.000000
v_ic_base
0  -9.669907 -14.108030 -7.743022  0.846346 0.152602 0.510304  0.888412 0.390142 1 38 1.000000
0  -9.587884 -14.919014 -7.711236  0.880242 0.107146 0.462270  0.863523 0.390142 1 38 1.000000
0  -9.588016 -10.734328 -8.988219  0.929284 0.107833 0.353275  0.994655 0.344628 1 38 1.000000
v_ic_base
0  -9.588016 -10.734328 -8.988219  0.929284 0.107833 0.353275  0.994655 0.344628 1 38 1.000000
0  -9.587884 -14.919014 -7.711236  0.880242 0.107146 0.462270  0.863523 0.390142 1 38 1.000000
0  -9.505861 -15.729997 -7.679451  0.846187 0.153462 0.510310  0.838635 0.390142 1 38 1.000000
v_ic_base
0  -10.372951 -30.456093 -5.471733  -0.086065 0.067554 0.993997  0.154623 0.597484 1 38 1.000000
0  -10.694163 -30.237116 -5.514427  -0.086089 0.067518 0.993997  0.167555 0.615933 1 38 1.000000
0  -10.672527 -30.494904 -5.495083  -0.086202 0.067355 0.993998  0.154623 0.615933 1 38 1.000000
v_ic_base
0  -9.177770 -18.973930 -7.552306  0.845841 0.154377 0.510608  0.739079 0.390142 1 38 1.000000
0  -9.488299 -18.170435 -7.324176  0.735555 0.100857 0.669915  0.764139 0.401445 1 38 1.000000
0  -9.444731 -18.989363 -7.250808  0.731728 0.147022 0.665551  0.739079 0.403373 1 38 1.000000
v_ic_base
0  -9.608776 -17.367397 -7.314373  0.731311 0.146612 0.666100  0.788857 0.403855 1 38 1.000000
0  -9.652339 -16.548519 -7.387748  0.729460 0.100076 0.676663  0.813915 0.401927 1 38 1.000000
0  -9.772822 -15.745433 -7.377945  0.734539 0.146497 0.662564  0.838635 0.403373 1 38 1.000000
v_ic_base
0  -9.608776 -17.367397 -7.314373  0.731311 0.146612 0.666100  0.788857 0.403855 1 38 1.000000
0  -9.772822 -15.745433 -7.377945  0.734539 0.146497 0.662564  0.838635 0.403373 1 38 1.000000
0  -9.883249 -19.831221 -6.648618  0.517416 0.066766 0.853125  0.714189 0.429335 1 38 1.000000
v_ic_base
0  -9.883249 -19.831221 -6.648618  0.517416 0.066766 0.853125  0.714189 0.429335 1 38 1.000000
0  -9.772822 -15.745433 -7.377945  0.734539 0.146497 0.662564  0.838635 0.403373 1 38 1.000000
0  -9.816380 -14.926606 -7.451318  0.736450 0.100553 0.668977  0.863692 0.401927 1 38 1.000000
v_ic_base
0  -9.883249 -19.831221 -6.648618  0.517416 0.066766 0.853125  0.714189 0.429335 1 38 1.000000
0  -9.816380 -14.926606 -7.451318  0.736450 0.100553 0.668977  0.863692 0.401927 1 38 1.000000
0  -10.539430 -13.343379 -6.902905  0.625435 0.104729 0.773216  0.913442 0.429446 1 38 1.000000
v_ic_base
0  -10.539430 -13.343379 -6.902905  0.625435 0.104729 0.773216  0.913442 0.429446 1 38 1.000000
0  -9.816380 -14.926606 -7.451318  0.736450 0.100553 0.668977  0.863692 0.401927 1 38 1.000000
0  -9.936867 -14.123466 -7.441524  0.731832 0.146862 0.665473  0.888412 0.403373 1 38 1.000000
v_ic_base
0  -10.539430 -13.343379 -6.902905  0.625435 0.104729 0.773216  0.913442 0.429446 1 38 1.000000
0  -9.936867 -14.123466 -7.441524  0.731832 0.146862 0.665473  0.888412 0.403373 1 38 1.000000
0  -10.335829 -13.331383 -7.128334  0.728607 0.099012 0.677738  0.913442 0.419341 1 38 1.000000
v_ic_base
0  -8.117805 -23.895220 -8.887956  -0.097441 0.024862 0.994931  0.118012 0.219608 1 39 1.000000
0  -7.396939 -29.170406 -8.685533  -0.091878 0.025642 0.995440  0.011941 0.215689 1 39 1.000000
0  -7.969123 -23.822933 -8.875186  -0.097529 0.024850 0.994922  0.118963 0.215689 1 39 1.000000
v_ic_base
0  -10.180725 -13.105145 -7.320974  0.737953 0.098506 0.667624  0.919949 0.410443 1 38 1.000000
0  -9.669907 -14.108030 -7.743022  0.846346 0.152602 0.510304  0.888412 0.390142 1 38 1.000000
0  -10.221157 -12.677052 -7.341138  0.737247 0.103878 0.667589  0.935849 0.410443 1 38 1.000000
v_ic_base
0  -10.221157 -12.677052 -7.341138  0.737247 0.103878 0.667589  0.935849 0.410443 1 38 1.000000
0  -9.669907 -14.108030 -7.743022  0.846346 0.152602 0.510304  0.888412 0.390142 1 38 1.000000
0  -10.011464 -10.730733 -7.875441  0.847169 0.106641 0.520511  0.994655 0.390139 1 38 1.000000
v_ic_base
0  -10.221157 -12.677052 -7.341138  0.737247 0.103878 0.667589  0.935849 0.410443 1 38 1.000000
0  -10.011464 -10.730733 -7.875441  0.847169 0.106641 0.520511  0.994655 0.390139 1 38 1.000000
0  -10.416509 -12.469670 -7.169219  0.728358 0.105314 0.677055  0.942604 0.419016 1 38 1.000000
v_ic_base
0  -10.946552 -29.604994 -12.954030  0.117909 -0.969676 0.214071  0.003827 0.099722 1 39 1.000000
0  -12.234823 -29.771927 -12.784787  0.186860 -0.959104 0.212610  0.008733 0.078522 1 39 1.000000
0  -10.955891 -29.682287 -13.300272  0.112038 -0.970455 0.213691  0.008733 0.099722 1 39 1.000000
v_ic_base
0  -11.144082 -12.752870 -6.645332  0.381735 0.105182 0.918267  0.935694 0.449822 1 38 1.000000
0  -10.924991 -12.511268 -6.786485  0.428752 0.102595 0.897578  0.942604 0.440736 1 38 1.000000
0  -11.879898 -10.873447 -6.548965  0.165130 0.064394 0.984167  0.994655 0.471130 1 38 1.000000
v_ic_base
0  -11.373768 -14.131764 -6.412539  0.188338 0.056809 0.980460  0.891475 0.465571 1 38 1.000000
0  -11.144082 -12.752870 -6.645332  0.381735 0.105182 0.918267  0.935694 0.449822 1 38 1.000000
0  -11.879898 -10.873447 -6.548965  0.165130 0.064394 0.984167  0.994655 0.471130 1 38 1.000000
v_ic_base
0  -9.488299 -18.170435 -7.324176  0.735555 0.100857 0.669915  0.764139 0.401445 1 38 1.000000
0  -9.608776 -17.367397 -7.314373  0.731311 0.146612 0.666100  0.788857 0.403855 1 38 1.000000
0  -9.883249 -19.831221 -6.648618  0.517416 0.066766 0.853125  0.714189 0.429335 1 38 1.000000
v_ic_base
0  -10.443754 -22.249390 -6.224666  0.404522 0.081036 0.910931  0.642166 0.461612 1 38 1.000000
0  -10.981454 -19.929525 -6.194880  0.160767 0.013019 0.986907  0.714190 0.471539 1 38 1.000000
0  -9.365498 -35.743469 -5.450670  0.391991 0.105802 0.913865  0.231094 0.471390 1 38 1.000000
v_ic_base
0  -10.845516 -17.831432 -18.750847  0.117005 -0.960349 -0.253062  0.134382 0.723178 1 38 1.000000
0  -11.559555 -17.763996 -19.079561  0.117843 -0.890854 -0.438738  0.120346 0.720279 1 38 1.000000
0  -10.896538 -17.691187 -19.049320  0.117841 -0.890859 -0.438731  0.134382 0.720279 1 38 1.000000
v_ic_base
0  -10.443754 -22.249390 -6.224666  0.404522 0.081036 0.910931  0.642166 0.461612 1 38 1.000000
0  -9.365498 -35.743469 -5.450670  0.391991 0.105802 0.913865  0.231094 0.471390 1 38 1.000000
0  -9.128265 -35.041790 -5.631812  0.409641 0.095706 0.907212  0.254962 0.461612 1 38 1.000000
v_ic_ammo
0  -12.476089 -22.222960 -12.716598  -0.127288 -0.986752 -0.100590  0.240009 0.677310 1 42 1.000000
0  -11.897688 -22.256149 -13.122772  -0.123802 -0.987681 -0.095707  0.224107 0.587067 1 42 1.000000
0  -12.442784 -22.229130 -12.698318  -0.127448 -0.986708 -0.100814  0.224107 0.662524 1 42 1.000000
v_ic_base
0  -12.258017 -22.807045 -7.084504  -0.102710 -0.900105 0.423393  0.632365 0.449565 1 38 1.000000
0  -12.228371 -22.445484 -6.308650  -0.106437 -0.899695 0.423343  0.642185 0.461612 1 38 1.000000
0  -12.665313 -22.503006 -6.544160  -0.109760 -0.899319 0.423294  0.642185 0.444868 1 38 1.000000
v_ic_base
0  -9.883249 -19.831221 -6.648618  0.517416 0.066766 0.853125  0.714189 0.429335 1 38 1.000000
0  -9.985063 -22.208511 -6.418301  0.348316 0.075602 0.934323  0.642166 0.444868 1 38 1.000000
0  -8.633510 -35.004383 -5.841225  0.344523 0.093794 0.934081  0.254962 0.444868 1 38 1.000000
v_ic_base
0  -9.883249 -19.831221 -6.648618  0.517416 0.066766 0.853125  0.714189 0.429335 1 38 1.000000
0  -8.633510 -35.004383 -5.841225  0.344523 0.093794 0.934081  0.254962 0.444868 1 38 1.000000
0  -8.172808 -35.656029 -5.944173  0.354299 0.103661 0.929369  0.231094 0.429209 1 38 1.000000
v_ic_base
0  -8.172808 -35.656029 -5.944173  0.749862 0.132342 0.648222  0.231094 0.429209 1 38 1.000000
0  -7.409206 -34.935532 -6.974601  0.832057 0.147837 0.534626  0.254962 0.390139 1 38 1.000000
0  -9.883249 -19.831221 -6.648618  0.741974 0.098694 0.663125  0.714189 0.429335 1 38 1.000000
v_ic_base
0  -7.409206 -34.935532 -6.974601  0.832057 0.147837 0.534626  0.254962 0.390139 1 38 1.000000
0  -8.172808 -35.656029 -5.944173  0.749862 0.132342 0.648222  0.231094 0.429209 1 38 1.000000
0  -7.317531 -35.608944 -6.891258  0.853147 0.172783 0.492226  0.231094 0.390139 1 38 1.000000
v_ic_base
0  -7.409206 -34.935532 -6.974601  0.832057 0.147837 0.534626  0.254962 0.390139 1 38 1.000000
0  -7.317531 -35.608944 -6.891258  0.853147 0.172783 0.492226  0.231094 0.390139 1 38 1.000000
0  -7.260380 -34.927788 -7.458096  0.945346 0.133461 0.297506  0.254962 0.370485 1 38 1.000000
v_ic_base
0  -7.260380 -34.927788 -7.458096  0.945346 0.133461 0.297506  0.254962 0.370485 1 38 1.000000
0  -7.317531 -35.608944 -6.891258  0.853147 0.172783 0.492226  0.231094 0.390139 1 38 1.000000
0  -6.969578 -35.611320 -8.093965  0.947185 0.130436 0.292962  0.231094 0.344628 1 38 1.000000
v_ic_base
0  -7.260380 -34.927788 -7.458096  0.945346 0.133461 0.297506  0.254962 0.370485 1 38 1.000000
0  -6.969578 -35.611320 -8.093965  0.947185 0.130436 0.292962  0.231094 0.344628 1 38 1.000000
0  -8.672277 -19.788507 -8.633346  0.928747 0.106472 0.355097  0.714190 0.344628 1 38 1.000000
v_ic_base
0  -10.427321 -33.233715 -5.150319  -0.993177 -0.085367 0.079453  0.237930 0.568985 1 38 1.000000
0  -10.491010 -32.603317 -5.411468  -0.976220 -0.074474 0.203586  0.261242 0.562710 1 38 1.000000
0  -10.421337 -33.366364 -5.361819  -0.972617 -0.074545 0.220134  0.233500 0.562710 1 38 1.000000
v_ic_base
0  -7.253901 -29.096790 -11.790978  0.998982 0.017022 -0.041767  0.016109 0.166786 1 39 1.000000
0  -7.145951 -28.604572 -9.008429  0.994572 0.088764 -0.054287  0.026205 0.208908 1 39 1.000000
0  -7.110160 -28.967310 -9.002475  0.993710 0.097133 -0.055734  0.016109 0.208908 1 39 1.000000
v_ic_base
0  -11.136439 -38.219997 -6.734122  -0.670051 -0.523144 0.526642  0.416256 0.901109 1 38 1.000000
0  -12.053685 -37.183937 -6.871968  -0.670056 -0.523149 0.526631  0.427716 0.809234 1 38 1.000000
0  -11.354502 -38.246361 -7.037756  -0.670048 -0.523141 0.526649  0.425855 0.901109 1 38 1.000000
v_ic_base
0  -11.625647 -36.238327 -12.739063  -0.251247 0.925857 -0.282248  0.028534 0.378778 1 38 1.000000
0  -12.441940 -36.241768 -11.620326  -0.301830 0.945610 -0.121324  0.051423 0.377484 1 38 1.000000
0  -11.583441 -36.178871 -12.584051  -0.286699 0.899151 -0.330654  0.031619 0.376907 1 38 1.000000
v_ic_base
0  -7.260380 -34.927788 -7.458096  0.945346 0.133461 0.297506  0.254962 0.370485 1 38 1.000000
0  -8.672277 -19.788507 -8.633346  0.928747 0.106472 0.355097  0.714190 0.344628 1 38 1.000000
0  -8.710382 -22.137430 -7.917197  0.921765 0.099322 0.374813  0.642166 0.370485 1 38 1.000000
v_ic_base
0  -9.095726 -19.784914 -7.520566  0.877950 0.104618 0.467182  0.714187 0.390142 1 38 1.000000
0  -9.883249 -19.831221 -6.648618  0.741974 0.098694 0.663125  0.714189 0.429335 1 38 1.000000
0  -8.844916 -22.132017 -7.467149  0.832590 0.100518 0.544693  0.642166 0.390139 1 38 1.000000
v_ic_base
0  -9.095726 -19.784914 -7.520566  0.539075 -0.716643 0.442516  0.714187 0.390142 1 38 1.000000
0  -9.324212 -19.792345 -7.260590  0.581682 -0.647200 0.492726  0.714193 0.401445 1 38 1.000000
0  -9.883249 -19.831221 -6.648618  0.607950 -0.602507 0.517090  0.714189 0.429335 1 38 1.000000
v_ic_base
0  -9.883249 -19.831221 -6.648618  0.517416 0.066766 0.853125  0.714189 0.429335 1 38 1.000000
0  -9.324212 -19.792345 -7.260590  0.731281 0.101540 0.674476  0.714193 0.401445 1 38 1.000000
0  -9.444731 -18.989363 -7.250808  0.731728 0.147022 0.665551  0.739079 0.403373 1 38 1.000000
v_ic_base
0  -9.444731 -18.989363 -7.250808  0.731728 0.147022 0.665551  0.739079 0.403373 1 38 1.000000
0  -9.488299 -18.170435 -7.324176  0.735555 0.100857 0.669915  0.764139 0.401445 1 38 1.000000
0  -9.883249 -19.831221 -6.648618  0.517416 0.066766 0.853125  0.714189 0.429335 1 38 1.000000
v_ic_base
0  -9.816380 -14.926606 -7.451318  0.736450 0.100553 0.668977  0.863692 0.401927 1 38 1.000000
0  -9.505861 -15.729997 -7.679451  0.846187 0.153462 0.510310  0.838635 0.390142 1 38 1.000000
0  -9.587884 -14.919014 -7.711236  0.880242 0.107146 0.462270  0.863523 0.390142 1 38 1.000000
v_ic_base
0  -8.672277 -19.788507 -8.633346  0.928747 0.106472 0.355097  0.714190 0.344628 1 38 1.000000
0  -9.259792 -18.162947 -7.584093  0.880236 0.107146 0.462281  0.763968 0.390142 1 38 1.000000
0  -9.177770 -18.973930 -7.552306  0.845841 0.154377 0.510608  0.739079 0.390142 1 38 1.000000
v_ic_base
0  -9.341815 -17.351965 -7.615880  0.846093 0.153207 0.510543  0.788857 0.390142 1 38 1.000000
0  -9.259792 -18.162947 -7.584093  0.880236 0.107146 0.462281  0.763968 0.390142 1 38 1.000000
0  -8.672277 -19.788507 -8.633346  0.928747 0.106472 0.355097  0.714190 0.344628 1 38 1.000000
v_ic_base
0  -9.341815 -17.351965 -7.615880  0.846093 0.153207 0.510543  0.788857 0.390142 1 38 1.000000
0  -8.672277 -19.788507 -8.633346  0.928747 0.106472 0.355097  0.714190 0.344628 1 38 1.000000
0  -9.423838 -16.540979 -7.647666  0.880240 0.107146 0.462274  0.813746 0.390142 1 38 1.000000
v_ic_base
0  -8.844916 -22.132017 -7.467149  0.832590 0.100518 0.544693  0.642166 0.390139 1 38 1.000000
0  -9.883249 -19.831221 -6.648618  0.741974 0.098694 0.663125  0.714189 0.429335 1 38 1.000000
0  -7.409206 -34.935532 -6.974601  0.832057 0.147837 0.534626  0.254962 0.390139 1 38 1.000000
v_ic_base
0  -13.692643 -22.664480 -7.690574  -0.319392 -0.940085 0.119284  0.642185 0.390139 1 38 1.000000
0  -13.075965 -22.947765 -8.271935  -0.323081 -0.939357 0.115012  0.632365 0.375778 1 38 1.000000
0  -13.020755 -22.926720 -7.930854  -0.326715 -0.938607 0.110788  0.632365 0.384751 1 38 1.000000
v_ic_base
0  -11.373768 -14.131764 -6.412539  0.188338 0.056809 0.980460  0.891475 0.465571 1 38 1.000000
0  -11.093328 -13.164995 -6.614281  0.350914 0.098877 0.931173  0.920147 0.449822 1 38 1.000000
0  -11.144082 -12.752870 -6.645332  0.381735 0.105182 0.918267  0.935694 0.449822 1 38 1.000000
v_ic_base
0  -10.597005 -14.064363 -6.781580  0.530068 0.086592 0.843522  0.891475 0.437285 1 38 1.000000
0  -11.093328 -13.164995 -6.614281  0.350914 0.098877 0.931173  0.920147 0.449822 1 38 1.000000
0  -11.373768 -14.131764 -6.412539  0.188338 0.056809 0.980460  0.891475 0.465571 1 38 1.000000
v_ic_base
0  -10.597005 -14.064363 -6.781580  0.530068 0.086592 0.843522  0.891475 0.437285 1 38 1.000000
0  -10.825003 -13.359209 -6.737984  0.481347 0.101809 0.870597  0.913442 0.440489 1 38 1.000000
0  -11.093328 -13.164995 -6.614281  0.350914 0.098877 0.931173  0.920147 0.449822 1 38 1.000000
v_ic_base
0  -10.539430 -13.343379 -6.902905  0.625435 0.104729 0.773216  0.913442 0.429446 1 38 1.000000
0  -10.825003 -13.359209 -6.737984  0.481347 0.101809 0.870597  0.913442 0.440489 1 38 1.000000
0  -10.597005 -14.064363 -6.781580  0.530068 0.086592 0.843522  0.891475 0.437285 1 38 1.000000
v_ic_base
0  -9.883249 -19.831221 -6.648618  0.517416 0.066766 0.853125  0.714189 0.429335 1 38 1.000000
0  -10.539430 -13.343379 -6.902905  0.625435 0.104729 0.773216  0.913442 0.429446 1 38 1.000000
0  -10.597005 -14.064363 -6.781580  0.530068 0.086592 0.843522  0.891475 0.437285 1 38 1.000000
v_ic_base
0  -9.883249 -19.831221 -6.648618  0.517416 0.066766 0.853125  0.714189 0.429335 1 38 1.000000
0  -10.597005 -14.064363 -6.781580  0.530068 0.086592 0.843522  0.891475 0.437285 1 38 1.000000
0  -10.066157 -19.313002 -6.575863  0.509552 0.048120 0.859093  0.730248 0.437285 1 38 1.000000
v_ic_base
0  -15.016613 -10.598404 -9.260805  -0.527856 0.849153 -0.017547  0.118591 0.346622 1 38 1.000000
0  -14.893530 -10.925820 -12.342612  -0.524558 0.813252 -0.251912  0.053924 0.352720 1 38 1.000000
0  -15.336030 -10.836131 -9.237863  -0.598174 0.800988 -0.024603  0.119233 0.352720 1 38 1.000000
v_ic_base
0  -10.981454 -19.929525 -6.194880  0.160767 0.013019 0.986907  0.714190 0.471539 1 38 1.000000
0  -10.896843 -19.396660 -6.185170  0.233366 -0.051888 0.971004  0.730248 0.467408 1 38 1.000000
0  -11.340298 -19.968933 -6.211246  -0.060653 0.096110 0.993521  0.714190 0.491096 1 38 1.000000
v_ic_base
0  -11.340298 -19.968933 -6.211246  -0.060653 0.096110 0.993521  0.714190 0.491096 1 38 1.000000
0  -10.896843 -19.396660 -6.185170  0.233366 -0.051888 0.971004  0.730248 0.467408 1 38 1.000000
0  -12.418175 -19.553391 -6.278672  -0.311320 -0.069846 0.947735  0.730248 0.531313 1 38 1.000000
v_ic_base
0  -11.340298 -19.968933 -6.211246  -0.060653 0.096110 0.993521  0.714190 0.491096 1 38 1.000000
0  -12.418175 -19.553391 -6.278672  -0.311320 -0.069846 0.947735  0.730248 0.531313 1 38 1.000000
0  -11.813985 -20.020954 -6.232853  -0.057570 0.112174 0.992019  0.714190 0.506866 1 38 1.000000
v_ic_base
0  -12.172829 -20.060360 -6.249222  -0.236664 -0.017029 0.971442  0.714190 0.525191 1 38 1.000000
0  -11.813985 -20.020954 -6.232853  -0.057570 0.112174 0.992019  0.714190 0.506866 1 38 1.000000
0  -12.418175 -19.553391 -6.278672  -0.311320 -0.069846 0.947735  0.730248 0.531313 1 38 1.000000
v_ic_base
0  -11.731911 -38.335743 -9.224595  -0.847265 -0.361683 -0.389008  0.477879 0.901109 1 38 1.000000
0  -12.456931 -37.254475 -8.285844  -0.926402 -0.374271 -0.041228  0.459248 0.809234 1 38 1.000000
0  -12.129609 -37.256920 -9.425332  -0.802937 -0.381249 -0.458193  0.477879 0.809234 1 38 1.000000
v_ic_base
0  -10.648106 -38.252476 -9.528437  0.569803 0.084130 0.817464  0.122855 0.458584 1 38 1.000000
0  -12.633759 -11.414727 -10.706105  0.167079 0.049017 0.984724  0.060421 0.435233 1 38 1.000000
0  -13.319495 -11.476110 -10.422782  0.570011 0.084171 0.817314  0.060421 0.458584 1 38 1.000000
v_ic_base
0  -9.998850 -35.186771 -4.766394  0.062824 -0.072449 -0.995392  0.167555 0.597484 1 38 1.000000
0  -10.170086 -35.416969 -4.760447  0.062821 -0.072448 -0.995392  0.154623 0.615933 1 38 1.000000
0  -10.194697 -35.208256 -4.777197  0.062849 -0.072469 -0.995388  0.167555 0.615933 1 38 1.000000
v_ic_base
0  -13.905224 -24.687468 -12.193374  -0.984369 -0.098455 -0.146029  0.117851 0.056934 1 39 1.000000
0  -13.845996 -29.574677 -9.297609  -0.984330 -0.098565 -0.146216  0.016109 0.016847 1 39 1.000000
0  -14.317664 -24.598066 -9.470087  -0.984404 -0.098354 -0.145859  0.117851 0.016847 1 39 1.000000
v_ic_base
0  -10.079165 -33.566936 -5.320845  -0.083503 0.060741 0.994655  0.154623 0.597484 1 38 1.000000
0  -10.421337 -33.366364 -5.361819  -0.083471 0.060796 0.994654  0.167555 0.615933 1 38 1.000000
0  -10.398754 -33.603870 -5.345380  -0.083402 0.060916 0.994652  0.154623 0.615933 1 38 1.000000
v_ic_base
0  -11.376263 -16.507874 -16.670218  0.093594 -0.960749 0.261156  0.078790 0.861844 1 40 1.000000
0  -11.506062 -16.714558 -17.127340  0.082832 -0.916677 0.390951  0.067929 0.849049 1 40 1.000000
0  -11.336526 -16.695940 -17.119608  0.082831 -0.916677 0.390950  0.073011 0.849049 1 40 1.000000
v_ic_base
0  -10.367402 -10.811569 -13.132813  0.674410 0.039309 -0.737310  0.032895 0.362822 1 38 1.000000
0  -11.407918 -10.612963 -13.763661  0.521030 0.019253 -0.853321  0.020944 0.352720 1 38 1.000000
0  -10.401229 -10.477109 -13.145924  0.675883 0.039510 -0.735949  0.032895 0.352720 1 38 1.000000
v_ic_base
0  -11.218391 -24.480160 -5.355431  -0.994930 -0.100393 0.005990  0.554044 0.575260 1 38 1.000000
0  -11.390745 -22.881399 -5.125617  -0.991373 -0.130972 0.005168  0.613584 0.586929 1 38 1.000000
0  -11.242201 -24.244747 -5.364659  -0.994929 -0.100383 0.006286  0.562902 0.575260 1 38 1.000000
v_ic_base
0  -11.218391 -24.480160 -5.355431  -0.994930 -0.100393 0.005990  0.554044 0.575260 1 38 1.000000
0  -11.187020 -24.895687 -5.046668  -0.994074 -0.101867 -0.037942  0.537789 0.586929 1 38 1.000000
0  -11.390745 -22.881399 -5.125617  -0.991373 -0.130972 0.005168  0.613584 0.586929 1 38 1.000000
v_ic_base
0  -10.848849 -28.137606 -5.212004  -0.994664 -0.098343 -0.031189  0.416501 0.575260 1 38 1.000000
0  -11.187020 -24.895687 -5.046668  -0.994074 -0.101867 -0.037942  0.537789 0.586929 1 38 1.000000
0  -10.923266 -27.398157 -5.241063  -0.994980 -0.100035 0.002853  0.444243 0.575260 1 38 1.000000
v_ic_base
0  -11.187020 -24.895687 -5.046668  -0.994074 -0.101867 -0.037942  0.537789 0.586929 1 38 1.000000
0  -10.947075 -27.162745 -5.250289  -0.994930 -0.100377 0.006258  0.453102 0.575260 1 38 1.000000
0  -10.923266 -27.398157 -5.241063  -0.994980 -0.100035 0.002853  0.444243 0.575260 1 38 1.000000
v_ic_base
0  -11.187020 -24.895687 -5.046668  -0.994074 -0.101867 -0.037942  0.537789 0.586929 1 38 1.000000
0  -11.021641 -26.425491 -5.279184  -0.994930 -0.100393 0.005989  0.480844 0.575260 1 38 1.000000
0  -10.947075 -27.162745 -5.250289  -0.994930 -0.100377 0.006258  0.453102 0.575260 1 38 1.000000
v_ic_base
0  -11.045451 -26.190077 -5.288413  -0.925084 -0.080222 0.371193  0.489702 0.575260 1 38 1.000000
0  -11.134390 -25.582510 -5.516061  -0.991970 -0.097154 0.080970  0.513015 0.568985 1 38 1.000000
0  -11.083633 -26.084352 -5.496393  -0.992001 -0.097170 0.080576  0.494131 0.568985 1 38 1.000000
v_ic_base
0  -11.083633 -26.084352 -5.496393  -0.992001 -0.097170 0.080576  0.494131 0.568985 1 38 1.000000
0  -11.151033 -25.476534 -5.730639  -0.956837 -0.085893 0.277644  0.517444 0.562710 1 38 1.000000
0  -11.076468 -26.213789 -5.701743  -0.956475 -0.085800 0.278916  0.489702 0.562710 1 38 1.000000
v_ic_base
0  -11.315115 -24.953430 -6.039527  -0.929312 -0.079581 0.360620  0.537789 0.548422 1 38 1.000000
0  -10.978093 -27.186455 -5.663618  -0.956483 -0.085819 0.278882  0.453102 0.562710 1 38 1.000000
0  -11.052659 -26.449200 -5.692514  -0.956839 -0.085891 0.277637  0.480844 0.562710 1 38 1.000000
v_ic_base
0  -11.315115 -24.953430 -6.039527  -0.929312 -0.079581 0.360620  0.537789 0.548422 1 38 1.000000
0  -11.052659 -26.449200 -5.692514  -0.956839 -0.085891 0.277637  0.480844 0.562710 1 38 1.000000
0  -11.076468 -26.213789 -5.701743  -0.956475 -0.085800 0.278916  0.489702 0.562710 1 38 1.000000
v_ic_base
0  -11.315115 -24.953430 -6.039527  -0.929312 -0.079581 0.360620  0.537789 0.548422 1 38 1.000000
0  -11.076468 -26.213789 -5.701743  -0.956475 -0.085800 0.278916  0.489702 0.562710 1 38 1.000000
0  -11.151033 -25.476534 -5.730639  -0.956837 -0.085893 0.277644  0.517444 0.562710 1 38 1.000000
v_ic_base
0  -11.273219 -24.268457 -5.777988  -0.956479 -0.085806 0.278901  0.562902 0.562710 1 38 1.000000
0  -11.331141 -23.637178 -5.592309  -0.991970 -0.097154 0.080974  0.586215 0.568985 1 38 1.000000
0  -11.347785 -23.531204 -5.806884  -0.956838 -0.085893 0.277639  0.590644 0.562710 1 38 1.000000
v_ic_base
0  -11.242201 -24.244747 -5.364659  -0.994929 -0.100383 0.006286  0.562902 0.575260 1 38 1.000000
0  -11.331141 -23.637178 -5.592309  -0.991970 -0.097154 0.080974  0.586215 0.568985 1 38 1.000000
0  -11.280384 -24.139021 -5.572639  -0.992001 -0.097171 0.080577  0.567331 0.568985 1 38 1.000000
v_ic_base
0  -11.021641 -26.425491 -5.279184  -0.994930 -0.100393 0.005989  0.480844 0.575260 1 38 1.000000
0  -11.120016 -25.452824 -5.317309  -0.994930 -0.100392 0.006024  0.517444 0.575260 1 38 1.000000
0  -11.045451 -26.190077 -5.288413  -0.925084 -0.080222 0.371193  0.489702 0.575260 1 38 1.000000
v_ic_base
0  -11.021641 -26.425491 -5.279184  -0.994930 -0.100393 0.005989  0.480844 0.575260 1 38 1.000000
0  -11.187020 -24.895687 -5.046668  -0.994074 -0.101867 -0.037942  0.537789 0.586929 1 38 1.000000
0  -11.120016 -25.452824 -5.317309  -0.994930 -0.100392 0.006024  0.517444 0.575260 1 38 1.000000
v_ic_base
0  -11.143826 -25.217415 -5.326534  -0.994929 -0.100378 0.006288  0.526302 0.575260 1 38 1.000000
0  -11.120016 -25.452824 -5.317309  -0.994930 -0.100392 0.006024  0.517444 0.575260 1 38 1.000000
0  -11.187020 -24.895687 -5.046668  -0.994074 -0.101867 -0.037942  0.537789 0.586929 1 38 1.000000
v_ic_base
0  -9.781600 -36.468086 -4.984968  0.084940 -0.565744 -0.820194  0.079224 0.561734 1 38 1.000000
0  -10.243854 -36.242752 -5.188266  0.084946 -0.565734 -0.820200  0.068072 0.547575 1 38 1.000000
0  -9.697915 -36.196175 -5.163866  0.084927 -0.565766 -0.820181  0.080233 0.547575 1 38 1.000000
v_ic_base
0  -11.315115 -24.953430 -6.039527  -0.929312 -0.079581 0.360620  0.537789 0.548422 1 38 1.000000
0  -10.954283 -27.421865 -5.654393  -0.944543 -0.077882 0.319017  0.444243 0.562710 1 38 1.000000
0  -10.978093 -27.186455 -5.663618  -0.956483 -0.085819 0.278882  0.453102 0.562710 1 38 1.000000
v_ic_base
0  -9.506272 -28.603596 -15.153507  -0.276082 -0.160377 -0.947659  0.163517 0.012399 1 39 1.000000
0  -8.306628 -27.904154 -15.621368  -0.127502 -0.391024 -0.911506  0.182723 0.002734 1 39 1.000000
0  -8.292089 -28.056856 -15.550199  -0.100618 -0.428155 -0.898086  0.182723 0.012399 1 39 1.000000
v_ic_base
0  -10.954283 -27.421865 -5.654393  -0.944543 -0.077882 0.319017  0.444243 0.562710 1 38 1.000000
0  -10.757497 -30.815493 -5.785524  -0.959194 -0.067470 0.274579  0.324079 0.548422 1 38 1.000000
0  -10.879875 -28.161329 -5.625391  -0.924455 -0.078191 0.373189  0.416501 0.562710 1 38 1.000000
v_ic_base
0  -10.954283 -27.421865 -5.654393  -0.944543 -0.077882 0.319017  0.444243 0.562710 1 38 1.000000
0  -11.315115 -24.953430 -6.039527  -0.929312 -0.079581 0.360620  0.537789 0.548422 1 38 1.000000
0  -10.757497 -30.815493 -5.785524  -0.959194 -0.067470 0.274579  0.324079 0.548422 1 38 1.000000
v_ic_base
0  -10.757497 -30.815493 -5.785524  -0.959194 -0.067470 0.274579  0.324079 0.548422 1 38 1.000000
0  -10.672527 -30.494904 -5.495083  -0.968500 0.033098 0.246805  0.334443 0.562710 1 38 1.000000
0  -10.694163 -30.237116 -5.514427  -0.962944 -0.062654 0.262322  0.343301 0.562710 1 38 1.000000
v_ic_base
0  -10.757497 -30.815493 -5.785524  -0.959194 -0.067470 0.274579  0.324079 0.548422 1 38 1.000000
0  -10.657351 -30.610384 -5.261588  -0.993420 -0.038658 0.107803  0.330014 0.568985 1 38 1.000000
0  -10.672527 -30.494904 -5.495083  -0.968500 0.033098 0.246805  0.334443 0.562710 1 38 1.000000
v_ic_base
0  -10.629884 -30.757208 -4.724167  -0.996301 -0.085932 0.001017  0.324079 0.586929 1 38 1.000000
0  -10.642172 -30.471062 -5.055241  -0.999244 -0.038716 0.003625  0.334443 0.575260 1 38 1.000000
0  -10.657351 -30.610384 -5.261588  -0.993420 -0.038658 0.107803  0.330014 0.568985 1 38 1.000000
v_ic_base
0  -10.629884 -30.757208 -4.724167  -0.996301 -0.085932 0.001017  0.324079 0.586929 1 38 1.000000
0  -10.663608 -30.213413 -5.080886  -0.996435 -0.084360 -0.000107  0.343301 0.575260 1 38 1.000000
0  -10.642172 -30.471062 -5.055241  -0.999244 -0.038716 0.003625  0.334443 0.575260 1 38 1.000000
v_ic_base
0  -10.731471 -29.411310 -5.154195  -0.996303 -0.085856 -0.003039  0.371043 0.575260 1 38 1.000000
0  -10.663608 -30.213413 -5.080886  -0.996435 -0.084360 -0.000107  0.343301 0.575260 1 38 1.000000
0  -10.629884 -30.757208 -4.724167  -0.996301 -0.085932 0.001017  0.324079 0.586929 1 38 1.000000
v_ic_base
0  -22.841301 -16.827665 -3.753728  -0.090663 0.995846 0.008374  0.783485 0.623109 1 41 1.000000
0  -23.128717 -16.858904 -3.150217  0.049744 0.995923 0.075257  0.784966 0.618883 1 41 1.000000
0  -22.583910 -16.799137 -3.659309  -0.109849 0.993948 -0.000862  0.784235 0.629126 1 41 1.000000
v_ic_base
0  -10.762503 -29.434713 -5.572402  -0.951169 -0.068340 0.301012  0.371043 0.562710 1 38 1.000000
0  -10.757497 -30.815493 -5.785524  -0.959194 -0.067470 0.274579  0.324079 0.548422 1 38 1.000000
0  -10.694163 -30.237116 -5.514427  -0.962944 -0.062654 0.262322  0.343301 0.562710 1 38 1.000000
v_ic_base
0  -10.762503 -29.434713 -5.572402  -0.951169 -0.068340 0.301012  0.371043 0.562710 1 38 1.000000
0  -10.784904 -29.181129 -5.584240  -0.904973 -0.066923 0.420173  0.379901 0.562710 1 38 1.000000
0  -10.757497 -30.815493 -5.785524  -0.959194 -0.067470 0.274579  0.324079 0.548422 1 38 1.000000
v_ic_base
0  -10.879875 -28.161329 -5.625391  -0.924455 -0.078191 0.373189  0.416501 0.562710 1 38 1.000000
0  -10.757497 -30.815493 -5.785524  -0.959194 -0.067470 0.274579  0.324079 0.548422 1 38 1.000000
0  -10.784904 -29.181129 -5.584240  -0.904973 -0.066923 0.420173  0.379901 0.562710 1 38 1.000000
v_ic_base
0  -10.879875 -28.161329 -5.625391  -0.081877 0.031455 0.996146  0.416501 0.562710 1 38 1.000000
0  -10.784904 -29.181129 -5.584240  0.225962 0.060204 0.972274  0.379901 0.562710 1 38 1.000000
0  -10.856510 -28.403025 -5.615837  0.125855 0.051279 0.990723  0.407643 0.562710 1 38 1.000000
v_ic_base
0  -10.746714 -29.549410 -5.351432  -0.994025 -0.077665 0.076694  0.366614 0.568985 1 38 1.000000
0  -10.694163 -30.237116 -5.514427  -0.962944 -0.062654 0.262322  0.343301 0.562710 1 38 1.000000
0  -10.700456 -30.095276 -5.305522  -0.994095 -0.077883 0.075562  0.347730 0.568985 1 38 1.000000
v_ic_base
0  -23.390572 -15.269782 -3.260957  0.187473 -0.966566 0.174942  0.744545 0.615781 1 41 1.000000
0  -22.711779 -15.222526 -3.727240  0.110236 -0.992097 0.059923  0.744481 0.629126 1 41 1.000000
0  -23.277740 -15.237026 -3.234239  0.221676 -0.948434 0.226568  0.744017 0.618883 1 41 1.000000
v_ic_base
0  -10.825473 -28.379332 -5.202276  -0.994785 -0.096196 -0.033904  0.407643 0.575260 1 38 1.000000
0  -10.753784 -29.157764 -5.169271  -0.995653 -0.092126 -0.013726  0.379901 0.575260 1 38 1.000000
0  -10.629884 -30.757208 -4.724167  -0.996301 -0.085932 0.001017  0.324079 0.586929 1 38 1.000000
v_ic_base
0  -10.825473 -28.379332 -5.202276  -0.994785 -0.096196 -0.033904  0.407643 0.575260 1 38 1.000000
0  -10.629884 -30.757208 -4.724167  -0.996301 -0.085932 0.001017  0.324079 0.586929 1 38 1.000000
0  -10.848849 -28.137606 -5.212004  -0.994664 -0.098343 -0.031189  0.416501 0.575260 1 38 1.000000
v_ic_base
0  -10.848849 -28.137606 -5.212004  -0.994664 -0.098343 -0.031189  0.416501 0.575260 1 38 1.000000
0  -10.629884 -30.757208 -4.724167  -0.996301 -0.085932 0.001017  0.324079 0.586929 1 38 1.000000
0  -11.187020 -24.895687 -5.046668  -0.994074 -0.101867 -0.037942  0.537789 0.586929 1 38 1.000000
v_ic_base
0  -10.731471 -29.411310 -5.154195  -0.996303 -0.085856 -0.003039  0.371043 0.575260 1 38 1.000000
0  -10.629884 -30.757208 -4.724167  -0.996301 -0.085932 0.001017  0.324079 0.586929 1 38 1.000000
0  -10.753784 -29.157764 -5.169271  -0.995653 -0.092126 -0.013726  0.379901 0.575260 1 38 1.000000
v_ic_base
0  -10.458744 -32.582973 -4.981730  -0.995678 -0.089307 0.025494  0.261242 0.575260 1 38 1.000000
0  -10.629884 -30.757208 -4.724167  -0.996301 -0.085932 0.001017  0.324079 0.586929 1 38 1.000000
0  -10.480853 -32.333580 -4.997801  -0.996012 -0.088243 0.013151  0.270101 0.575260 1 38 1.000000
v_ic_base
0  -11.232765 -24.609842 -5.554186  -0.991970 -0.097154 0.080973  0.549615 0.568985 1 38 1.000000
0  -11.174844 -25.241123 -5.739864  -0.909809 -0.107315 -0.400913  0.526302 0.562710 1 38 1.000000
0  -11.182009 -25.111687 -5.534516  -0.992001 -0.097171 0.080576  0.530731 0.568985 1 38 1.000000
v_ic_base
0  -10.216371 -32.683659 -5.171884  0.967228 0.110279 0.228711  0.256824 0.568985 1 38 1.000000
0  -10.103574 -33.329170 -5.337387  0.931287 0.114569 0.345801  0.233511 0.562710 1 38 1.000000
0  -10.178886 -32.565357 -5.387350  0.914970 0.111972 0.387676  0.261253 0.562710 1 38 1.000000
v_ic_base
0  -10.458744 -32.582973 -4.981730  -0.995678 -0.089307 0.025494  0.261242 0.575260 1 38 1.000000
0  -10.388706 -33.346970 -4.927295  -0.994952 -0.090878 0.042565  0.233500 0.575260 1 38 1.000000
0  -10.629884 -30.757208 -4.724167  -0.996301 -0.085932 0.001017  0.324079 0.586929 1 38 1.000000
v_ic_base
0  -10.366000 -33.584782 -4.909312  -0.993195 -0.093982 0.068782  0.224642 0.575260 1 38 1.000000
0  -10.629884 -30.757208 -4.724167  -0.996301 -0.085932 0.001017  0.324079 0.586929 1 38 1.000000
0  -10.388706 -33.346970 -4.927295  -0.994952 -0.090878 0.042565  0.233500 0.575260 1 38 1.000000
v_ic_base
0  -10.366000 -33.584782 -4.909312  -0.993195 -0.093982 0.068782  0.224642 0.575260 1 38 1.000000
0  -10.128292 -35.797958 -4.412594  -0.996925 -0.034127 0.070546  0.134473 0.586929 1 38 1.000000
0  -10.629884 -30.757208 -4.724167  -0.996301 -0.085932 0.001017  0.324079 0.586929 1 38 1.000000
v_ic_base
0  -10.233002 -35.897720 -4.335612  -0.869785 0.487664 0.075219  0.130379 0.584391 1 38 1.000000
0  -10.107789 -36.495941 -4.999547  -0.936026 -0.330411 0.121179  0.104482 0.564319 1 38 1.000000
0  -10.088914 -36.479500 -4.435721  -0.968300 -0.246629 0.039608  0.104482 0.580425 1 38 1.000000
v_ic_base
0  -11.403069 -16.708063 -14.379293  0.086335 -0.408877 -0.908496  0.068624 0.925719 1 38 1.000000
0  -11.636159 -16.637739 -14.433097  0.086340 -0.408877 -0.908496  0.065575 0.924136 1 40 1.000000
0  -11.466625 -16.619122 -14.425364  0.086330 -0.408877 -0.908497  0.071902 0.924604 1 40 1.000000
v_ic_base
0  -10.293618 -34.307858 -4.851883  -0.993172 -0.094248 0.068751  0.196900 0.575260 1 38 1.000000
0  -10.128292 -35.797958 -4.412594  -0.996925 -0.034127 0.070546  0.134473 0.586929 1 38 1.000000
0  -10.366000 -33.584782 -4.909312  -0.993195 -0.093982 0.068782  0.224642 0.575260 1 38 1.000000
v_ic_base
0  -10.293618 -34.307858 -4.851883  -0.993172 -0.094248 0.068751  0.196900 0.575260 1 38 1.000000
0  -10.270060 -34.531448 -4.833448  -0.993357 -0.102254 0.052778  0.188042 0.575260 1 38 1.000000
0  -10.128292 -35.797958 -4.412594  -0.996925 -0.034127 0.070546  0.134473 0.586929 1 38 1.000000
v_ic_base
0  -10.014446 -34.618660 -5.029245  0.964579 0.131900 0.228452  0.183624 0.568985 1 38 1.000000
0  -9.896137 -35.190262 -5.197897  0.962052 0.133008 0.238252  0.160311 0.562710 1 38 1.000000
0  -9.976279 -34.513477 -5.250671  0.957718 0.129446 0.256944  0.188053 0.562710 1 38 1.000000
v_ic_base
0  -10.194697 -35.208256 -4.777197  -0.993534 -0.108609 0.033085  0.160300 0.575260 1 38 1.000000
0  -10.128292 -35.797958 -4.412594  -0.996925 -0.034127 0.070546  0.134473 0.586929 1 38 1.000000
0  -10.270060 -34.531448 -4.833448  -0.993357 -0.102254 0.052778  0.188042 0.575260 1 38 1.000000
v_ic_base
0  -10.194697 -35.208256 -4.777197  -0.993534 -0.108609 0.033085  0.160300 0.575260 1 38 1.000000
0  -10.170086 -35.416969 -4.760447  -0.996274 -0.080089 0.031987  0.151442 0.575260 1 38 1.000000
0  -10.128292 -35.797958 -4.412594  -0.996925 -0.034127 0.070546  0.134473 0.586929 1 38 1.000000
v_ic_base
0  -10.185863 -35.526417 -4.974182  -0.991837 0.049495 0.117515  0.147013 0.568985 1 38 1.000000
0  -10.128292 -35.797958 -4.412594  -0.996925 -0.034127 0.070546  0.134473 0.586929 1 38 1.000000
0  -10.170086 -35.416969 -4.760447  -0.996274 -0.080089 0.031987  0.151442 0.575260 1 38 1.000000
v_ic_base
0  -10.185863 -35.526417 -4.974182  -0.991837 0.049495 0.117515  0.147013 0.568985 1 38 1.000000
0  -10.269394 -35.837154 -5.449800  -0.975368 0.017005 0.219925  0.134473 0.549575 1 38 1.000000
0  -10.128292 -35.797958 -4.412594  -0.996925 -0.034127 0.070546  0.134473 0.586929 1 38 1.000000
v_ic_base
0  -10.269394 -35.837154 -5.449800  -0.975368 0.017005 0.219925  0.134473 0.549575 1 38 1.000000
0  -10.185863 -35.526417 -4.974182  -0.991837 0.049495 0.117515  0.147013 0.568985 1 38 1.000000
0  -10.203697 -35.433964 -5.207351  -0.961694 -0.008061 0.274007  0.151442 0.562710 1 38 1.000000
v_ic_base
0  -10.269394 -35.837154 -5.449800  -0.975368 0.017005 0.219925  0.134473 0.549575 1 38 1.000000
0  -10.203697 -35.433964 -5.207351  -0.961694 -0.008061 0.274007  0.151442 0.562710 1 38 1.000000
0  -10.228234 -35.225410 -5.223216  -0.955513 -0.084918 0.282461  0.160300 0.562710 1 38 1.000000
v_ic_base
0  -11.747714 -16.106422 -14.452883  0.035844 0.265324 -0.963493  0.096422 0.924713 1 38 1.000000
0  -11.509713 -16.176273 -14.463264  0.032931 0.255805 -0.966167  0.086954 0.923980 1 40 1.000000
0  -11.680544 -16.195253 -14.475525  0.038519 0.274049 -0.960944  0.090674 0.923902 1 40 1.000000
v_ic_base
0  -10.791392 -29.042755 -5.378942  -0.992899 -0.088096 0.079942  0.384330 0.568985 1 38 1.000000
0  -10.856510 -28.403025 -5.615837  -0.995468 -0.090422 0.029446  0.407643 0.562710 1 38 1.000000
0  -10.784904 -29.181129 -5.584240  -0.995468 -0.090415 0.029476  0.379901 0.562710 1 38 1.000000
v_ic_base
0  -10.550819 -31.537821 -5.019620  -0.996164 -0.087275 0.006352  0.297843 0.575260 1 38 1.000000
0  -10.480853 -32.333580 -4.997801  -0.996012 -0.088243 0.013151  0.270101 0.575260 1 38 1.000000
0  -10.629884 -30.757208 -4.724167  -0.996301 -0.085932 0.001017  0.324079 0.586929 1 38 1.000000
v_ic_base
0  -10.550819 -31.537821 -5.019620  -0.996164 -0.087275 0.006352  0.297843 0.575260 1 38 1.000000
0  -10.629884 -30.757208 -4.724167  -0.996301 -0.085932 0.001017  0.324079 0.586929 1 38 1.000000
0  -10.573271 -31.280281 -5.021045  -0.995751 -0.092045 0.002633  0.306701 0.575260 1 38 1.000000
v_ic_base
0  -11.790023 -18.314928 -13.853038  -0.993734 -0.102277 -0.045069  0.019275 0.937478 1 38 1.000000
0  -11.634964 -17.708376 -18.648375  -0.993735 -0.102271 -0.045070  0.049928 0.805766 1 38 1.000000
0  -11.607464 -17.915108 -18.785601  -0.988319 -0.104311 -0.111107  0.043107 0.801695 1 38 1.000000
v_ic_base
0  -22.305275 -14.563458 -3.766310  -0.996424 -0.083791 0.010845  0.149841 0.764904 1 41 1.000000
0  -21.788744 -20.624617 -3.137994  -0.994746 -0.077883 0.066447  0.152735 0.641471 1 41 1.000000
0  -22.314081 -14.422870 -3.429922  -0.996427 -0.083981 0.009014  0.152735 0.767505 1 41 1.000000
v_ic_base
0  -10.512974 -32.354252 -5.426646  -0.936349 -0.067952 0.344431  0.270101 0.562710 1 38 1.000000
0  -10.604120 -31.303123 -5.460294  -0.960400 -0.088568 0.264176  0.306701 0.562710 1 38 1.000000
0  -10.757497 -30.815493 -5.785524  -0.959194 -0.067470 0.274579  0.324079 0.548422 1 38 1.000000
v_ic_base
0  -10.757497 -30.815493 -5.785524  -0.959194 -0.067470 0.274579  0.324079 0.548422 1 38 1.000000
0  -10.269394 -35.837154 -5.449800  -0.975368 0.017005 0.219925  0.134473 0.549575 1 38 1.000000
0  -10.512974 -32.354252 -5.426646  -0.936349 -0.067952 0.344431  0.270101 0.562710 1 38 1.000000
v_ic_base
0  -10.269394 -35.837154 -5.449800  -0.975368 0.017005 0.219925  0.134473 0.549575 1 38 1.000000
0  -10.491010 -32.603317 -5.411468  -0.976220 -0.074474 0.203586  0.261242 0.562710 1 38 1.000000
0  -10.512974 -32.354252 -5.426646  -0.936349 -0.067952 0.344431  0.270101 0.562710 1 38 1.000000
v_ic_base
0  -10.269394 -35.837154 -5.449800  -0.975368 0.017005 0.219925  0.134473 0.549575 1 38 1.000000
0  -10.421337 -33.366364 -5.361819  -0.972617 -0.074545 0.220134  0.233494 0.562710 1 38 1.000000
0  -10.491010 -32.603317 -5.411468  -0.976220 -0.074474 0.203586  0.261242 0.562710 1 38 1.000000
v_ic_base
0  -10.269394 -35.837154 -5.449800  -0.975368 0.017005 0.219925  0.134473 0.549575 1 38 1.000000
0  -10.398754 -33.603870 -5.345380  -0.968457 -0.076928 0.237009  0.224636 0.562710 1 38 1.000000
0  -10.421337 -33.366364 -5.361819  -0.972617 -0.074545 0.220134  0.233494 0.562710 1 38 1.000000
v_ic_base
0  -10.269394 -35.837154 -5.449800  -0.975368 0.017005 0.219925  0.134473 0.549575 1 38 1.000000
0  -10.326737 -34.326019 -5.292667  -0.964236 -0.077839 0.253356  0.196894 0.562710 1 38 1.000000
0  -10.398754 -33.603870 -5.345380  -0.968457 -0.076928 0.237009  0.224636 0.562710 1 38 1.000000
v_ic_base
0  -10.269394 -35.837154 -5.449800  -0.975368 0.017005 0.219925  0.134473 0.549575 1 38 1.000000
0  -10.303288 -34.549335 -5.275646  -0.959482 -0.082025 0.269566  0.188036 0.562710 1 38 1.000000
0  -10.326737 -34.326019 -5.292667  -0.964236 -0.077839 0.253356  0.196894 0.562710 1 38 1.000000
v_ic_base
0  -10.269394 -35.837154 -5.449800  -0.975368 0.017005 0.219925  0.134473 0.549575 1 38 1.000000
0  -10.228234 -35.225410 -5.223216  -0.955513 -0.084918 0.282461  0.160300 0.562710 1 38 1.000000
0  -10.303288 -34.549335 -5.275646  -0.959482 -0.082025 0.269566  0.188036 0.562710 1 38 1.000000
v_ic_ammo
0  -10.851001 -21.473637 -13.173189  0.616578 -0.080944 -0.783122  0.308690 0.442542 1 42 1.000000
0  -11.932300 -20.748404 -13.559708  -0.222142 -0.180489 -0.958163  0.454380 0.563812 1 42 1.000000
0  -11.006788 -20.602079 -13.385018  0.594968 -0.023259 -0.803413  0.454380 0.442542 1 42 1.000000
v_ic_base
0  -12.274234 -15.132216 -15.984775  -0.634893 -0.772594 0.003168  0.113574 0.884748 1 38 1.000000
0  -11.920705 -15.405946 -18.723686  -0.646894 -0.754262 -0.112326  0.107188 0.807448 1 38 1.000000
0  -12.127077 -15.252813 -15.941930  -0.635508 -0.772077 0.005129  0.108939 0.885627 1 38 1.000000
v_ic_base
0  -9.423838 -16.540979 -7.647666  0.528008 -0.731112 0.432069  0.877554 0.047405 1 38 1.000000
0  -9.563385 -16.432180 -7.293031  0.520471 -0.737145 0.430961  0.886133 0.070734 1 38 1.000000
0  -9.652339 -16.548519 -7.387748  0.513507 -0.742623 0.429908  0.877998 0.070092 1 38 1.000000
v_ic_base
0  -8.103092 -36.194592 -5.911483  0.564817 0.122653 0.816050  0.212687 0.352544 1 38 1.000000
0  -9.267404 -36.501247 -5.404675  0.171341 0.081777 0.981812  0.223337 0.336238 1 38 1.000000
0  -8.074714 -36.413803 -5.898176  0.568683 0.122987 0.813311  0.223350 0.352544 1 38 1.000000
v_ic_base
0  -8.906654 -36.021904 -13.215463  0.026921 0.914964 -0.402637  0.024035 0.405223 1 38 1.000000
0  -10.288111 -36.020657 -13.025249  -0.152177 0.896582 -0.415911  0.004621 0.401677 1 38 1.000000
0  -8.994237 -35.910175 -12.967421  0.023798 0.914842 -0.403109  0.023169 0.401677 1 38 1.000000
v_ic_base
0  -8.924520 -36.448742 -12.934731  0.178747 -0.919926 -0.348979  0.023169 0.418853 1 38 1.000000
0  -10.280541 -36.458912 -13.259503  0.011095 -0.935177 -0.354006  0.003755 0.415307 1 38 1.000000
0  -8.865723 -36.338104 -13.196270  0.178110 -0.919986 -0.349146  0.024035 0.415307 1 38 1.000000
v_ic_base
0  -14.859702 -11.260282 -12.329504  -0.469876 -0.851956 -0.231058  0.053924 0.362822 1 38 1.000000
0  -13.844924 -11.374104 -13.076007  -0.288128 -0.856223 -0.428795  0.037215 0.368571 1 38 1.000000
0  -14.632446 -11.420412 -12.204058  -0.474981 -0.852656 -0.217650  0.056189 0.368571 1 38 1.000000
v_ic_base
0  -7.793327 -24.117939 -11.926430  0.312872 0.924892 -0.216071  0.117851 0.166786 1 39 1.000000
0  -8.905745 -24.088266 -12.734379  0.179905 0.919904 -0.348442  0.124583 0.144202 1 39 1.000000
0  -8.083318 -23.964457 -11.686872  0.350724 0.922021 -0.163923  0.124583 0.166786 1 39 1.000000
v_ic_base
0  -10.276961 -31.521406 -5.431061  -0.080446 0.012907 0.996675  0.154623 0.597484 1 38 1.000000
0  -10.604120 -31.303123 -5.460294  -0.080430 0.012933 0.996676  0.167555 0.615933 1 38 1.000000
0  -10.582028 -31.560080 -5.455153  -0.080366 0.013032 0.996680  0.154623 0.615933 1 38 1.000000
v_ic_base
0  -12.024534 -38.333553 -8.205908  -0.926903 -0.373856 -0.032907  0.459248 0.901109 1 38 1.000000
0  -12.243364 -37.205845 -7.122182  -0.868411 -0.320824 0.378066  0.439038 0.809234 1 38 1.000000
0  -12.456931 -37.254475 -8.285844  -0.926402 -0.374271 -0.041228  0.459248 0.809234 1 38 1.000000
v_ic_base
0  -6.832386 -35.800659 -11.447423  0.213541 0.967617 -0.134601  0.049866 0.378778 1 38 1.000000
0  -7.661413 -35.899826 -12.561888  0.136254 0.944438 -0.299119  0.028555 0.378778 1 38 1.000000
0  -7.692465 -35.829113 -12.348073  0.193959 0.929703 -0.313100  0.032884 0.376334 1 38 1.000000
v_ic_base
0  -23.718758 -14.938457 -4.697001  -0.180925 0.977100 0.111987  0.728502 0.599013 1 41 1.000000
0  -23.263649 -15.020369 -3.247040  -0.181241 0.977031 0.112082  0.738523 0.618883 1 41 1.000000
0  -22.581591 -14.809742 -3.946646  -0.185240 0.976142 0.113285  0.728502 0.619985 1 41 1.000000
v_ic_base
0  -7.836775 -35.796555 -12.354166  0.206737 0.815058 -0.541240  0.032940 0.374714 1 38 1.000000
0  -7.692465 -35.829113 -12.348073  0.193959 0.929703 -0.313100  0.032884 0.376334 1 38 1.000000
0  -8.994237 -35.910175 -12.967421  0.023798 0.914842 -0.403109  0.021833 0.374714 1 38 1.000000
v_ic_base
0  -10.718168 -35.964588 -5.246959  -0.290879 0.020317 0.956544  0.175914 0.378778 1 38 1.000000
0  -11.922477 -36.402863 -5.881341  -0.641142 -0.036473 0.766555  0.161442 0.390341 1 38 1.000000
0  -10.677236 -36.280788 -5.227768  -0.278863 0.022170 0.960075  0.175920 0.390341 1 38 1.000000
v_ic_ammo
0  -12.632311 -21.355410 -11.824620  -0.895542 0.085886 0.436610  0.308690 0.810723 1 42 1.000000
0  -12.593811 -22.186113 -12.488070  -0.997681 -0.064231 0.022526  0.240010 0.697748 1 42 1.000000
0  -12.588825 -22.039013 -11.802543  -0.997810 -0.062805 0.020733  0.240010 0.799891 1 42 1.000000
v_ic_base
0  -9.870850 -36.458023 -4.317505  0.153419 -0.987352 0.039978  0.104515 0.583528 1 38 1.000000
0  -9.602912 -36.379238 -4.392588  0.307054 -0.946096 0.103055  0.107509 0.580864 1 38 1.000000
0  -9.638154 -36.380009 -4.309245  0.311526 -0.942230 0.123103  0.107509 0.583995 1 38 1.000000
v_ic_base
0  -6.832386 -35.800659 -11.447423  0.213541 0.967617 -0.134601  0.049866 0.378778 1 38 1.000000
0  -7.692465 -35.829113 -12.348073  0.193959 0.929703 -0.313100  0.032884 0.376334 1 38 1.000000
0  -6.935642 -35.769520 -11.381665  0.222425 0.968937 -0.108112  0.051298 0.377403 1 38 1.000000
v_ic_base
0  -7.510726 -29.525398 -9.541841  -0.020368 0.027592 0.999412  0.394177 0.030183 1 39 1.000000
0  -8.581761 -23.575228 -9.727942  -0.018559 0.027919 0.999438  0.271439 0.025923 1 39 1.000000
0  -7.941989 -29.747555 -9.544532  -0.020443 0.027578 0.999411  0.395966 0.025923 1 39 1.000000
v_ic_base
0  -6.899348 -36.150116 -8.071661  0.984387 0.134322 0.113754  0.212687 0.406124 1 38 1.000000
0  -7.219437 -36.366726 -6.845265  0.863648 0.141173 0.483923  0.223350 0.376805 1 38 1.000000
0  -6.870972 -36.369331 -8.058355  0.983676 0.134575 0.119464  0.223350 0.406163 1 38 1.000000
v_ic_base
0  -11.584715 -36.554527 -12.719872  -0.564821 -0.122641 -0.816049  0.028534 0.390341 1 38 1.000000
0  -12.560869 -36.289810 -11.703449  -0.731989 -0.135284 -0.667750  0.049845 0.378778 1 38 1.000000
0  -11.625647 -36.238327 -12.739063  -0.568696 -0.122977 -0.813303  0.028534 0.378778 1 38 1.000000
v_ic_base
0  -23.087940 -19.004868 -3.075688  -0.503718 -0.012357 0.863780  0.838747 0.615781 1 41 1.000000
0  -22.936296 -19.346233 -3.043696  -0.173544 0.015191 0.984709  0.847644 0.618883 1 41 1.000000
0  -22.961092 -19.018148 -3.051876  -0.183410 0.010649 0.982979  0.839399 0.618883 1 41 1.000000
v_ic_base
0  -13.861629 -10.637953 -12.968140  -0.321498 0.886472 -0.332877  0.040009 0.346622 1 38 1.000000
0  -12.972207 -10.784748 -13.835012  -0.135791 0.829593 -0.541605  0.020928 0.352720 1 38 1.000000
0  -14.035232 -10.876182 -13.311681  -0.360549 0.841218 -0.402936  0.032878 0.352720 1 38 1.000000
v_ic_base
0  -6.682916 -35.699528 -8.085456  0.162853 0.986642 0.003989  0.114810 0.378778 1 38 1.000000
0  -6.786809 -35.682468 -8.094972  0.220788 0.974918 0.028045  0.115451 0.377720 1 38 1.000000
0  -7.063953 -35.696686 -6.758973  0.249179 0.955764 0.156283  0.142901 0.378778 1 38 1.000000
v_ic_ammo
0  -12.669097 -20.714571 -12.985153  -0.897867 -0.092365 -0.430468  0.454380 0.688292 1 42 1.000000
0  -12.641600 -20.173660 -12.233343  -0.900471 0.204899 0.383625  0.497289 0.800838 1 42 1.000000
0  -12.647616 -20.351690 -13.062486  -0.889582 -0.044084 -0.454644  0.497289 0.698041 1 42 1.000000
v_ic_base
0  -10.955891 -29.682287 -13.300272  0.112038 -0.970455 0.213691  0.008733 0.099722 1 39 1.000000
0  -9.620644 -29.486179 -12.895963  0.039208 -0.976767 0.210686  0.003827 0.122657 1 39 1.000000
0  -10.946552 -29.604994 -12.954030  0.117909 -0.969676 0.214071  0.003827 0.099722 1 39 1.000000
v_ic_base
0  -10.078093 -36.469074 -4.074684  -0.048035 -0.194969 0.979632  0.070546 0.597350 1 38 1.000000
0  -9.902324 -36.454067 -4.066827  -0.008948 -0.185566 0.982591  0.077777 0.597350 1 38 1.000000
0  -9.945606 -36.431843 -4.062836  -0.010105 -0.195757 0.980600  0.076638 0.598744 1 38 1.000000
v_ic_base
0  -10.078093 -36.469074 -4.074684  -0.048035 -0.194969 0.979632  0.070546 0.597350 1 38 1.000000
0  -9.945606 -36.431843 -4.062836  -0.010105 -0.195757 0.980600  0.076638 0.598744 1 38 1.000000
0  -10.042122 -36.440075 -4.067149  -0.039494 -0.202871 0.978409  0.071761 0.598744 1 38 1.000000
v_ic_base
0  -12.792436 -36.185833 -7.014999  -0.913540 -0.094242 0.395681  0.142881 0.378778 1 38 1.000000
0  -13.000119 -36.558643 -8.350431  -0.991587 -0.126772 0.026167  0.114723 0.390341 1 38 1.000000
0  -12.751504 -36.502033 -6.995806  -0.907978 -0.092737 0.408626  0.142611 0.390341 1 38 1.000000
v_ic_base
0  -9.105762 -23.840757 -12.429355  -0.041286 -0.026694 -0.998791  0.625040 0.168373 1 38 1.000000
0  -9.619085 -19.064669 -12.611938  -0.037449 -0.042101 -0.998411  0.759457 0.161122 1 38 1.000000
0  -9.508322 -19.052935 -12.616587  -0.037424 -0.042096 -0.998412  0.759457 0.168373 1 38 1.000000
v_ic_base
0  -8.182946 -28.337345 -12.988767  0.630030 0.065446 -0.773808  0.033500 0.144202 1 39 1.000000
0  -10.018576 -24.405138 -13.735767  0.249612 0.014030 -0.968244  0.117851 0.122657 1 39 1.000000
0  -8.704528 -24.254196 -13.067318  0.625241 0.063468 -0.777847  0.117851 0.144202 1 39 1.000000
v_ic_base
0  -10.178886 -32.565357 -5.387350  -0.083465 0.053143 0.995093  0.154623 0.597484 1 38 1.000000
0  -10.512974 -32.354252 -5.426646  -0.083442 0.053180 0.995093  0.167555 0.615933 1 38 1.000000
0  -10.491010 -32.603317 -5.411468  -0.083373 0.053290 0.995093  0.154623 0.615933 1 38 1.000000
v_ic_base
0  -15.073944 -11.091307 -7.989079  -0.463308 -0.843208 0.272664  0.144840 0.362822 1 38 1.000000
0  -14.986818 -11.326324 -9.214571  -0.450534 -0.890937 0.057009  0.118593 0.368571 1 38 1.000000
0  -14.835246 -11.260464 -8.095467  -0.478813 -0.838440 0.260302  0.142249 0.368571 1 38 1.000000
v_ic_base
0  -12.166930 -29.691576 -12.483577  0.547489 0.073147 0.833610  0.407334 0.025805 1 39 1.000000
0  -13.533270 -24.520073 -11.715166  0.714404 0.085559 0.694483  0.473713 0.046961 1 39 1.000000
0  -13.037126 -29.719799 -11.573592  0.718613 0.087352 0.689902  0.407334 0.046961 1 39 1.000000
v_ic_base
0  -21.488638 -13.533807 -4.389745  0.283822 0.777240 -0.561554  0.881727 0.697904 1 41 1.000000
0  -24.223270 -13.644258 -5.924770  0.283822 0.777242 -0.561551  0.951661 0.755231 1 41 1.000000
0  -21.449240 -13.330001 -4.087744  0.283822 0.777240 -0.561554  0.881015 0.685444 1 41 1.000000
v_ic_base
0  -10.656005 -28.355616 -5.192503  -0.080920 0.828217 -0.554535  0.154623 0.597484 1 38 1.000000
0  -10.840154 -28.513105 -5.400852  -0.080341 0.828027 -0.554903  0.141735 0.613800 1 38 1.000000
0  -10.825473 -28.379332 -5.202276  -0.084195 0.829283 -0.552450  0.154623 0.615933 1 38 1.000000
v_ic_base
0  -9.295781 -36.282036 -5.417981  0.150424 -0.900306 0.408439  0.175141 0.394407 1 38 1.000000
0  -7.958244 -36.064362 -5.704165  0.303417 -0.887914 0.345756  0.161463 0.390341 1 38 1.000000
0  -9.262419 -36.159981 -5.164534  0.151648 -0.898204 0.412593  0.175941 0.390341 1 38 1.000000
v_ic_base
0  -10.626901 -12.478516 -6.936803  0.117696 0.972384 0.201537  0.844885 0.508387 1 38 1.000000
0  -10.340004 -12.516199 -6.991344  0.163837 0.967330 0.193467  0.833261 0.496479 1 38 1.000000
0  -10.416509 -12.469670 -7.169219  0.162281 0.969475 0.183801  0.844885 0.487839 1 38 1.000000
v_ic_base
0  -10.626901 -12.478516 -6.936803  0.117696 0.972384 0.201537  0.844885 0.508387 1 38 1.000000
0  -10.673908 -12.538989 -6.626301  0.049709 0.978906 0.198172  0.833261 0.524850 1 38 1.000000
0  -10.340004 -12.516199 -6.991344  0.163837 0.967330 0.193467  0.833261 0.496479 1 38 1.000000
v_ic_base
0  -10.673908 -12.538989 -6.626301  0.049709 0.978906 0.198172  0.833261 0.524850 1 38 1.000000
0  -10.626901 -12.478516 -6.936803  0.117696 0.972384 0.201537  0.844885 0.508387 1 38 1.000000
0  -10.924991 -12.511268 -6.786485  -0.012396 0.981833 0.189341  0.844885 0.530591 1 38 1.000000
v_ic_base
0  -10.265914 -13.248782 -6.953803  0.359891 -0.890057 0.279781  0.788750 0.495490 1 38 1.000000
0  -10.539430 -13.343379 -6.902905  0.320070 -0.905017 0.280179  0.775485 0.508368 1 38 1.000000
0  -10.335829 -13.331383 -7.128334  0.359735 -0.890832 0.277506  0.775485 0.488478 1 38 1.000000
v_ic_base
0  -10.265914 -13.248782 -6.953803  0.359891 -0.890057 0.279781  0.788750 0.495490 1 38 1.000000
0  -10.590658 -13.261107 -6.580222  0.264824 -0.923506 0.277498  0.788657 0.524509 1 38 1.000000
0  -10.539430 -13.343379 -6.902905  0.320070 -0.905017 0.280179  0.775485 0.508368 1 38 1.000000
v_ic_ammo
0  -12.421673 -21.520845 -11.872561  0.883239 -0.222834 -0.412595  0.122522 0.810723 1 42 1.000000
0  -12.565299 -20.445999 -12.959080  0.887376 0.201726 0.414573  0.004878 0.688292 1 42 1.000000
0  -12.560526 -20.302980 -12.294860  0.905970 -0.042431 -0.421211  0.004878 0.810723 1 42 1.000000
v_ic_base
0  -10.825003 -13.359209 -6.737984  0.209524 -0.939016 0.272671  0.775485 0.530106 1 38 1.000000
0  -10.539430 -13.343379 -6.902905  0.320070 -0.905017 0.280179  0.775485 0.508368 1 38 1.000000
0  -10.590658 -13.261107 -6.580222  0.264824 -0.923506 0.277498  0.788657 0.524509 1 38 1.000000
v_ic_base
0  -14.118911 -14.699948 -6.771716  -0.994852 0.071209 0.072105  0.679797 0.930234 1 38 1.000000
0  -13.973649 -14.717106 -4.105298  -0.931989 0.358580 0.053079  0.690503 0.989339 1 38 1.000000
0  -13.905570 -14.560849 -3.965544  -0.936441 0.346643 0.054010  0.685341 0.992736 1 38 1.000000
v_ic_base
0  -14.118911 -14.699948 -6.771716  -0.994852 0.071209 0.072105  0.679797 0.930234 1 38 1.000000
0  -13.905570 -14.560849 -3.965544  -0.936441 0.346643 0.054010  0.685341 0.992736 1 38 1.000000
0  -14.114131 -14.599590 -6.790481  -0.995489 0.061004 0.072660  0.675276 0.930809 1 38 1.000000
v_ic_base
0  -14.114131 -14.599590 -6.790481  -0.106893 0.994250 0.006441  0.675276 0.930809 1 38 1.000000
0  -13.905570 -14.560849 -3.965544  -0.093972 0.995552 -0.006714  0.685341 0.992736 1 38 1.000000
0  -11.958887 -14.381730 -4.652157  -0.101615 0.994823 0.001064  0.634859 0.992711 1 38 1.000000
v_ic_base
0  -14.114131 -14.599590 -6.790481  -0.106893 0.994250 0.006441  0.675276 0.930809 1 38 1.000000
0  -11.958887 -14.381730 -4.652157  -0.101615 0.994823 0.001064  0.634859 0.992711 1 38 1.000000
0  -12.912698 -14.456521 -6.095082  -0.142675 0.988832 0.043059  0.650463 0.951004 1 38 1.000000
v_ic_base
0  -23.060196 -19.383411 -3.064607  0.202437 -0.961782 0.184376  0.848285 0.615781 1 41 1.000000
0  -22.378975 -19.333395 -3.551643  0.114821 -0.991646 0.058766  0.848140 0.629126 1 41 1.000000
0  -22.936296 -19.346233 -3.043696  0.241371 -0.940014 0.241067  0.847644 0.618883 1 41 1.000000
v_ic_base
0  -6.786809 -35.682468 -8.094972  0.993477 0.106092 -0.041806  0.266406 0.323257 1 38 1.000000
0  -8.233828 -23.630634 -9.608954  0.991613 0.108593 -0.070086  0.625040 0.278015 1 38 1.000000
0  -8.585068 -19.778931 -8.629368  0.993783 0.098568 -0.051771  0.731819 0.322869 1 38 1.000000
v_ic_base
0  -8.585068 -19.778931 -8.629368  0.993783 0.098568 -0.051771  0.731819 0.322869 1 38 1.000000
0  -8.233828 -23.630634 -9.608954  0.991613 0.108593 -0.070086  0.625040 0.278015 1 38 1.000000
0  -8.256499 -23.644388 -9.981956  0.992307 0.108162 -0.060228  0.625040 0.264571 1 38 1.000000
v_ic_base
0  -9.945606 -36.431843 -4.062836  0.991267 0.092120 0.094359  0.105644 0.591561 1 38 1.000000
0  -10.021415 -35.917221 -3.768846  0.991036 0.089149 0.099495  0.128124 0.600865 1 38 1.000000
0  -9.967101 -36.411263 -3.851039  0.991380 0.093767 0.091508  0.106380 0.597674 1 38 1.000000
v_ic_base
0  -8.726122 -18.946426 -9.901587  0.994463 0.090644 -0.053167  0.756466 0.272730 1 38 1.000000
0  -8.585068 -19.778931 -8.629368  0.993783 0.098568 -0.051771  0.731819 0.322869 1 38 1.000000
0  -8.820469 -18.936457 -11.660069  0.993894 0.097500 -0.051655  0.759457 0.205982 1 38 1.000000
v_ic_base
0  -8.820469 -18.936457 -11.660069  0.993894 0.097500 -0.051655  0.759457 0.205982 1 38 1.000000
0  -9.089725 -15.346955 -10.049835  0.993722 0.098224 -0.053561  0.858679 0.272730 1 38 1.000000
0  -8.726122 -18.946426 -9.901587  0.994463 0.090644 -0.053167  0.756466 0.272730 1 38 1.000000
v_ic_base
0  -8.820469 -18.936457 -11.660069  0.993894 0.097500 -0.051655  0.759457 0.205982 1 38 1.000000
0  -9.633532 -10.897458 -11.975153  0.993720 0.099711 -0.050782  0.989434 0.205982 1 38 1.000000
0  -9.089725 -15.346955 -10.049835  0.993722 0.098224 -0.053561  0.858679 0.272730 1 38 1.000000
v_ic_base
0  -9.633532 -10.897458 -11.975153  0.993720 0.099711 -0.050782  0.989434 0.205982 1 38 1.000000
0  -9.103213 -15.126907 -9.901537  0.993714 0.098044 -0.054032  0.864735 0.279292 1 38 1.000000
0  -9.089725 -15.346955 -10.049835  0.993722 0.098224 -0.053561  0.858679 0.272730 1 38 1.000000
v_ic_base
0  -9.633532 -10.897458 -11.975153  0.993720 0.099711 -0.050782  0.989434 0.205982 1 38 1.000000
0  -9.178298 -14.219270 -9.630883  0.993601 0.102086 -0.048327  0.890203 0.292047 1 38 1.000000
0  -9.103213 -15.126907 -9.901537  0.993714 0.098044 -0.054032  0.864735 0.279292 1 38 1.000000
v_ic_base
0  -9.178298 -14.219270 -9.630883  0.993601 0.102086 -0.048327  0.890203 0.292047 1 38 1.000000
0  -8.717525 -18.944382 -9.744313  0.994509 0.088415 -0.055997  0.756466 0.279292 1 38 1.000000
0  -9.103213 -15.126907 -9.901537  0.993714 0.098044 -0.054032  0.864735 0.279292 1 38 1.000000
v_ic_base
0  -9.178298 -14.219270 -9.630883  0.993601 0.102086 -0.048327  0.890203 0.292047 1 38 1.000000
0  -8.702458 -18.924055 -9.446481  0.994375 0.092158 -0.052200  0.756466 0.292047 1 38 1.000000
0  -8.717525 -18.944382 -9.744313  0.994509 0.088415 -0.055997  0.756466 0.279292 1 38 1.000000
v_ic_base
0  -8.702458 -18.924055 -9.446481  0.994375 0.092158 -0.052200  0.756466 0.292047 1 38 1.000000
0  -8.585068 -19.778931 -8.629368  0.993783 0.098568 -0.051771  0.731819 0.322869 1 38 1.000000
0  -8.717525 -18.944382 -9.744313  0.994509 0.088415 -0.055997  0.756466 0.279292 1 38 1.000000
v_ic_base
0  -8.702458 -18.924055 -9.446481  0.994375 0.092158 -0.052200  0.756466 0.292047 1 38 1.000000
0  -8.696499 -18.915939 -9.241606  0.994108 0.101645 -0.037664  0.756466 0.300677 1 38 1.000000
0  -8.585068 -19.778931 -8.629368  0.993783 0.098568 -0.051771  0.731819 0.322869 1 38 1.000000
v_ic_base
0  -9.498205 -10.750473 -8.983234  0.993794 0.099889 -0.048941  0.989434 0.322860 1 38 1.000000
0  -8.585068 -19.778931 -8.629368  0.993783 0.098568 -0.051771  0.731819 0.322869 1 38 1.000000
0  -8.696499 -18.915939 -9.241606  0.994108 0.101645 -0.037664  0.756466 0.300677 1 38 1.000000
v_ic_base
0  -9.498205 -10.750473 -8.983234  0.993794 0.099889 -0.048941  0.989434 0.322860 1 38 1.000000
0  -8.696499 -18.915939 -9.241606  0.994108 0.101645 -0.037664  0.756466 0.300677 1 38 1.000000
0  -9.185751 -14.078547 -9.431206  0.993911 0.101804 -0.042147  0.893942 0.300677 1 38 1.000000
v_ic_base
0  -9.633532 -10.897458 -11.975153  0.993720 0.099711 -0.050782  0.989434 0.205982 1 38 1.000000
0  -9.498205 -10.750473 -8.983234  0.993794 0.099889 -0.048941  0.989434 0.322860 1 38 1.000000
0  -9.185751 -14.078547 -9.431206  0.993911 0.101804 -0.042147  0.893942 0.300677 1 38 1.000000
v_ic_base
0  -9.633532 -10.897458 -11.975153  0.993720 0.099711 -0.050782  0.989434 0.205982 1 38 1.000000
0  -9.185751 -14.078547 -9.431206  0.993911 0.101804 -0.042147  0.893942 0.300677 1 38 1.000000
0  -9.178298 -14.219270 -9.630883  0.993601 0.102086 -0.048327  0.890203 0.292047 1 38 1.000000
v_ic_base
0  -8.726122 -18.946426 -9.901587  0.994463 0.090644 -0.053167  0.756466 0.272730 1 38 1.000000
0  -8.717525 -18.944382 -9.744313  0.994509 0.088415 -0.055997  0.756466 0.279292 1 38 1.000000
0  -8.585068 -19.778931 -8.629368  0.993783 0.098568 -0.051771  0.731819 0.322869 1 38 1.000000
v_ic_base
0  -10.619438 -35.997826 -3.278581  -0.818600 -0.472538 0.326499  0.124069 0.615395 1 38 1.000000
0  -10.407150 -36.333317 -3.231881  -0.827908 -0.484550 0.282452  0.110625 0.616185 1 38 1.000000
0  -10.587033 -35.998367 -3.200395  -0.816533 -0.470021 0.335192  0.123867 0.617644 1 38 1.000000
v_ic_base
0  -11.901025 -10.337082 -6.328044  0.165198 0.059745 0.984449  0.207207 0.408475 1 38 1.000000
0  -13.188116 -10.816602 -6.375187  -0.267944 0.015141 0.963315  0.183681 0.401068 1 38 1.000000
0  -11.858978 -10.670641 -6.314560  0.170311 0.061225 0.983486  0.207354 0.401068 1 38 1.000000
v_ic_base
0  -10.649682 -10.285229 -12.821634  0.154543 0.939563 -0.305512  0.040034 0.346624 1 38 1.000000
0  -11.686321 -10.204676 -12.640326  -0.029094 0.964078 -0.264022  0.044943 0.341039 2 38 0.750000 44 0.250000
0  -10.973981 -10.110254 -12.181036  0.082697 0.969697 -0.229887  0.053861 0.341039 2 38 0.750000 44 0.250000
v_ic_base
0  -11.014954 -24.022894 -13.626172  0.090978 -0.423454 -0.901338  0.625070 0.082617 1 38 1.000000
0  -12.262483 -23.914688 -13.560490  -0.241985 -0.457964 -0.855402  0.635660 0.054086 1 38 1.000000
0  -11.045712 -23.791382 -13.738043  0.085134 -0.431544 -0.898066  0.635660 0.079412 1 38 1.000000
v_ic_base
0  -11.858978 -10.670641 -6.314560  0.187591 -0.751460 0.632549  0.176789 0.362822 1 38 1.000000
0  -10.798986 -10.777040 -7.003491  0.429545 -0.733265 0.527080  0.161249 0.368571 1 38 1.000000
0  -10.679690 -10.565266 -6.806064  0.427924 -0.733435 0.528162  0.165394 0.362822 1 38 1.000000
v_ic_base
0  -6.786809 -35.682468 -8.094972  0.993477 0.106092 -0.041806  0.266406 0.323257 1 38 1.000000
0  -6.935642 -35.769520 -11.381665  0.992210 0.114926 -0.048067  0.266364 0.205982 1 38 1.000000
0  -6.920861 -35.196392 -9.706241  0.993153 0.104925 -0.051354  0.290482 0.264571 1 38 1.000000
v_ic_base
0  -6.786809 -35.682468 -8.094972  0.993477 0.106092 -0.041806  0.266406 0.323257 1 38 1.000000
0  -6.920861 -35.196392 -9.706241  0.993153 0.104925 -0.051354  0.290482 0.264571 1 38 1.000000
0  -6.883457 -35.196392 -9.318578  0.997305 0.022573 -0.069804  0.290482 0.278015 1 38 1.000000
v_ic_base
0  -6.786809 -35.682468 -8.094972  0.993477 0.106092 -0.041806  0.266406 0.323257 1 38 1.000000
0  -6.883457 -35.196392 -9.318578  0.997305 0.022573 -0.069804  0.290482 0.278015 1 38 1.000000
0  -8.233828 -23.630634 -9.608954  0.991613 0.108593 -0.070086  0.625040 0.278015 1 38 1.000000
v_ic_base
0  -10.798986 -10.777040 -7.003491  0.575049 0.095923 0.812476  0.994655 0.429417 1 38 1.000000
0  -10.924991 -12.511268 -6.786485  0.428752 0.102595 0.897578  0.942604 0.440736 1 38 1.000000
0  -10.626901 -12.478516 -6.936803  0.598409 0.091718 0.795924  0.942604 0.429455 1 38 1.000000
v_ic_base
0  -9.341815 -17.351965 -7.615880  0.846093 0.153207 0.510543  0.788857 0.390142 1 38 1.000000
0  -9.652339 -16.548519 -7.387748  0.729460 0.100076 0.676663  0.813915 0.401927 1 38 1.000000
0  -9.608776 -17.367397 -7.314373  0.731311 0.146612 0.666100  0.788857 0.403855 1 38 1.000000
v_ic_base
0  -9.178298 -14.219270 -9.630883  0.034368 0.042612 0.998500  0.605568 0.105422 1 38 1.000000
0  -9.061830 -18.863237 -9.436705  0.034374 0.042612 0.998500  0.445680 0.109319 1 38 1.000000
0  -8.702458 -18.924055 -9.446481  0.034375 0.042612 0.998500  0.440349 0.105422 1 38 1.000000
v_ic_base
0  -8.594217 -23.586308 -9.934862  0.269549 0.960682 -0.066580  0.268679 0.044160 1 39 1.000000
0  -8.124896 -23.702822 -9.715950  0.268847 0.960995 -0.064891  0.273228 0.030178 1 39 1.000000
0  -8.137654 -23.714746 -9.948986  0.268423 0.961181 -0.063873  0.273228 0.042849 1 39 1.000000
v_ic_base
0  -10.443754 -22.249390 -6.224666  0.404522 0.081036 0.910931  0.642166 0.461612 1 38 1.000000
0  -9.883249 -19.831221 -6.648618  0.517416 0.066766 0.853125  0.714189 0.429335 1 38 1.000000
0  -10.981454 -19.929525 -6.194880  0.160767 0.013019 0.986907  0.714190 0.471539 1 38 1.000000
v_ic_base
0  -13.475061 -24.279799 -11.707109  -0.984274 -0.098661 -0.146527  0.625020 0.205982 1 38 1.000000
0  -13.700320 -24.253412 -10.229879  -0.983573 -0.099636 -0.150523  0.625020 0.264571 1 38 1.000000
0  -13.958419 -19.500687 -11.894424  -0.987204 -0.109724 -0.115710  0.759437 0.205982 1 38 1.000000
v_ic_base
0  -11.411901 -16.578066 -15.725192  0.994025 0.099099 0.045745  0.075006 0.888239 1 40 1.000000
0  -11.462111 -16.228029 -15.395464  0.994042 0.098977 0.045651  0.086430 0.897858 1 40 1.000000
0  -11.439253 -16.451996 -15.408161  0.994041 0.098855 0.045940  0.078858 0.897258 1 40 1.000000
v_ic_base
0  -12.818051 -35.722435 -9.584876  -0.984021 -0.105671 -0.143302  0.290463 0.278015 1 38 1.000000
0  -14.287762 -20.405180 -8.889482  -0.984632 -0.101125 -0.142384  0.731799 0.322869 1 38 1.000000
0  -13.759045 -24.243906 -9.860751  -0.979729 -0.092724 -0.177576  0.625020 0.278015 1 38 1.000000
v_ic_base
0  -12.818051 -35.722435 -9.584876  -0.984021 -0.105671 -0.143302  0.290463 0.278015 1 38 1.000000
0  -12.935200 -36.193657 -8.367050  -0.985936 -0.100323 -0.133661  0.266390 0.323261 1 38 1.000000
0  -14.287762 -20.405180 -8.889482  -0.984632 -0.101125 -0.142384  0.731799 0.322869 1 38 1.000000
v_ic_base
0  -12.441940 -36.241768 -11.620326  -0.984448 -0.088100 -0.151987  0.266344 0.205982 1 38 1.000000
0  -12.935200 -36.193657 -8.367050  -0.985936 -0.100323 -0.133661  0.266390 0.323261 1 38 1.000000
0  -12.818051 -35.722435 -9.584876  -0.984021 -0.105671 -0.143302  0.290463 0.278015 1 38 1.000000
v_ic_base
0  -12.441940 -36.241768 -11.620326  -0.984448 -0.088100 -0.151987  0.266344 0.205982 1 38 1.000000
0  -12.818051 -35.722435 -9.584876  -0.984021 -0.105671 -0.143302  0.290463 0.278015 1 38 1.000000
0  -12.741087 -35.720158 -9.967755  -0.983857 0.002666 -0.178936  0.290463 0.264571 1 38 1.000000
v_ic_base
0  -14.405251 -19.344807 -6.708747  0.814878 0.110562 0.568991  0.327177 0.652175 1 41 1.000000
0  -16.539021 -20.024734 -3.495511  0.821254 0.090266 0.563377  0.259337 0.648031 1 41 1.000000
0  -14.332537 -19.913181 -6.700457  0.815275 0.112589 0.568023  0.327177 0.648031 1 41 1.000000
v_ic_base
0  -10.263562 -32.185051 -5.202157  0.133703 -0.863848 -0.485685  0.180440 0.599618 1 38 1.000000
0  -10.480853 -32.333580 -4.997801  0.134396 -0.864065 -0.485107  0.167555 0.615933 1 38 1.000000
0  -10.518885 -32.215931 -5.215831  0.130511 -0.862841 -0.488337  0.180440 0.613800 1 38 1.000000
v_ic_base
0  -10.465498 -29.395514 -5.549164  -0.083276 0.038854 0.995769  0.154623 0.597484 1 38 1.000000
0  -10.784904 -29.181129 -5.584240  -0.083238 0.038909 0.995770  0.167555 0.615933 1 38 1.000000
0  -10.762503 -29.434713 -5.572402  -0.083078 0.039146 0.995774  0.154623 0.615933 1 38 1.000000
v_ic_base
0  -12.746496 -24.446161 -12.902127  0.012050 0.992734 0.119721  0.124583 0.078522 1 39 1.000000
0  -13.533270 -24.520073 -11.715166  0.186441 0.981577 0.041779  0.129734 0.056934 1 39 1.000000
0  -12.670768 -24.482706 -12.605015  0.030146 0.993065 0.113639  0.129734 0.078522 1 39 1.000000
v_ic_ammo
0  -10.607427 -21.413668 -12.297018  -0.921379 -0.380061 0.081329  0.122786 0.318615 1 42 1.000000
0  -10.741561 -22.071138 -12.911023  -0.798253 -0.316011 0.512765  0.224107 0.417353 1 42 1.000000
0  -10.432859 -21.909575 -12.324883  -0.802810 -0.311183 0.508588  0.224107 0.343478 1 42 1.000000
v_ic_base
0  -14.503770 -14.537867 -7.967009  -0.568201 -0.089529 -0.818005  0.884551 0.580677 1 38 1.000000
0  -14.286924 -19.810629 -7.540537  -0.568212 -0.089530 -0.817998  0.743658 0.577118 1 38 1.000000
0  -14.817775 -14.561947 -7.746260  -0.568201 -0.089529 -0.818005  0.877468 0.577118 1 38 1.000000
v_ic_base
0  -10.547481 -29.011002 -5.365709  0.142469 -0.858842 -0.492029  0.180440 0.599618 1 38 1.000000
0  -10.753784 -29.157764 -5.169271  0.143425 -0.859132 -0.491244  0.167555 0.615933 1 38 1.000000
0  -10.791392 -29.042755 -5.378942  0.138518 -0.857629 -0.495263  0.180440 0.613800 1 38 1.000000
v_ic_base
0  -11.143826 -25.217415 -5.326534  -0.994929 -0.100378 0.006288  0.526302 0.575260 1 38 1.000000
0  -11.232765 -24.609842 -5.554186  -0.991970 -0.097154 0.080973  0.549615 0.568985 1 38 1.000000
0  -11.182009 -25.111687 -5.534516  -0.992001 -0.097171 0.080576  0.530731 0.568985 1 38 1.000000
v_ic_base
0  -11.036015 -26.555174 -5.477940  -0.991970 -0.097153 0.080973  0.476414 0.568985 1 38 1.000000
0  -10.978093 -27.186455 -5.663618  -0.956483 -0.085819 0.278882  0.453102 0.562710 1 38 1.000000
0  -10.985258 -27.057018 -5.458270  -0.992000 -0.097171 0.080578  0.457531 0.568985 1 38 1.000000
v_ic_base
0  -11.151033 -25.476534 -5.730639  -0.843274 -0.105409 -0.527046  0.517444 0.562710 1 38 1.000000
0  -11.174844 -25.241123 -5.739864  -0.909809 -0.107315 -0.400913  0.526302 0.562710 1 38 1.000000
0  -11.249410 -24.503868 -5.768762  -0.994643 -0.099499 0.028014  0.554044 0.562710 1 38 1.000000
v_ic_base
0  -11.151033 -25.476534 -5.730639  -0.956837 -0.085893 0.277644  0.517444 0.562710 1 38 1.000000
0  -11.249410 -24.503868 -5.768762  -0.930074 -0.080013 0.358553  0.554044 0.562710 1 38 1.000000
0  -11.315115 -24.953430 -6.039527  -0.929312 -0.079581 0.360620  0.537789 0.548422 1 38 1.000000
v_ic_base
0  -11.273219 -24.268457 -5.777988  -0.956479 -0.085806 0.278901  0.562902 0.562710 1 38 1.000000
0  -11.315115 -24.953430 -6.039527  -0.929312 -0.079581 0.360620  0.537789 0.548422 1 38 1.000000
0  -11.249410 -24.503868 -5.768762  -0.930074 -0.080013 0.358553  0.554044 0.562710 1 38 1.000000
v_ic_base
0  -11.315115 -24.953430 -6.039527  -0.929312 -0.079581 0.360620  0.537789 0.548422 1 38 1.000000
0  -11.273219 -24.268457 -5.777988  -0.956479 -0.085806 0.278901  0.562902 0.562710 1 38 1.000000
0  -11.347785 -23.531204 -5.806884  -0.956838 -0.085893 0.277639  0.590644 0.562710 1 38 1.000000
v_ic_base
0  -11.798165 -35.965591 -6.106202  -0.644824 -0.017520 0.764131  0.231112 0.429209 1 38 1.000000
0  -11.053959 -35.209885 -5.720780  -0.475067 0.002062 0.879947  0.254981 0.461612 1 38 1.000000
0  -11.525111 -35.256809 -5.974571  -0.452856 0.008997 0.891538  0.254981 0.444868 1 38 1.000000
v_ic_base
0  -10.753906 -27.374603 -5.231280  0.968913 0.105281 0.223882  0.444254 0.575260 1 38 1.000000
0  -10.643718 -27.998346 -5.406905  0.967815 0.106568 0.227984  0.420941 0.568985 1 38 1.000000
0  -10.694449 -27.496029 -5.426604  0.967806 0.106555 0.228028  0.439825 0.568985 1 38 1.000000
v_ic_base
0  -11.390745 -22.881399 -5.125617  -0.991373 -0.130972 0.005168  0.613584 0.586929 1 38 1.000000
0  -11.316767 -23.507492 -5.393555  -0.994930 -0.100393 0.005991  0.590644 0.575260 1 38 1.000000
0  -11.242201 -24.244747 -5.364659  -0.994929 -0.100383 0.006286  0.562902 0.575260 1 38 1.000000
v_ic_base
0  -11.390745 -22.881399 -5.125617  -0.991373 -0.130972 0.005168  0.613584 0.586929 1 38 1.000000
0  -11.340576 -23.272083 -5.402782  -0.993691 -0.111928 0.007028  0.599502 0.575260 1 38 1.000000
0  -11.316767 -23.507492 -5.393555  -0.994930 -0.100393 0.005991  0.590644 0.575260 1 38 1.000000
v_ic_base
0  -11.340576 -23.272083 -5.402782  -0.993691 -0.111928 0.007028  0.599502 0.575260 1 38 1.000000
0  -11.390745 -22.881399 -5.125617  -0.991373 -0.130972 0.005168  0.613584 0.586929 1 38 1.000000
0  -11.813985 -20.020954 -6.232853  -0.983573 -0.117438 0.137087  0.723392 0.548422 1 38 1.000000
v_ic_base
0  -11.340576 -23.272083 -5.402782  -0.993691 -0.111928 0.007028  0.599502 0.575260 1 38 1.000000
0  -11.813985 -20.020954 -6.232853  -0.983573 -0.117438 0.137087  0.723392 0.548422 1 38 1.000000
0  -11.378760 -23.166357 -5.610763  -0.988931 -0.119421 0.088059  0.603931 0.568985 1 38 1.000000
v_ic_base
0  -11.371594 -23.295792 -5.816111  -0.956365 -0.093987 0.276644  0.599502 0.562710 1 38 1.000000
0  -11.378760 -23.166357 -5.610763  -0.988931 -0.119421 0.088059  0.603931 0.568985 1 38 1.000000
0  -11.813985 -20.020954 -6.232853  -0.983573 -0.117438 0.137087  0.723392 0.548422 1 38 1.000000
v_ic_base
0  -11.371594 -23.295792 -5.816111  -0.956365 -0.093987 0.276644  0.599502 0.562710 1 38 1.000000
0  -11.813985 -20.020954 -6.232853  -0.983573 -0.117438 0.137087  0.723392 0.548422 1 38 1.000000
0  -11.347785 -23.531204 -5.806884  -0.956838 -0.085893 0.277639  0.590644 0.562710 1 38 1.000000
v_ic_base
0  -11.315115 -24.953430 -6.039527  -0.929312 -0.079581 0.360620  0.537789 0.548422 1 38 1.000000
0  -11.347785 -23.531204 -5.806884  -0.956838 -0.085893 0.277639  0.590644 0.562710 1 38 1.000000
0  -11.813985 -20.020954 -6.232853  -0.983573 -0.117438 0.137087  0.723392 0.548422 1 38 1.000000
v_ic_display
0  -10.281288 -18.268082 -5.968452  0.761154 0.102086 0.640487  0.003778 0.002015 1 38 1.000000
0  -11.371002 -16.540712 -4.948762  0.761154 0.102086 0.640487  0.996852 0.997558 1 38 1.000000
0  -11.193717 -18.293589 -4.880058  0.761153 0.102086 0.640487  0.003778 0.997558 1 38 1.000000
v_ic_base
0  -11.451664 -14.395488 -5.994441  -0.086858 0.993622 0.071915  0.564031 0.947367 1 38 1.000000
0  -11.956667 -14.528777 -4.762795  -0.114776 0.991563 0.060245  0.549532 0.992921 1 38 1.000000
0  -10.740827 -14.329702 -6.239428  -0.063995 0.994625 0.081397  0.549462 0.923763 1 38 1.000000
v_ic_base
0  -11.451664 -14.395488 -5.994441  -0.086858 0.993622 0.071915  0.564031 0.947367 1 38 1.000000
0  -12.854393 -14.575970 -6.057520  -0.129812 0.990071 0.053919  0.603440 0.976484 1 38 1.000000
0  -11.956667 -14.528777 -4.762795  -0.114776 0.991563 0.060245  0.549532 0.992921 1 38 1.000000
v_ic_base
0  -12.141658 -19.364731 -13.247762  0.047144 -0.014451 -0.998784  0.763940 0.063918 1 38 1.000000
0  -10.672005 -18.812519 -13.186381  0.326683 0.034531 -0.944503  0.784500 0.100125 1 38 1.000000
0  -10.526660 -19.187378 -13.174096  0.320573 0.093406 -0.942607  0.762458 0.102651 1 38 1.000000
v_ic_base
0  -11.956667 -14.528777 -4.762795  0.761154 0.102086 0.640486  0.549532 0.992921 1 38 1.000000
0  -11.501687 -19.027302 -4.586479  0.761152 0.102085 0.640489  0.298389 0.992921 1 38 1.000000
0  -11.317514 -18.349142 -4.913439  0.761152 0.102084 0.640489  0.334265 0.978750 1 38 1.000000
v_ic_base
0  -11.956667 -14.528777 -4.762795  0.761154 0.102086 0.640486  0.549532 0.992921 1 38 1.000000
0  -11.317514 -18.349142 -4.913439  0.761152 0.102084 0.640489  0.334265 0.978750 1 38 1.000000
0  -11.502936 -16.515821 -4.985296  0.761156 0.102087 0.640485  0.437889 0.978750 1 38 1.000000
v_ic_base
0  -11.956667 -14.528777 -4.762795  0.761154 0.102086 0.640486  0.549532 0.992921 1 38 1.000000
0  -11.502936 -16.515821 -4.985296  0.761156 0.102087 0.640485  0.437889 0.978750 1 38 1.000000
0  -11.083430 -16.273195 -5.522507  0.761157 0.102090 0.640483  0.446298 0.954023 1 38 1.000000
v_ic_base
0  -11.502936 -16.515821 -4.985296  0.761156 0.102087 0.640485  0.437889 0.978750 1 38 1.000000
0  -10.824368 -16.256031 -5.833111  0.761154 0.102083 0.640487  0.446298 0.939382 1 38 1.000000
0  -11.083430 -16.273195 -5.522507  0.761157 0.102090 0.640483  0.446298 0.954023 1 38 1.000000
v_ic_base
0  -11.502936 -16.515821 -4.985296  0.761156 0.102087 0.640485  0.437889 0.978750 1 38 1.000000
0  -10.529111 -16.436796 -6.155185  0.540228 0.087452 0.836962  0.437889 0.923763 1 38 1.000000
0  -10.824368 -16.256031 -5.833111  0.761154 0.102083 0.640487  0.446298 0.939382 1 38 1.000000
v_ic_base
0  -10.529111 -16.436796 -6.155185  0.540228 0.087452 0.836962  0.437889 0.923763 1 38 1.000000
0  -10.940904 -15.129357 -5.874202  0.761154 0.102086 0.640487  0.513671 0.939382 1 38 1.000000
0  -10.824368 -16.256031 -5.833111  0.761154 0.102083 0.640487  0.446298 0.939382 1 38 1.000000
v_ic_base
0  -10.529111 -16.436796 -6.155185  0.540228 0.087452 0.836962  0.437889 0.923763 1 38 1.000000
0  -10.740827 -14.329702 -6.239428  0.469486 0.105819 0.876576  0.549478 0.923763 1 38 1.000000
0  -10.940904 -15.129357 -5.874202  0.761154 0.102086 0.640487  0.513671 0.939382 1 38 1.000000
v_ic_base
0  -10.740827 -14.329702 -6.239428  0.469486 0.105819 0.876576  0.549478 0.923763 1 38 1.000000
0  -11.201388 -15.148994 -5.561514  0.761154 0.102086 0.640486  0.513671 0.954023 1 38 1.000000
0  -10.940904 -15.129357 -5.874202  0.761154 0.102086 0.640487  0.513671 0.939382 1 38 1.000000
v_ic_base
0  -10.740827 -14.329702 -6.239428  0.469486 0.105819 0.876576  0.549478 0.923763 1 38 1.000000
0  -11.956667 -14.528777 -4.762795  0.761154 0.102086 0.640486  0.549532 0.992921 1 38 1.000000
0  -11.201388 -15.148994 -5.561514  0.761154 0.102086 0.640486  0.513671 0.954023 1 38 1.000000
v_ic_base
0  -11.956667 -14.528777 -4.762795  0.761154 0.102086 0.640486  0.549532 0.992921 1 38 1.000000
0  -11.083430 -16.273195 -5.522507  0.761157 0.102090 0.640483  0.446298 0.954023 1 38 1.000000
0  -11.201388 -15.148994 -5.561514  0.761154 0.102086 0.640486  0.513671 0.954023 1 38 1.000000
v_ic_base
0  -16.886772 -20.722698 -3.420279  -0.087295 0.995439 -0.038485  0.766210 0.650416 1 41 1.000000
0  -14.167684 -20.612558 -6.739995  -0.087293 0.995439 -0.038473  0.664740 0.736405 1 41 1.000000
0  -14.505946 -20.644865 -6.808395  -0.087293 0.995439 -0.038473  0.674436 0.740327 1 41 1.000000
v_ic_base
0  -11.501687 -19.027302 -4.586479  0.989566 0.095868 -0.107554  0.560663 0.933789 1 38 1.000000
0  -11.956667 -14.528777 -4.762795  0.989565 0.095869 -0.107562  0.560654 0.786283 1 38 1.000000
0  -11.958887 -14.381730 -4.652157  0.989565 0.095869 -0.107562  0.564235 0.782206 1 38 1.000000
v_ic_base
0  -11.501687 -19.027302 -4.586479  0.989566 0.095868 -0.107554  0.560663 0.933789 1 38 1.000000
0  -11.958887 -14.381730 -4.652157  0.989565 0.095869 -0.107562  0.564235 0.782206 1 38 1.000000
0  -11.475738 -19.158783 -4.464922  0.989566 0.095868 -0.107554  0.564235 0.937744 1 38 1.000000
v_ic_base
0  -20.980677 -21.778952 -2.629176  0.551340 0.009666 -0.834225  0.895737 0.650416 1 41 1.000000
0  -24.485037 -21.973061 -4.947494  0.551346 0.009652 -0.834221  0.981036 0.743277 1 41 1.000000
0  -20.996401 -21.577850 -2.637239  0.551340 0.009667 -0.834225  0.893185 0.656492 1 41 1.000000
v_ic_base
0  -13.973649 -14.717106 -4.105298  -0.864894 -0.067983 0.497329  0.613549 0.786161 1 38 1.000000
0  -13.421350 -19.348482 -3.777895  -0.864892 -0.067983 0.497332  0.609442 0.937731 1 38 1.000000
0  -13.905570 -14.560849 -3.965544  -0.864894 -0.067983 0.497329  0.609437 0.782206 1 38 1.000000
v_ic_base
0  -13.973649 -14.717106 -4.105298  -0.864894 -0.067983 0.497329  0.613549 0.786161 1 38 1.000000
0  -13.518669 -19.215633 -3.928980  -0.864892 -0.067983 0.497332  0.613557 0.933663 1 38 1.000000
0  -13.421350 -19.348482 -3.777895  -0.864892 -0.067983 0.497332  0.609442 0.937731 1 38 1.000000
v_ic_base
0  -21.840681 -21.612961 -6.511999  0.087291 -0.995440 0.038473  0.896020 0.772108 1 41 1.000000
0  -20.833672 -21.428675 -4.028614  0.087291 -0.995440 0.038473  0.881743 0.697904 1 41 1.000000
0  -23.237118 -21.700951 -5.620231  0.087292 -0.995440 0.038473  0.939085 0.754498 1 41 1.000000
v_ic_base
0  -9.896137 -35.190262 -5.197897  0.060285 -0.872693 0.484533  0.167555 0.597484 1 38 1.000000
0  -10.234849 -35.107700 -5.007049  0.059222 -0.873593 0.483040  0.180440 0.613800 1 38 1.000000
0  -10.228234 -35.225410 -5.223216  0.056223 -0.876111 0.478820  0.167555 0.615933 1 38 1.000000
v_ic_base
0  -10.321473 -36.142712 -13.278697  -0.148607 0.900402 -0.408892  0.016708 0.378778 1 38 1.000000
0  -11.583441 -36.178871 -12.584051  -0.286699 0.899151 -0.330654  0.031619 0.376907 1 38 1.000000
0  -10.288111 -36.020657 -13.025249  -0.152177 0.896582 -0.415911  0.021812 0.374714 1 38 1.000000
v_ic_base
0  -9.113049 -36.682114 -10.473643  0.146666 0.615214 -0.774597  0.207195 0.781546 1 38 1.000000
0  -7.920838 -36.921917 -10.162756  0.450009 0.661722 -0.599680  0.225643 0.809234 1 38 1.000000
0  -8.990535 -37.026783 -10.724195  0.157246 0.616639 -0.771382  0.207195 0.809234 1 38 1.000000
v_ic_base
0  -12.125946 -13.753460 -18.983166  -0.704540 0.635359 -0.316136  0.163672 0.802059 1 38 1.000000
0  -12.232774 -13.717856 -18.673534  -0.729152 0.650239 -0.213368  0.164792 0.810894 1 38 1.000000
0  -12.107009 -13.573745 -18.664177  -0.732617 0.652026 -0.195283  0.169151 0.811120 1 38 1.000000
v_ic_base
0  -11.148562 -13.422095 -16.488914  0.584382 0.811376 0.012918  0.167570 0.870739 1 38 1.000000
0  -11.251832 -13.479833 -18.625170  0.593364 0.793288 -0.136430  0.169175 0.811120 1 38 1.000000
0  -11.298328 -13.313547 -16.532391  0.587271 0.809390 0.000602  0.171811 0.869834 1 38 1.000000
v_ic_base
0  -18.899942 -14.424424 -5.221818  -0.033000 -0.997892 -0.055881  0.976684 0.979393 1 41 1.000000
0  -14.774862 -14.466382 -6.908582  -0.031386 -0.998158 -0.051926  0.996707 0.950153 1 41 1.000000
0  -16.796902 -14.580958 -3.947668  -0.035970 -0.997355 -0.063159  0.996707 0.979393 1 41 1.000000
v_ic_base
0  -12.211782 -13.605114 -14.524698  -0.709105 0.627071 0.322416  0.162342 0.926929 1 38 1.000000
0  -12.287740 -13.432314 -15.027843  -0.738394 0.655622 0.157904  0.169151 0.913136 1 38 1.000000
0  -12.412944 -13.573195 -15.029206  -0.739303 0.655536 0.153957  0.164886 0.913136 1 38 1.000000
v_ic_base
0  -12.061323 -15.116974 -14.411376  -0.693474 -0.122235 -0.710036  0.110984 0.926929 1 38 1.000000
0  -11.982596 -18.537502 -13.899412  -0.693474 -0.122235 -0.710036  0.016368 0.938182 1 38 1.000000
0  -12.211782 -13.605114 -14.524698  -0.693474 -0.122235 -0.710036  0.162342 0.926929 1 38 1.000000
v_ic_base
0  -11.920705 -15.405946 -18.723686  -0.646894 -0.754262 -0.112326  0.107188 0.807448 1 38 1.000000
0  -12.069826 -15.277282 -18.727671  -0.646884 -0.753387 -0.118106  0.112043 0.807665 1 38 1.000000
0  -11.966991 -15.238531 -19.117979  -0.630591 -0.738258 -0.239438  0.113548 0.796652 1 38 1.000000
v_ic_base
0  -11.966991 -15.238531 -19.117979  -0.972428 -0.233132 -0.005835  0.113548 0.796652 1 38 1.000000
0  -11.810889 -15.895534 -18.883106  -0.974025 -0.212892 -0.077147  0.090627 0.802373 1 38 1.000000
0  -11.920705 -15.405946 -18.723686  -0.974243 -0.224701 0.018961  0.107188 0.807448 1 38 1.000000
v_ic_base
0  -11.966991 -15.238531 -19.117979  -0.972428 -0.233132 -0.005835  0.113548 0.796652 1 38 1.000000
0  -11.716576 -16.192408 -19.183716  -0.975893 -0.143655 -0.164307  0.080786 0.793557 1 38 1.000000
0  -11.810889 -15.895534 -18.883106  -0.974025 -0.212892 -0.077147  0.090627 0.802373 1 38 1.000000
v_ic_base
0  -11.810889 -15.895534 -18.883106  -0.974025 -0.212892 -0.077147  0.090627 0.802373 1 38 1.000000
0  -11.716576 -16.192408 -19.183716  -0.975893 -0.143655 -0.164307  0.080786 0.793557 1 38 1.000000
0  -11.559555 -17.763996 -19.079561  -0.971463 -0.107738 -0.211310  0.048432 0.793557 1 38 1.000000
v_ic_base
0  -11.810889 -15.895534 -18.883106  -0.974025 -0.212892 -0.077147  0.090627 0.802373 1 38 1.000000
0  -11.559555 -17.763996 -19.079561  -0.971463 -0.107738 -0.211310  0.048432 0.793557 1 38 1.000000
0  -11.636255 -17.630430 -18.796757  -0.979495 -0.106605 -0.170951  0.052764 0.801695 1 38 1.000000
v_ic_base
0  -10.001487 -34.289906 -5.267799  0.952244 0.123053 0.279444  0.196911 0.562710 1 38 1.000000
0  -10.117018 -33.679245 -5.102011  0.966038 0.120486 0.228590  0.220224 0.568985 1 38 1.000000
0  -10.064521 -34.171478 -5.064547  0.966015 0.120440 0.228710  0.201340 0.568985 1 38 1.000000
v_ic_base
0  -11.045972 -18.051401 -13.831797  0.993736 0.102263 0.045068  0.026544 0.935058 1 38 1.000000
0  -10.845516 -17.831432 -18.750847  0.987701 0.152946 -0.032482  0.043131 0.801695 1 38 1.000000
0  -10.873015 -17.624701 -18.613619  0.995760 0.091989 -0.000909  0.049952 0.805766 1 38 1.000000
v_ic_base
0  -12.665792 -11.530751 -14.735528  -0.964846 -0.120078 -0.233781  0.254801 0.922454 1 38 1.000000
0  -12.938380 -11.119209 -13.821905  -0.969040 -0.114173 -0.218920  0.268217 0.948758 1 38 1.000000
0  -12.972207 -10.784748 -13.835012  -0.964933 -0.106987 -0.239705  0.279564 0.948758 1 38 1.000000
v_ic_base
0  -11.374090 -10.947425 -13.750554  0.987659 0.087211 -0.130089  0.268241 0.948758 1 38 1.000000
0  -10.791222 -18.406670 -13.845071  0.988222 0.078882 -0.131127  0.016392 0.938182 1 38 1.000000
0  -11.474418 -11.399919 -14.681187  0.986060 0.080674 -0.145528  0.254824 0.922454 1 38 1.000000
v_ic_base
0  -12.957324 -11.300009 -13.563855  -0.980619 -0.119189 -0.155497  0.261846 0.955824 1 38 1.000000
0  -12.938380 -11.119209 -13.821905  -0.969040 -0.114173 -0.218920  0.268217 0.948758 1 38 1.000000
0  -12.075191 -18.966612 -13.250384  -0.968484 -0.122332 -0.216965  0.001365 0.956039 1 38 1.000000
v_ic_base
0  -12.410499 -13.560677 -16.546474  -0.994001 -0.101711 -0.040216  0.167546 0.870739 1 38 1.000000
0  -12.255425 -15.130623 -14.968163  -0.980553 -0.087153 0.175842  0.112053 0.913136 1 38 1.000000
0  -12.412944 -13.573195 -15.029206  -0.981614 -0.087358 0.169715  0.164886 0.913136 1 38 1.000000
v_ic_base
0  -9.227853 -19.670965 -7.173899  0.712536 0.294525 0.636826  0.775833 0.032258 1 38 1.000000
0  -9.177770 -18.973930 -7.552306  0.845841 0.154377 0.510608  0.832103 0.009682 1 38 1.000000
0  -9.444731 -18.989363 -7.250808  0.731728 0.147022 0.665551  0.832103 0.036097 1 38 1.000000
v_ic_base
0  -9.423838 -16.540979 -7.647666  0.899110 0.074028 -0.431418  0.877522 0.042143 1 38 1.000000
0  -9.505861 -15.729997 -7.679451  0.899110 0.074028 -0.431418  0.942751 0.042143 1 38 1.000000
0  -9.370156 -16.422096 -7.515389  0.899110 0.074028 -0.431418  0.886061 0.051327 1 38 1.000000
v_ic_base
0  -9.772822 -15.745433 -7.377945  -0.655446 -0.107459 0.747558  0.942751 0.079783 1 38 1.000000
0  -9.652339 -16.548519 -7.387748  -0.655446 -0.107459 0.747558  0.877967 0.079706 1 38 1.000000
0  -9.563385 -16.432180 -7.293031  -0.655446 -0.107459 0.747558  0.886133 0.070734 1 38 1.000000
v_ic_base
0  -10.436956 -10.999853 -12.920560  0.565491 -0.699085 -0.437608  0.037240 0.368571 1 38 1.000000
0  -11.374090 -10.947425 -13.750554  0.433074 -0.725553 -0.534808  0.020944 0.362822 1 38 1.000000
0  -10.367402 -10.811569 -13.132813  0.518405 -0.721340 -0.459266  0.032895 0.362822 1 38 1.000000
v_ic_base
0  -10.649682 -10.285229 -12.821634  0.154543 0.939563 -0.305512  0.040034 0.346624 1 38 1.000000
0  -9.642241 -10.349144 -12.103086  0.356635 0.909209 -0.214828  0.053940 0.352720 1 38 1.000000
0  -10.401229 -10.477109 -13.145924  0.215730 0.900707 -0.377079  0.032895 0.352720 1 38 1.000000
v_ic_base
0  -9.856483 -10.180169 -7.762664  0.867397 0.106777 0.486027  0.144856 0.352720 1 38 1.000000
0  -10.679690 -10.565266 -6.806064  0.568267 0.090403 0.817863  0.165394 0.362822 1 38 1.000000
0  -9.822657 -10.514630 -7.749555  0.867556 0.106783 0.485741  0.144856 0.362822 1 38 1.000000
v_ic_base
0  -9.976279 -34.513477 -5.250671  -0.083376 0.066868 0.994272  0.154640 0.597484 1 38 1.000000
0  -10.326737 -34.326019 -5.292667  -0.083341 0.066931 0.994271  0.167572 0.615933 1 38 1.000000
0  -10.303288 -34.549335 -5.275646  -0.083286 0.067034 0.994269  0.154640 0.615933 1 38 1.000000
v_ic_base
0  -23.176338 -17.926821 -3.135332  0.797764 0.093326 0.595704  0.811549 0.615781 1 41 1.000000
0  -22.798407 -17.328588 -3.735178  0.797763 0.093327 0.595704  0.797845 0.623109 1 41 1.000000
0  -23.225384 -17.346928 -3.160499  0.797764 0.093320 0.595705  0.796923 0.615781 1 41 1.000000
v_ic_base
0  -16.986147 -14.352777 -8.056107  -0.464215 -0.000942 0.885722  0.976684 0.950153 1 41 1.000000
0  -14.405251 -19.344807 -6.708747  -0.469556 -0.004468 0.882892  0.941597 0.931862 1 41 1.000000
0  -14.774862 -14.466382 -6.908582  -0.460552 0.001466 0.887631  0.976684 0.931862 1 41 1.000000
v_ic_base
0  -14.560899 -10.379484 -9.795277  -0.491384 0.868497 -0.065224  0.107124 0.341039 2 38 0.750000 44 0.250000
0  -14.261982 -10.415237 -11.588939  -0.429321 0.890419 -0.151122  0.069361 0.341039 2 38 0.750000 44 0.250000
0  -14.619375 -10.682511 -12.129159  -0.477281 0.852478 -0.213270  0.058265 0.346622 1 38 1.000000
v_ic_base
0  -14.560899 -10.379484 -9.795277  -0.491384 0.868497 -0.065224  0.107124 0.341039 2 38 0.750000 44 0.250000
0  -14.619375 -10.682511 -12.129159  -0.477281 0.852478 -0.213270  0.058265 0.346622 1 38 1.000000
0  -15.016613 -10.598404 -9.260805  -0.527856 0.849153 -0.017547  0.118591 0.346622 1 38 1.000000
v_ic_base
0  -14.394871 -10.326094 -8.861168  -0.371533 0.927278 0.046037  0.126484 0.341039 2 38 0.750000 44 0.250000
0  -14.560899 -10.379484 -9.795277  -0.491384 0.868497 -0.065224  0.107124 0.341039 2 38 0.750000 44 0.250000
0  -15.016613 -10.598404 -9.260805  -0.527856 0.849153 -0.017547  0.118591 0.346622 1 38 1.000000
v_ic_base
0  -14.394871 -10.326094 -8.861168  -0.371533 0.927278 0.046037  0.126484 0.341039 2 38 0.750000 44 0.250000
0  -15.016613 -10.598404 -9.260805  -0.527856 0.849153 -0.017547  0.118591 0.346622 1 38 1.000000
0  -14.815177 -10.528080 -8.162326  -0.457498 0.880200 0.126268  0.141356 0.346622 1 38 1.000000
v_ic_base
0  -12.435765 -19.539518 -5.922288  0.103172 -0.993576 0.046508  0.743658 0.513098 1 38 1.000000
0  -13.274819 -19.669712 -6.821578  0.107061 -0.993282 0.043927  0.736377 0.541433 1 38 1.000000
0  -12.418175 -19.553391 -6.278672  0.103911 -0.993621 0.043812  0.736377 0.513073 1 38 1.000000
v_ic_base
0  -12.024534 -38.333553 -8.205908  0.083886 -0.996130 0.026233  0.459248 0.901109 1 38 1.000000
0  -11.182773 -38.281906 -8.936376  0.083196 -0.996212 0.025280  0.477879 0.919290 1 38 1.000000
0  -11.400613 -38.280277 -8.178021  0.083886 -0.996130 0.026235  0.459248 0.919290 1 38 1.000000
v_ic_base
0  -9.865051 -10.032679 -9.025829  0.335894 0.941648 0.021769  0.118616 0.346624 1 38 1.000000
0  -9.856483 -10.180169 -7.762664  0.343448 0.915829 0.208089  0.144856 0.352720 1 38 1.000000
0  -9.507540 -10.196070 -8.972010  0.413405 0.910270 0.022454  0.119249 0.352720 1 38 1.000000
v_ic_base
0  -13.041051 -36.242443 -8.369624  -0.991693 -0.127221 0.018995  0.114790 0.378778 1 38 1.000000
0  -12.519937 -36.606010 -11.684258  -0.980935 -0.135443 -0.139359  0.049845 0.390341 1 38 1.000000
0  -13.000119 -36.558643 -8.350431  -0.991587 -0.126772 0.026167  0.114723 0.390341 1 38 1.000000
v_ic_base
0  -10.277790 -32.559994 -4.971581  -0.073380 0.840091 -0.537458  0.154623 0.597484 1 38 1.000000
0  -10.474809 -32.714142 -5.185626  -0.072979 0.839955 -0.537727  0.141735 0.613800 1 38 1.000000
0  -10.458744 -32.582973 -4.981730  -0.076818 0.841256 -0.535152  0.154623 0.615933 1 38 1.000000
v_ic_ammo
0  -10.710816 -20.048349 -12.696486  0.850265 -0.513839 0.114104  0.502438 0.328529 1 42 1.000000
0  -11.024556 -20.077219 -13.590278  0.549715 -0.676386 -0.490220  0.513297 0.441924 1 42 1.000000
0  -10.580914 -19.844776 -12.748031  0.850078 -0.516889 0.100958  0.513297 0.318582 1 42 1.000000
v_ic_base
0  -7.063953 -35.696686 -6.758973  0.249179 0.955764 0.156283  0.142901 0.378778 1 38 1.000000
0  -6.969578 -35.611320 -8.093965  0.353072 0.931769 0.084542  0.117036 0.370180 1 38 1.000000
0  -7.317531 -35.608944 -6.891258  0.247681 0.955688 0.159107  0.145054 0.370180 1 38 1.000000
v_ic_base
0  -12.792436 -36.185833 -7.014999  -0.429387 0.893700 0.130103  0.142881 0.378778 1 38 1.000000
0  -11.798165 -35.965591 -6.106202  -0.327148 0.905517 0.270208  0.162787 0.370180 1 38 1.000000
0  -12.556324 -36.056286 -7.125399  -0.429275 0.893683 0.130588  0.145033 0.370180 1 38 1.000000
v_ic_base
0  -14.859702 -11.260282 -12.329504  -0.984943 -0.104998 -0.137344  0.053924 0.362822 1 38 1.000000
0  -15.336030 -10.836131 -9.237863  -0.994701 -0.099603 0.025472  0.119233 0.352720 1 38 1.000000
0  -14.893530 -10.925820 -12.342612  -0.984942 -0.104999 -0.137344  0.053924 0.352720 1 38 1.000000
v_ic_base
0  -11.453651 -10.396014 -13.366663  0.021502 0.922700 -0.384919  0.029409 0.346624 1 38 1.000000
0  -10.401229 -10.477109 -13.145924  0.215730 0.900707 -0.377079  0.032895 0.352720 1 38 1.000000
0  -11.407918 -10.612963 -13.763661  -0.001382 0.842307 -0.538997  0.020944 0.352720 1 38 1.000000
v_ic_base
0  -10.334439 -36.439461 -4.340364  -0.130501 -0.988304 0.078903  0.107476 0.583995 1 38 1.000000
0  -10.088914 -36.479500 -4.435721  0.008198 -0.999410 0.033348  0.104482 0.580425 1 38 1.000000
0  -10.084720 -36.476280 -4.327064  0.009845 -0.999524 0.029229  0.104482 0.583528 1 38 1.000000
v_ic_base
0  -14.385115 -19.350166 -6.732841  0.128289 -0.990776 0.043654  0.681879 0.898434 1 38 1.000000
0  -15.122334 -19.304937 -3.539866  0.128289 -0.990776 0.043654  0.708916 0.983389 1 38 1.000000
0  -16.431644 -19.482958 -3.732479  0.128289 -0.990776 0.043654  0.753808 0.970947 1 38 1.000000
v_ic_base
0  -15.028830 -19.468138 -3.739246  -0.938160 -0.273310 -0.212503  0.702064 0.982332 1 38 1.000000
0  -15.122334 -19.304937 -3.539866  -0.936995 -0.277348 -0.212412  0.708916 0.983389 1 38 1.000000
0  -14.385115 -19.350166 -6.732841  -0.970794 -0.110231 -0.213093  0.681879 0.898434 1 38 1.000000
v_ic_base
0  -15.028830 -19.468138 -3.739246  -0.938160 -0.273310 -0.212503  0.702064 0.982332 1 38 1.000000
0  -14.385115 -19.350166 -6.732841  -0.970794 -0.110231 -0.213093  0.681879 0.898434 1 38 1.000000
0  -14.351246 -19.534319 -6.796180  -0.971349 -0.105369 -0.213021  0.676209 0.900534 1 38 1.000000
v_ic_base
0  -9.902507 -38.197811 -9.836946  0.166877 0.048953 0.984762  0.122871 0.482360 1 38 1.000000
0  -11.889845 -11.333033 -10.672173  -0.263050 0.003942 0.964774  0.060438 0.458584 1 38 1.000000
0  -12.633759 -11.414727 -10.706105  0.167079 0.049017 0.984724  0.060438 0.482360 1 38 1.000000
v_ic_base
0  -8.924520 -36.448742 -12.934731  0.256092 -0.025501 -0.966316  0.212732 0.515004 1 38 1.000000
0  -7.757350 -36.556313 -12.323721  0.653008 0.038624 -0.756365  0.223350 0.502431 1 38 1.000000
0  -8.896142 -36.667953 -12.921425  0.269813 -0.023501 -0.962626  0.223339 0.515004 1 38 1.000000
v_ic_base
0  -6.791454 -36.116863 -11.428229  0.797693 0.066880 -0.599344  0.049866 0.390341 1 38 1.000000
0  -7.661413 -35.899826 -12.561888  0.641134 0.036467 -0.766562  0.028555 0.378778 1 38 1.000000
0  -6.832386 -35.800659 -11.447423  0.797691 0.066879 -0.599347  0.049866 0.378778 1 38 1.000000
v_ic_base
0  -9.513778 -28.495773 -13.664284  0.241203 0.008582 -0.970437  0.033500 0.122657 1 39 1.000000
0  -11.510605 -24.544170 -13.800933  0.038374 -0.015160 -0.999148  0.117851 0.099722 1 39 1.000000
0  -10.018576 -24.405138 -13.735767  0.249612 0.014030 -0.968244  0.117851 0.122657 1 39 1.000000
v_ic_base
0  -9.262419 -36.159981 -5.164534  0.193331 0.084270 0.977508  0.175941 0.390341 1 38 1.000000
0  -7.999176 -35.748161 -5.723357  0.564828 0.122649 0.816044  0.162269 0.378778 1 38 1.000000
0  -9.303351 -35.843777 -5.183726  0.184140 0.083279 0.979366  0.175936 0.378778 1 38 1.000000
v_ic_base
0  -7.063953 -35.696686 -6.758973  0.864770 0.141196 0.481909  0.142901 0.378778 1 38 1.000000
0  -7.958244 -36.064362 -5.704165  0.568689 0.122983 0.813307  0.161463 0.390341 1 38 1.000000
0  -7.023021 -36.012886 -6.739780  0.863649 0.141173 0.483921  0.142632 0.390341 1 38 1.000000
v_ic_base
0  -10.855554 -25.436712 -5.707402  -0.082472 0.030696 0.996121  0.154623 0.597484 1 38 1.000000
0  -11.174844 -25.241123 -5.739864  -0.082472 0.030695 0.996121  0.167555 0.615933 1 38 1.000000
0  -11.151033 -25.476534 -5.730639  -0.082473 0.030692 0.996121  0.154623 0.615933 1 38 1.000000
v_ic_base
0  -11.052659 -26.449200 -5.692514  -0.146754 0.879045 0.453590  0.154623 0.615933 1 38 1.000000
0  -10.792825 -26.523363 -5.464725  -0.147961 0.878261 0.454713  0.141735 0.599618 1 38 1.000000
0  -10.757178 -26.409378 -5.669279  -0.154026 0.874279 0.460340  0.154623 0.597484 1 38 1.000000
v_ic_base
0  -8.451860 -29.358719 -12.320925  -0.623144 -0.047260 0.780678  0.407334 0.046961 1 39 1.000000
0  -10.155439 -24.272018 -13.009894  -0.245924 -0.003814 0.969282  0.473713 0.025805 1 39 1.000000
0  -9.620644 -29.486179 -12.895963  -0.248531 -0.004332 0.968614  0.407334 0.025805 1 39 1.000000
v_ic_ammo
0  -11.641883 -22.238874 -13.187242  -0.163861 -0.140007 0.976498  0.224107 0.539462 1 42 1.000000
0  -10.973636 -21.611715 -12.985187  -0.577577 -0.125794 0.806586  0.123556 0.442542 1 42 1.000000
0  -11.784114 -21.738108 -13.139967  0.218383 0.052298 0.974461  0.123556 0.563812 1 42 1.000000
v_ic_base
0  -10.120918 -13.058164 -7.148913  0.935907 0.072272 -0.344754  0.798860 0.484087 1 38 1.000000
0  -10.221157 -12.677052 -7.341138  0.936038 0.072514 -0.344345  0.824191 0.467153 1 38 1.000000
0  -10.155673 -12.689257 -7.165547  0.936129 0.072681 -0.344064  0.822707 0.484087 1 38 1.000000
v_ic_base
0  -9.507540 -10.196070 -8.972010  0.987824 0.104433 0.115316  0.119249 0.352720 1 38 1.000000
0  -9.822657 -10.514630 -7.749555  0.867556 0.106783 0.485741  0.144856 0.362822 1 38 1.000000
0  -9.473712 -10.530530 -8.958901  0.987926 0.104410 0.114457  0.119249 0.362822 1 38 1.000000
v_ic_base
0  -11.484763 -37.222404 -10.151340  -0.604531 -0.571462 -0.554953  0.503267 0.809234 1 38 1.000000
0  -11.242314 -38.296741 -9.309155  -0.604529 -0.571461 -0.554957  0.491656 0.901109 1 38 1.000000
0  -11.916107 -37.245716 -9.657454  -0.604532 -0.571462 -0.554952  0.490417 0.809234 1 38 1.000000
v_ic_base
0  -11.251832 -13.479833 -18.625170  0.593364 0.793288 -0.136430  0.169175 0.811120 1 38 1.000000
0  -11.099277 -13.593380 -18.621832  0.592063 0.790914 -0.154647  0.164816 0.810894 1 38 1.000000
0  -11.168338 -13.648299 -18.939486  0.580244 0.771956 -0.259616  0.163696 0.802059 1 38 1.000000
v_ic_base
0  -12.410499 -13.560677 -16.546474  -0.994001 -0.101711 -0.040216  0.167546 0.870739 1 38 1.000000
0  -12.069826 -15.277282 -18.727671  -0.980531 -0.098410 -0.169927  0.112043 0.807665 1 38 1.000000
0  -12.274234 -15.132216 -15.984775  -0.995611 -0.092160 -0.016316  0.113574 0.884748 1 38 1.000000
v_ic_base
0  -11.513979 -13.528483 -14.492871  0.528636 0.758691 0.380699  0.162366 0.926929 1 38 1.000000
0  -11.279449 -13.448719 -14.977505  0.567181 0.795441 0.213494  0.164910 0.913136 1 38 1.000000
0  -11.430086 -13.338130 -14.988724  0.567072 0.794470 0.217361  0.169175 0.913136 1 38 1.000000
v_ic_base
0  -11.916107 -37.245716 -9.657454  -0.697776 -0.363109 -0.617463  0.490417 0.809234 1 38 1.000000
0  -11.731911 -38.335743 -9.224595  -0.847265 -0.361683 -0.389008  0.477879 0.901109 1 38 1.000000
0  -12.129609 -37.256920 -9.425332  -0.802937 -0.381249 -0.458193  0.477879 0.809234 1 38 1.000000
v_ic_base
0  -12.061323 -15.116974 -14.411376  -0.527306 -0.811125 0.253031  0.110984 0.926929 1 38 1.000000
0  -12.104305 -15.259025 -14.956311  -0.635422 -0.759438 0.139618  0.107188 0.913136 1 38 1.000000
0  -11.904319 -15.208837 -14.400484  -0.501427 -0.826749 0.255062  0.107323 0.926929 1 38 1.000000
v_ic_base
0  -11.756527 -16.099340 -14.274623  -0.993115 -0.101829 -0.057906  0.090136 0.929003 1 38 1.000000
0  -11.684098 -16.738926 -14.392112  -0.990791 -0.094364 -0.097102  0.068622 0.925719 1 38 1.000000
0  -11.707820 -16.751303 -14.162199  -0.989941 -0.092428 -0.107114  0.067952 0.931929 1 38 1.000000
v_ic_base
0  -7.967111 -36.821484 -6.176160  0.713123 -0.352112 0.606195  0.321565 0.809234 1 38 1.000000
0  -7.923957 -37.953434 -6.884431  0.713121 -0.352116 0.606195  0.310528 0.901109 1 38 1.000000
0  -7.535769 -36.798164 -6.670046  0.713124 -0.352111 0.606195  0.308783 0.809234 1 38 1.000000
v_ic_base
0  -11.009384 -15.133370 -19.074301  0.790305 -0.587602 -0.173613  0.113572 0.796652 1 38 1.000000
0  -10.936331 -15.152805 -18.675970  0.797962 -0.600550 -0.050960  0.112067 0.807665 1 38 1.000000
0  -11.055737 -15.310959 -18.684233  0.798397 -0.600431 -0.045222  0.107212 0.807448 1 38 1.000000
v_ic_base
0  -11.009384 -15.133370 -19.074301  0.996056 -0.030303 0.083397  0.113572 0.796652 1 38 1.000000
0  -11.055737 -15.310959 -18.684233  0.993896 -0.021945 0.108116  0.107212 0.807448 1 38 1.000000
0  -11.048943 -15.811859 -18.848352  0.999880 -0.009084 0.012542  0.090651 0.802373 1 38 1.000000
v_ic_base
0  -11.363523 -15.040343 -14.379548  0.765026 0.027908 -0.643394  0.111008 0.926929 1 38 1.000000
0  -11.513979 -13.528483 -14.492871  0.765026 0.027908 -0.643394  0.162366 0.926929 1 38 1.000000
0  -10.791222 -18.406670 -13.845071  0.765026 0.027908 -0.643394  0.016392 0.938182 1 38 1.000000
v_ic_base
0  -11.407918 -10.612963 -13.763661  0.984004 0.093584 -0.151584  0.279588 0.948758 1 38 1.000000
0  -11.374090 -10.947425 -13.750554  0.987659 0.087211 -0.130089  0.268241 0.948758 1 38 1.000000
0  -11.474418 -11.399919 -14.681187  0.986060 0.080674 -0.145528  0.254824 0.922454 1 38 1.000000
v_ic_base
0  -8.633510 -35.004383 -5.841225  0.344523 0.093794 0.934081  0.254962 0.444868 1 38 1.000000
0  -9.365498 -35.743469 -5.450670  0.391991 0.105802 0.913865  0.231094 0.471390 1 38 1.000000
0  -8.172808 -35.656029 -5.944173  0.354299 0.103661 0.929369  0.231094 0.429209 1 38 1.000000
v_ic_base
0  -11.342325 -11.122657 -13.490191  0.994353 0.084121 -0.064699  0.261869 0.955824 1 38 1.000000
0  -10.672005 -18.812519 -13.186381  0.988601 0.079058 -0.128129  0.001389 0.956039 1 38 1.000000
0  -11.374090 -10.947425 -13.750554  0.987659 0.087211 -0.130089  0.268241 0.948758 1 38 1.000000
v_ic_base
0  -11.009384 -15.133370 -19.074301  0.996056 -0.030303 0.083397  0.113572 0.796652 1 38 1.000000
0  -11.048943 -15.811859 -18.848352  0.999880 -0.009084 0.012542  0.090651 0.802373 1 38 1.000000
0  -11.053558 -16.119598 -19.153475  0.995124 0.060927 -0.077561  0.080810 0.793557 1 38 1.000000
v_ic_base
0  -11.053558 -16.119598 -19.153475  0.995124 0.060927 -0.077561  0.080810 0.793557 1 38 1.000000
0  -11.048943 -15.811859 -18.848352  0.999880 -0.009084 0.012542  0.090651 0.802373 1 38 1.000000
0  -10.874307 -17.546757 -18.762003  0.996721 0.008179 -0.080505  0.052788 0.801695 1 38 1.000000
v_ic_base
0  -11.053558 -16.119598 -19.153475  0.995124 0.060927 -0.077561  0.080810 0.793557 1 38 1.000000
0  -10.874307 -17.546757 -18.762003  0.996721 0.008179 -0.080505  0.052788 0.801695 1 38 1.000000
0  -10.896538 -17.691187 -19.049320  0.990648 0.093972 -0.098924  0.048456 0.793557 1 38 1.000000
v_ic_base
0  -11.607464 -17.915108 -18.785601  -0.988319 -0.104311 -0.111107  0.043107 0.801695 1 38 1.000000
0  -11.636255 -17.630430 -18.796757  -0.979495 -0.106605 -0.170951  0.052764 0.801695 1 38 1.000000
0  -11.559555 -17.763996 -19.079561  -0.971463 -0.107738 -0.211310  0.048432 0.793557 1 38 1.000000
v_ic_base
0  -10.970045 -19.157389 -5.807800  0.125739 -0.979232 0.159040  0.564047 0.947367 1 38 1.000000
0  -11.501687 -19.027302 -4.586479  0.098229 -0.984159 0.147588  0.549549 0.992921 1 38 1.000000
0  -12.378063 -19.285574 -5.872930  0.083270 -0.986456 0.141320  0.603457 0.976484 1 38 1.000000
v_ic_base
0  -10.970045 -19.157389 -5.807800  0.125739 -0.979232 0.159040  0.564047 0.947367 1 38 1.000000
0  -10.259208 -19.091602 -6.052787  0.148198 -0.974529 0.168316  0.549478 0.923763 1 38 1.000000
0  -11.501687 -19.027302 -4.586479  0.098229 -0.984159 0.147588  0.549549 0.992921 1 38 1.000000
v_ic_base
0  -12.424440 -19.395985 -5.909534  0.108866 -0.991372 0.073007  0.650479 0.951004 1 38 1.000000
0  -13.421350 -19.348482 -3.777895  0.114799 -0.990495 0.075762  0.685358 0.992736 1 38 1.000000
0  -13.616920 -19.562126 -6.594281  0.099018 -0.992730 0.068430  0.675310 0.930808 1 38 1.000000
v_ic_base
0  -12.424440 -19.395985 -5.909534  0.108866 -0.991372 0.073007  0.650479 0.951004 1 38 1.000000
0  -11.475738 -19.158783 -4.464922  0.124814 -0.988916 0.080411  0.634875 0.992711 1 38 1.000000
0  -13.421350 -19.348482 -3.777895  0.114799 -0.990495 0.075762  0.685358 0.992736 1 38 1.000000
v_ic_base
0  -23.237118 -21.700951 -5.620231  0.416427 -0.760133 -0.498785  0.939085 0.754498 1 41 1.000000
0  -20.765017 -21.599083 -3.711606  0.416422 -0.760127 -0.498798  0.881031 0.685444 1 41 1.000000
0  -23.539045 -21.913340 -5.548633  0.416427 -0.760133 -0.498785  0.951677 0.755231 1 41 1.000000
v_ic_base
0  -13.518669 -19.215633 -3.928980  -0.855374 -0.508722 0.097664  0.690538 0.989339 1 38 1.000000
0  -13.616920 -19.562126 -6.594281  -0.967262 -0.244651 0.067460  0.675310 0.930809 1 38 1.000000
0  -13.421350 -19.348482 -3.777895  -0.852718 -0.513071 0.098132  0.685358 0.992736 1 38 1.000000
v_ic_base
0  -13.518669 -19.215633 -3.928980  -0.855374 -0.508722 0.097664  0.690538 0.989339 1 38 1.000000
0  -13.640602 -19.461178 -6.587566  -0.970465 -0.232054 0.065941  0.679833 0.930234 1 38 1.000000
0  -13.616920 -19.562126 -6.594281  -0.967262 -0.244651 0.067460  0.675310 0.930809 1 38 1.000000
v_ic_base
0  -13.640602 -19.461178 -6.587566  0.024986 -0.995556 0.090801  0.274550 0.959926 1 38 1.000000
0  -13.518669 -19.215633 -3.928980  0.159956 -0.985003 0.064683  0.208754 0.959123 1 38 1.000000
0  -14.142211 -19.536989 -7.280733  0.094994 -0.992955 0.070828  0.293719 0.976770 1 38 1.000000
v_ic_base
0  -15.028830 -19.468138 -3.739246  0.170106 -0.983492 0.061708  0.211507 0.996692 1 38 1.000000
0  -14.142211 -19.536989 -7.280733  0.094994 -0.992955 0.070828  0.293719 0.976770 1 38 1.000000
0  -13.518669 -19.215633 -3.928980  0.159956 -0.985003 0.064683  0.208754 0.959123 1 38 1.000000
v_ic_base
0  -15.028830 -19.468138 -3.739246  0.170106 -0.983492 0.061708  0.211507 0.996692 1 38 1.000000
0  -14.351246 -19.534319 -6.796180  0.076660 -0.996311 0.038561  0.281802 0.981929 1 38 1.000000
0  -14.142211 -19.536989 -7.280733  0.094994 -0.992955 0.070828  0.293719 0.976770 1 38 1.000000
v_ic_base
0  -9.936867 -14.123466 -7.441524  -0.686674 -0.111774 0.718322  0.946939 0.123733 1 38 1.000000
0  -9.816380 -14.926606 -7.451318  -0.686674 -0.111774 0.718322  0.882151 0.123655 1 38 1.000000
0  -9.731275 -14.817531 -7.352990  -0.686674 -0.111774 0.718322  0.889740 0.114746 1 38 1.000000
v_ic_base
0  -10.078088 -34.509571 -4.822839  0.970829 0.126620 0.203615  0.188053 0.575260 1 38 1.000000
0  -9.960206 -35.079330 -4.992477  0.964558 0.131852 0.228569  0.164740 0.568985 1 38 1.000000
0  -10.014446 -34.618660 -5.029245  0.964579 0.131900 0.228452  0.183624 0.568985 1 38 1.000000
v_ic_base
0  -12.378063 -19.285574 -5.872930  -0.015896 -0.308618 0.951053  0.756767 0.510293 1 38 1.000000
0  -12.424440 -19.395985 -5.909534  -0.183544 -0.133482 0.973907  0.750073 0.512229 1 38 1.000000
0  -10.970045 -19.157389 -5.807800  0.103216 -0.149082 0.983423  0.756767 0.474869 1 38 1.000000
v_ic_base
0  -10.860512 -19.366529 -5.850438  0.194736 -0.092336 0.976500  0.743658 0.473892 1 38 1.000000
0  -10.259208 -19.091602 -6.052787  0.473132 0.049623 0.879593  0.756767 0.455024 1 38 1.000000
0  -10.970045 -19.157389 -5.807800  0.103216 -0.149082 0.983423  0.756767 0.474869 1 38 1.000000
v_ic_base
0  -10.860512 -19.366529 -5.850438  0.194736 -0.092336 0.976500  0.743658 0.473892 1 38 1.000000
0  -10.063851 -19.292711 -6.122988  0.362964 0.026886 0.931415  0.743658 0.447931 1 38 1.000000
0  -10.259208 -19.091602 -6.052787  0.473132 0.049623 0.879593  0.756767 0.455024 1 38 1.000000
v_ic_base
0  -10.063851 -19.292711 -6.122988  0.362964 0.026886 0.931415  0.743658 0.447931 1 38 1.000000
0  -10.338531 -18.321110 -6.081328  0.540207 0.087391 0.836982  0.769072 0.455024 1 38 1.000000
0  -10.259208 -19.091602 -6.052787  0.473132 0.049623 0.879593  0.756767 0.455024 1 38 1.000000
v_ic_base
0  -10.594699 -14.044073 -6.328708  0.348554 0.113722 0.930364  0.877468 0.447320 1 38 1.000000
0  -10.338531 -18.321110 -6.081328  0.540207 0.087391 0.836982  0.769072 0.455024 1 38 1.000000
0  -10.063851 -19.292711 -6.122988  0.362964 0.026886 0.931415  0.743658 0.447931 1 38 1.000000
v_ic_base
0  -10.594699 -14.044073 -6.328708  0.348554 0.113722 0.930364  0.877468 0.447320 1 38 1.000000
0  -10.529111 -16.436796 -6.155185  0.540228 0.087452 0.836962  0.785367 0.455024 1 38 1.000000
0  -10.338531 -18.321110 -6.081328  0.540207 0.087391 0.836982  0.769072 0.455024 1 38 1.000000
v_ic_base
0  -10.740827 -14.329702 -6.239428  0.469486 0.105819 0.876576  0.861260 0.454719 1 38 1.000000
0  -10.529111 -16.436796 -6.155185  0.540228 0.087452 0.836962  0.785367 0.455024 1 38 1.000000
0  -10.594699 -14.044073 -6.328708  0.348554 0.113722 0.930364  0.877468 0.447320 1 38 1.000000
v_ic_ammo
0  -11.837816 -20.193682 -12.671129  0.113766 -0.971247 0.209134  0.705812 0.675411 1 42 1.000000
0  -11.013795 -20.200802 -12.666342  -0.009668 -0.977617 0.210172  0.744208 0.625747 1 42 1.000000
0  -11.316316 -20.106344 -12.060101  0.035470 -0.993111 0.111680  0.767313 0.672931 1 42 1.000000
v_ic_base
0  -14.817775 -14.561947 -7.746260  -0.838896 -0.005744 0.544262  0.877468 0.577118 1 38 1.000000
0  -14.114131 -14.599590 -6.790481  -0.718099 0.086403 0.690556  0.870221 0.545563 1 38 1.000000
0  -14.119678 -14.445110 -6.806549  -0.670498 0.052899 0.740023  0.877468 0.545434 1 38 1.000000
v_ic_base
0  -10.301200 -32.310486 -4.987661  0.063563 -0.058436 -0.996265  0.167555 0.597484 1 38 1.000000
0  -10.458744 -32.582973 -4.981730  0.063469 -0.058381 -0.996275  0.154623 0.615933 1 38 1.000000
0  -10.480853 -32.333580 -4.997801  0.063754 -0.058546 -0.996247  0.167555 0.615933 1 38 1.000000
v_ic_base
0  -11.439253 -16.451996 -15.408161  0.097002 -0.972073 0.213692  0.079013 0.897258 1 40 1.000000
0  -11.581433 -16.596684 -15.732925  0.096981 -0.972005 0.214010  0.071500 0.888239 1 40 1.000000
0  -11.411901 -16.578066 -15.725192  0.096957 -0.971931 0.214358  0.075161 0.888239 1 40 1.000000
v_ic_base
0  -12.854393 -14.575970 -6.057520  -0.077266 0.264560 0.961269  0.861260 0.508154 1 38 1.000000
0  -11.451664 -14.395488 -5.994441  0.075758 0.201038 0.976650  0.861260 0.474563 1 38 1.000000
0  -12.912698 -14.456521 -6.095082  -0.206275 0.154822 0.966168  0.870221 0.509709 1 38 1.000000
v_ic_base
0  -11.465527 -16.429691 -14.879432  0.115266 -0.978428 -0.171442  0.079077 0.912093 1 40 1.000000
0  -11.608787 -16.470613 -15.415894  0.096977 -0.971997 0.214050  0.075859 0.897258 1 40 1.000000
0  -11.439253 -16.451996 -15.408161  0.097002 -0.972073 0.213692  0.079013 0.897258 1 40 1.000000
v_ic_base
0  -19.325329 -13.234641 -6.439377  -0.087291 0.995440 -0.038472  0.805399 0.743625 1 41 1.000000
0  -21.449240 -13.330001 -4.087744  -0.087291 0.995440 -0.038473  0.881015 0.685444 1 41 1.000000
0  -18.149057 -13.064027 -4.693787  -0.087292 0.995440 -0.038473  0.780981 0.685444 1 41 1.000000
v_ic_base
0  -9.642241 -10.349144 -12.103086  0.993983 0.098662 -0.047585  0.053940 0.352720 1 38 1.000000
0  -9.473712 -10.530530 -8.958901  0.987926 0.104410 0.114457  0.119249 0.362822 1 38 1.000000
0  -9.608413 -10.683604 -12.089977  0.993983 0.098662 -0.047586  0.053940 0.362822 1 38 1.000000
v_ic_base
0  -11.376263 -16.507874 -16.670218  0.994035 0.098923 0.045912  0.078635 0.861844 1 40 1.000000
0  -11.417937 -16.264627 -16.286337  0.994123 0.098518 0.044864  0.086365 0.872863 1 40 1.000000
0  -11.398197 -16.461525 -16.291758  0.994118 0.098592 0.044821  0.079701 0.872496 1 40 1.000000
v_ic_base
0  -12.949021 -14.304753 -6.484390  -0.107032 0.993284 -0.043939  0.884551 0.513073 1 38 1.000000
0  -14.119678 -14.445110 -6.806549  -0.107049 0.993283 -0.043926  0.877468 0.545434 1 38 1.000000
0  -12.966613 -14.290880 -6.128007  -0.107043 0.993283 -0.043944  0.877468 0.510960 1 38 1.000000
v_ic_base
0  -13.588826 -19.693794 -6.600828  -0.642347 -0.174169 0.746362  0.743658 0.544822 1 38 1.000000
0  -13.616920 -19.562126 -6.594281  -0.695124 -0.186213 0.694354  0.750073 0.545049 1 38 1.000000
0  -14.286924 -19.810629 -7.540537  -0.819839 -0.103668 0.563132  0.743658 0.577118 1 38 1.000000
v_ic_base
0  -14.142211 -19.536989 -7.280733  -0.814912 -0.111527 0.568753  0.756767 0.567476 1 38 1.000000
0  -14.286924 -19.810629 -7.540537  -0.819839 -0.103668 0.563132  0.743658 0.577118 1 38 1.000000
0  -13.616920 -19.562126 -6.594281  -0.695124 -0.186213 0.694354  0.750073 0.545049 1 38 1.000000
v_ic_base
0  -8.518167 -37.997696 -6.665148  0.083882 -0.996131 0.026219  0.335406 0.919290 1 38 1.000000
0  -7.923957 -37.953434 -6.884431  0.088997 -0.995708 0.025399  0.310528 0.901109 1 38 1.000000
0  -8.170987 -37.966785 -6.601584  0.085837 -0.995966 0.026136  0.319924 0.901109 1 38 1.000000
v_ic_base
0  -14.593253 -14.764745 -7.398660  -0.827683 0.043320 0.559522  0.861260 0.567476 1 38 1.000000
0  -14.114131 -14.599590 -6.790481  -0.718099 0.086403 0.690556  0.870221 0.545563 1 38 1.000000
0  -14.817775 -14.561947 -7.746260  -0.838896 -0.005744 0.544262  0.877468 0.577118 1 38 1.000000
v_ic_base
0  -14.593253 -14.764745 -7.398660  -0.827683 0.043320 0.559522  0.861260 0.567476 1 38 1.000000
0  -14.118911 -14.699948 -6.771716  -0.796006 0.147678 0.586997  0.861260 0.545755 1 38 1.000000
0  -14.114131 -14.599590 -6.790481  -0.718099 0.086403 0.690556  0.870221 0.545563 1 38 1.000000
v_ic_base
0  -14.142211 -19.536989 -7.280733  -0.814912 -0.111527 0.568753  0.756767 0.567476 1 38 1.000000
0  -13.616920 -19.562126 -6.594281  -0.695124 -0.186213 0.694354  0.750073 0.545049 1 38 1.000000
0  -13.640602 -19.461178 -6.587566  -0.778312 -0.221658 0.587450  0.756767 0.545255 1 38 1.000000
v_ic_base
0  -13.805670 -14.421029 -7.027297  -0.107042 0.993284 -0.043910  0.884551 0.541433 1 38 1.000000
0  -14.817775 -14.561947 -7.746260  -0.107073 0.993279 -0.043956  0.877468 0.577118 1 38 1.000000
0  -14.119678 -14.445110 -6.806549  -0.107049 0.993283 -0.043926  0.877468 0.545434 1 38 1.000000
v_ic_base
0  -13.077146 -23.958639 -13.128448  0.980174 0.076779 -0.182656  0.635660 0.035515 1 38 1.000000
0  -13.326556 -19.707806 -12.680011  0.980415 0.076662 -0.181408  0.724067 0.043563 1 38 1.000000
0  -12.845530 -23.952587 -11.885629  0.980102 0.076814 -0.183029  0.646859 0.043563 1 38 1.000000
v_ic_base
0  -11.531206 -37.120655 -6.164824  -0.552009 0.605151 0.573654  0.401667 0.809234 1 38 1.000000
0  -10.428081 -36.672283 -5.895707  -0.257836 0.640604 0.723289  0.379364 0.781546 1 38 1.000000
0  -11.384376 -36.766033 -6.397626  -0.556131 0.604612 0.570231  0.401667 0.781546 1 38 1.000000
v_ic_base
0  -9.973129 -35.395584 -4.749578  -0.068391 0.888889 -0.452988  0.154623 0.597484 1 38 1.000000
0  -10.185863 -35.526417 -4.974182  -0.068330 0.888870 -0.453035  0.141735 0.613800 1 38 1.000000
0  -10.170086 -35.416969 -4.760447  -0.071776 0.889942 -0.450391  0.154623 0.615933 1 38 1.000000
v_ic_base
0  -11.513979 -13.528483 -14.492871  0.891162 0.110287 0.440076  0.162366 0.926929 1 38 1.000000
0  -11.121930 -15.006146 -14.916462  0.955399 0.112796 0.272929  0.112077 0.913136 1 38 1.000000
0  -11.279449 -13.448719 -14.977505  0.957699 0.111941 0.265107  0.164910 0.913136 1 38 1.000000
v_ic_base
0  -9.960206 -35.079330 -4.992477  0.118018 -0.903312 -0.412431  0.180440 0.599618 1 38 1.000000
0  -10.194697 -35.208256 -4.777197  0.118320 -0.903399 -0.412153  0.167555 0.615933 1 38 1.000000
0  -10.234849 -35.107700 -5.007049  0.115243 -0.902502 -0.414982  0.180440 0.613800 1 38 1.000000
v_ic_base
0  -10.084720 -36.476280 -4.327064  -0.069712 -0.193020 0.978715  0.019414 0.590487 1 38 1.000000
0  -10.577868 -35.927254 -4.253913  -0.059412 -0.184087 0.981113  0.058951 0.618481 1 38 1.000000
0  -10.334439 -36.439461 -4.340364  -0.081980 -0.203626 0.975610  0.024276 0.610489 1 38 1.000000
v_ic_base
0  -9.227853 -19.670965 -7.173899  0.530512 -0.724360 0.440296  0.775833 0.032258 1 38 1.000000
0  -9.095726 -19.784914 -7.520566  0.539075 -0.716643 0.442516  0.766874 0.009679 1 38 1.000000
0  -9.034623 -19.660883 -7.396256  0.545777 -0.711863 0.442016  0.775811 0.012895 1 38 1.000000
v_ic_base
0  -7.593703 -37.917763 -6.705426  0.083409 -0.995994 0.032232  0.303810 0.901109 1 38 1.000000
0  -7.983499 -37.968266 -7.257213  0.084575 -0.996046 0.027203  0.294537 0.919290 1 38 1.000000
0  -7.434361 -37.914433 -6.968991  0.081403 -0.996200 0.030973  0.294537 0.901109 1 38 1.000000
v_ic_base
0  -10.199573 -36.774891 -10.522203  0.083887 -0.996130 0.026237  0.141837 0.457828 1 38 1.000000
0  -11.341678 -36.920860 -12.412613  0.083887 -0.996130 0.026234  0.188226 0.427545 1 38 1.000000
0  -10.173114 -36.835186 -12.896132  0.083887 -0.996130 0.026233  0.201738 0.455602 1 38 1.000000
v_ic_base
0  -11.201127 -36.848320 -10.107789  0.083888 -0.996130 0.026235  0.130256 0.433780 1 38 1.000000
0  -11.919340 -36.887859 -9.312476  0.083872 -0.996131 0.026234  0.109389 0.417139 1 38 1.000000
0  -12.179655 -36.966988 -11.484681  0.083885 -0.996130 0.026235  0.163879 0.408129 1 38 1.000000
v_ic_base
0  -12.211962 -36.885666 -8.293788  0.083884 -0.996130 0.026233  0.083367 0.411200 1 38 1.000000
0  -12.179655 -36.966988 -11.484681  0.083885 -0.996130 0.026235  0.163879 0.408129 1 38 1.000000
0  -11.919340 -36.887859 -9.312476  0.083872 -0.996131 0.026234  0.109389 0.417139 1 38 1.000000
v_ic_base
0  -12.211962 -36.885666 -8.293788  0.083884 -0.996130 0.026233  0.083367 0.411200 1 38 1.000000
0  -12.618212 -36.920815 -8.329387  0.083886 -0.996130 0.026233  0.083807 0.401200 1 38 1.000000
0  -12.179655 -36.966988 -11.484681  0.083885 -0.996130 0.026235  0.163879 0.408129 1 38 1.000000
v_ic_base
0  -11.652623 -36.781235 -6.117032  -0.355636 -0.786889 0.504309  0.029099 0.427545 1 38 1.000000
0  -10.561276 -36.611729 -5.462503  -0.101370 -0.767166 0.633388  0.009918 0.454708 1 38 1.000000
0  -11.700071 -36.723370 -6.060207  -0.346975 -0.786408 0.511049  0.024205 0.425038 1 38 1.000000
v_ic_base
0  -7.208680 -36.836731 -9.205398  0.639176 0.700765 -0.316831  0.261749 0.809234 1 38 1.000000
0  -8.156753 -36.588364 -9.971725  0.439981 0.659959 -0.608991  0.225643 0.781546 1 38 1.000000
0  -7.520095 -36.512203 -9.115859  0.635015 0.699690 -0.327399  0.261749 0.781546 1 38 1.000000
v_ic_base
0  -10.018576 -24.405138 -13.735767  0.012555 0.909534 -0.415440  0.117851 0.122657 1 39 1.000000
0  -11.483727 -24.354673 -13.408362  -0.149855 0.894376 -0.421468  0.124583 0.099722 1 39 1.000000
0  -10.112978 -24.226942 -13.348494  0.018514 0.909998 -0.414200  0.124583 0.122657 1 39 1.000000
v_ic_base
0  -11.988210 -10.157525 -6.675058  -0.039000 0.943678 0.328559  0.169769 0.346624 1 38 1.000000
0  -11.181894 -9.945061 -7.971590  0.028735 0.991434 0.127412  0.142034 0.341039 2 38 0.750000 44 0.250000
0  -12.056526 -10.025463 -7.599136  -0.069504 0.986815 0.146167  0.150651 0.341039 2 38 0.750000 44 0.250000
v_ic_base
0  -9.902507 -38.197811 -9.836946  0.083886 -0.996130 0.026237  0.535463 0.919290 1 38 1.000000
0  -11.013698 -38.296207 -10.019905  0.078484 -0.996564 0.026478  0.516893 0.901109 1 38 1.000000
0  -10.012144 -38.222778 -10.434323  0.083886 -0.996130 0.026237  0.535463 0.901109 1 38 1.000000
v_ic_ammo
0  -10.831074 -21.068064 -11.449040  0.604524 0.316885 0.730845  0.308690 0.195457 1 42 1.000000
0  -11.632491 -21.770542 -11.102523  0.210358 0.228857 0.950460  0.240009 0.085588 1 42 1.000000
0  -10.924389 -21.724426 -11.272369  0.213322 0.225541 0.950592  0.240010 0.177763 1 42 1.000000
v_ic_base
0  -7.329167 -36.468731 -8.075560  0.083888 -0.996130 0.026240  0.083367 0.531146 1 38 1.000000
0  -7.046824 -36.528698 -11.255278  0.083885 -0.996130 0.026237  0.163879 0.534217 1 38 1.000000
0  -6.921198 -36.434353 -8.074766  0.083889 -0.996130 0.026237  0.083807 0.541147 1 38 1.000000
v_ic_base
0  -7.329167 -36.468731 -8.075560  0.083888 -0.996130 0.026240  0.083367 0.531146 1 38 1.000000
0  -7.520095 -36.512203 -9.115859  0.083876 -0.996131 0.026237  0.109389 0.525207 1 38 1.000000
0  -7.046824 -36.528698 -11.255278  0.083885 -0.996130 0.026237  0.163879 0.534217 1 38 1.000000
v_ic_base
0  -7.520095 -36.512203 -9.115859  0.083876 -0.996131 0.026237  0.109389 0.525207 1 38 1.000000
0  -7.789649 -36.617554 -12.253860  0.083886 -0.996130 0.026236  0.188226 0.514800 1 38 1.000000
0  -7.046824 -36.528698 -11.255278  0.083885 -0.996130 0.026237  0.163879 0.534217 1 38 1.000000
v_ic_base
0  -7.520095 -36.512203 -9.115859  0.083876 -0.996131 0.026237  0.109389 0.525207 1 38 1.000000
0  -8.156753 -36.588364 -9.971725  0.083890 -0.996130 0.026235  0.130256 0.508565 1 38 1.000000
0  -7.789649 -36.617554 -12.253860  0.083886 -0.996130 0.026236  0.188226 0.514800 1 38 1.000000
v_ic_base
0  -14.815177 -10.528080 -8.162326  -0.457498 0.880200 0.126268  0.141356 0.346622 1 38 1.000000
0  -15.336030 -10.836131 -9.237863  -0.598174 0.800988 -0.024603  0.119233 0.352720 1 38 1.000000
0  -15.107772 -10.756846 -8.002189  -0.549030 0.818987 0.166812  0.144840 0.352720 1 38 1.000000
v_ic_base
0  -10.120918 -13.058164 -7.148913  0.741496 0.107177 0.662341  0.798860 0.484087 1 38 1.000000
0  -10.340004 -12.516199 -6.991344  0.732700 0.106635 0.672146  0.833261 0.496479 1 38 1.000000
0  -10.265914 -13.248782 -6.953803  0.741679 0.116167 0.660619  0.788750 0.495490 1 38 1.000000
v_ic_base
0  -7.535769 -36.798164 -6.670046  -0.042198 0.999058 0.010080  0.315368 0.806134 1 38 1.000000
0  -8.125819 -36.829876 -6.012626  -0.042198 0.999058 0.010080  0.324614 0.806122 1 38 1.000000
0  -7.967111 -36.821484 -6.176160  -0.042198 0.999058 0.010080  0.322307 0.806134 1 38 1.000000
v_ic_base
0  -7.535769 -36.798164 -6.670046  0.252385 -0.950684 0.180283  0.315368 0.806134 1 38 1.000000
0  -7.322436 -36.785656 -6.902248  0.252385 -0.950684 0.180283  0.312099 0.806121 1 38 1.000000
0  -8.125819 -36.829876 -6.012626  0.252385 -0.950684 0.180283  0.324614 0.806122 1 38 1.000000
v_ic_base
0  -11.916107 -37.245716 -9.657454  -0.125465 0.990122 -0.062587  0.499103 0.801203 1 38 1.000000
0  -11.326227 -37.212700 -10.314955  -0.125465 0.990122 -0.062587  0.489857 0.801191 1 38 1.000000
0  -11.484763 -37.222404 -10.151340  -0.125465 0.990122 -0.062587  0.492164 0.801203 1 38 1.000000
v_ic_base
0  -11.916107 -37.245716 -9.657454  -0.085030 -0.988302 -0.126607  0.499103 0.801203 1 38 1.000000
0  -12.129609 -37.256920 -9.425332  -0.085030 -0.988302 -0.126607  0.502372 0.801191 1 38 1.000000
0  -11.326227 -37.212700 -10.314955  -0.085030 -0.988302 -0.126607  0.489857 0.801191 1 38 1.000000
v_ic_ammo
0  -12.428549 -21.697664 -12.644799  0.897672 0.011725 0.440507  0.122297 0.688292 1 42 1.000000
0  -12.015403 -20.473185 -13.387269  0.234104 0.226810 0.945385  0.004878 0.563812 1 42 1.000000
0  -12.565299 -20.445999 -12.959080  0.887376 0.201726 0.414573  0.004878 0.688292 1 42 1.000000
v_ic_ammo
0  -12.640260 -21.578773 -12.775608  -0.894487 -0.142345 -0.423829  0.308690 0.688292 1 42 1.000000
0  -12.662359 -20.526062 -12.094006  -0.894166 0.158026 0.418922  0.454380 0.810722 1 42 1.000000
0  -12.669097 -20.714571 -12.985153  -0.897867 -0.092365 -0.430468  0.454380 0.688292 1 42 1.000000
v_ic_base
0  -9.505861 -15.729997 -7.679451  0.846187 0.153462 0.510310  0.942782 0.047405 1 38 1.000000
0  -9.563385 -16.432180 -7.293031  0.713118 0.292251 0.637222  0.886133 0.070734 1 38 1.000000
0  -9.370156 -16.422096 -7.515389  0.715612 0.290857 0.635061  0.886061 0.051327 1 38 1.000000
v_ic_base
0  -11.083430 -16.273195 -5.522507  0.236040 0.939391 0.248655  0.317432 0.757040 1 38 1.000000
0  -10.874019 -16.236883 -5.858481  0.235532 0.939593 0.248376  0.299732 0.752560 1 38 1.000000
0  -11.116147 -16.252878 -5.568188  0.236109 0.939364 0.248693  0.317432 0.752560 1 38 1.000000
v_ic_base
0  -10.286016 -34.647354 -5.043645  -0.991501 -0.103955 0.078230  0.183613 0.568985 1 38 1.000000
0  -10.228234 -35.225410 -5.223216  -0.955513 -0.084918 0.282461  0.160300 0.562710 1 38 1.000000
0  -10.234849 -35.107700 -5.007049  -0.991389 -0.103728 0.079921  0.164729 0.568985 1 38 1.000000
v_ic_base
0  -10.136618 -35.959728 -3.180273  -0.035006 -0.109516 0.993368  0.058954 0.591626 1 38 1.000000
0  -10.015880 -36.353382 -3.219416  -0.033775 -0.109388 0.993425  0.019414 0.587248 1 38 1.000000
0  -10.060315 -35.953213 -3.176864  -0.034375 -0.110101 0.993326  0.058954 0.586158 1 38 1.000000
v_ic_base
0  -11.728447 -36.504158 -6.073512  -0.653013 -0.038618 0.756361  0.212662 0.352544 1 38 1.000000
0  -12.458230 -36.814060 -7.079405  -0.907979 -0.092738 0.408624  0.223324 0.376805 1 38 1.000000
0  -11.700071 -36.723370 -6.060207  -0.641135 -0.036461 0.766562  0.223324 0.352544 1 38 1.000000
v_ic_base
0  -6.832386 -35.800659 -11.447423  0.990956 0.125374 -0.047828  0.049866 0.378778 1 38 1.000000
0  -6.641985 -36.015728 -8.066263  0.983977 0.134479 0.117064  0.114744 0.390341 1 38 1.000000
0  -6.791454 -36.116863 -11.428229  0.990956 0.125374 -0.047828  0.049866 0.390341 1 38 1.000000
v_ic_base
0  -10.594699 -14.044073 -6.328708  0.994916 0.100251 -0.009558  0.877468 0.447320 1 38 1.000000
0  -10.066157 -19.313002 -6.575863  0.994916 0.100251 -0.009557  0.736377 0.440148 1 38 1.000000
0  -10.597005 -14.064363 -6.781580  0.994916 0.100251 -0.009558  0.884551 0.440148 1 38 1.000000
v_ic_base
0  -10.280541 -36.458912 -13.259503  -0.161089 -0.080562 -0.983646  0.016708 0.390341 1 38 1.000000
0  -11.625647 -36.238327 -12.739063  -0.568696 -0.122977 -0.813303  0.028534 0.378778 1 38 1.000000
0  -10.321473 -36.142712 -13.278697  -0.171357 -0.081780 -0.981809  0.016708 0.378778 1 38 1.000000
v_ic_base
0  -10.218394 -36.559223 -12.992559  -0.171349 -0.081780 -0.981810  0.212732 0.546887 1 38 1.000000
0  -8.896142 -36.667953 -12.921425  0.269813 -0.023501 -0.962626  0.223339 0.515004 1 38 1.000000
0  -10.190017 -36.778435 -12.979253  -0.161086 -0.080563 -0.983647  0.223339 0.546887 1 38 1.000000
v_ic_base
0  -11.400613 -38.280277 -8.178021  0.994097 0.098615 0.045237  0.122855 0.507365 1 38 1.000000
0  -13.811236 -11.505025 -9.878325  0.869156 0.102320 0.483837  0.060421 0.482360 1 38 1.000000
0  -14.011587 -11.495746 -9.180564  0.994144 0.098544 0.044358  0.060421 0.507365 1 38 1.000000
v_ic_base
0  -14.060827 -24.390577 -9.141249  0.005310 0.035519 0.999355  0.121850 0.008729 1 39 1.000000
0  -13.412548 -29.647760 -8.957849  -0.001784 0.034643 0.999398  0.015834 0.005213 1 39 1.000000
0  -13.901505 -24.434631 -9.140559  0.005494 0.035542 0.999353  0.120970 0.005213 1 39 1.000000
v_ic_base
0  -11.391358 -14.117890 -6.056156  0.159316 0.179167 0.970833  0.877468 0.472364 1 38 1.000000
0  -12.912698 -14.456521 -6.095082  -0.206275 0.154822 0.966168  0.870221 0.509709 1 38 1.000000
0  -11.451664 -14.395488 -5.994441  0.075758 0.201038 0.976650  0.861260 0.474563 1 38 1.000000
v_ic_base
0  -8.717525 -18.944382 -9.744313  0.064690 -0.034238 -0.997318  0.288509 0.120422 1 38 1.000000
0  -9.425041 -15.276040 -9.916141  0.061587 -0.034844 -0.997493  0.424161 0.118297 1 38 1.000000
0  -9.103213 -15.126907 -9.901537  0.061421 -0.034876 -0.997502  0.431594 0.120422 1 38 1.000000
v_ic_base
0  -11.398038 -16.717283 -14.148069  0.994981 0.099850 -0.006589  0.067954 0.931929 1 38 1.000000
0  -11.464389 -16.075077 -14.435492  0.992735 0.116328 0.030748  0.090138 0.924796 1 38 1.000000
0  -11.472979 -16.068203 -14.261689  0.991521 0.122209 0.044171  0.090138 0.929003 1 38 1.000000
v_ic_base
0  -10.657351 -30.610384 -5.261588  -0.993420 -0.038658 0.107803  0.330014 0.568985 1 38 1.000000
0  -10.573271 -31.280281 -5.021045  -0.995751 -0.092045 0.002633  0.306701 0.575260 1 38 1.000000
0  -10.629884 -30.757208 -4.724167  -0.996301 -0.085932 0.001017  0.324079 0.586929 1 38 1.000000
v_ic_base
0  -10.428081 -36.672283 -5.895707  0.083888 -0.996130 0.026222  0.024898 0.457828 1 38 1.000000
0  -9.269160 -36.563602 -5.474758  0.083887 -0.996130 0.026218  0.015587 0.486744 1 38 1.000000
0  -10.536865 -36.671852 -5.531416  0.083888 -0.996130 0.026219  0.015587 0.455602 1 38 1.000000
v_ic_base
0  -10.454748 -30.063612 -5.292711  0.140270 -0.868320 -0.475757  0.180440 0.599618 1 38 1.000000
0  -10.663608 -30.213413 -5.080886  0.141453 -0.868640 -0.474822  0.167555 0.615933 1 38 1.000000
0  -10.700456 -30.095276 -5.305522  0.136727 -0.867350 -0.478550  0.180440 0.613800 1 38 1.000000
v_ic_base
0  -10.610686 -31.160761 -5.238612  0.068986 -0.834878 0.546095  0.180440 0.613800 1 38 1.000000
0  -10.300654 -31.264433 -5.436277  0.069452 -0.834494 0.546623  0.167555 0.597484 1 38 1.000000
0  -10.361406 -31.129263 -5.225178  0.075056 -0.829821 0.552960  0.180440 0.599618 1 38 1.000000
v_ic_base
0  -10.015880 -36.353382 -3.219416  0.154148 -0.981834 0.110637  0.108366 0.615876 1 38 1.000000
0  -9.664167 -36.277302 -3.278331  0.232147 -0.962032 0.143535  0.110456 0.613907 1 38 1.000000
0  -9.694665 -36.272480 -3.200039  0.232963 -0.960864 0.149898  0.110658 0.616185 1 38 1.000000
v_ic_base
0  -10.287890 -35.925312 -5.207680  -0.983961 0.169173 0.056577  0.130379 0.559512 1 38 1.000000
0  -10.243854 -36.242752 -5.188266  -0.959097 -0.257953 0.116587  0.116291 0.559512 1 38 1.000000
0  -10.233002 -35.897720 -4.335612  -0.869785 0.487664 0.075219  0.130379 0.584391 1 38 1.000000
v_ic_base
0  -10.269394 -35.837154 -5.449800  -0.880689 0.470568 0.054342  0.134451 0.549575 1 38 1.000000
0  -10.287890 -35.925312 -5.207680  -0.983961 0.169173 0.056577  0.130379 0.559512 1 38 1.000000
0  -10.233002 -35.897720 -4.335612  -0.869785 0.487664 0.075219  0.130379 0.584391 1 38 1.000000
v_ic_base
0  -10.269394 -35.837154 -5.449800  -0.880689 0.470568 0.054342  0.134451 0.549575 1 38 1.000000
0  -10.233002 -35.897720 -4.335612  -0.869785 0.487664 0.075219  0.130379 0.584391 1 38 1.000000
0  -10.128292 -35.797958 -4.412594  -0.671474 0.738999 0.054799  0.134451 0.586929 1 38 1.000000
v_ic_base
0  -10.128292 -35.797958 -4.412594  -0.671474 0.738999 0.054799  0.134451 0.586929 1 38 1.000000
0  -10.233002 -35.897720 -4.335612  -0.869785 0.487664 0.075219  0.130379 0.584391 1 38 1.000000
0  -10.219088 -35.893734 -4.228681  -0.704117 0.709729 0.022458  0.130379 0.587432 1 38 1.000000
v_ic_base
0  -10.128292 -35.797958 -4.412594  -0.671474 0.738999 0.054799  0.134451 0.586929 1 38 1.000000
0  -10.219088 -35.893734 -4.228681  -0.704117 0.709729 0.022458  0.130379 0.587432 1 38 1.000000
0  -10.163803 -35.837505 -4.206537  -0.715254 0.698771 0.011393  0.132612 0.588074 1 38 1.000000
v_ic_base
0  -10.163803 -35.837505 -4.206537  -0.715254 0.698771 0.011393  0.132612 0.588074 1 38 1.000000
0  -10.219088 -35.893734 -4.228681  -0.704117 0.709729 0.022458  0.130379 0.587432 1 38 1.000000
0  -10.203435 -35.882023 -3.975172  -0.715342 0.698674 0.011894  0.130542 0.594670 1 38 1.000000
v_ic_base
0  -12.885101 -24.643757 -13.249908  -0.298737 0.876446 -0.377622  0.117851 0.078522 1 39 1.000000
0  -13.668990 -24.484951 -11.930832  -0.500115 0.842284 -0.201101  0.124583 0.056934 1 39 1.000000
0  -12.746496 -24.446161 -12.902127  -0.316821 0.873366 -0.369942  0.124583 0.078522 1 39 1.000000
v_ic_base
0  -18.149057 -13.064027 -4.693787  -0.578668 0.716175 -0.390175  0.780981 0.685444 1 41 1.000000
0  -16.552805 -13.214931 -7.338162  -0.578666 0.716177 -0.390174  0.722867 0.754363 1 41 1.000000
0  -18.207594 -13.269027 -4.983253  -0.578668 0.716175 -0.390175  0.780376 0.697892 1 41 1.000000
v_ic_base
0  -13.616920 -19.562126 -6.594281  -0.695124 -0.186213 0.694354  0.750073 0.545049 1 38 1.000000
0  -12.435765 -19.539518 -5.922288  -0.303389 -0.064031 0.950713  0.743658 0.513098 1 38 1.000000
0  -12.424440 -19.395985 -5.909534  -0.183544 -0.133482 0.973907  0.750073 0.512229 1 38 1.000000
v_ic_ammo
0  -12.445355 -21.982788 -11.578751  -0.156084 -0.833734 0.529647  0.224107 0.828369 1 42 1.000000
0  -11.902812 -21.817001 -11.157919  -0.147079 -0.840869 0.520872  0.240010 0.919001 1 42 1.000000
0  -12.475458 -21.971802 -11.570346  -0.156266 -0.833588 0.529823  0.240010 0.823339 1 42 1.000000
v_ic_base
0  -7.778955 -36.905968 -9.985714  0.755863 -0.183942 -0.628360  0.237621 0.809234 1 38 1.000000
0  -7.969325 -38.036251 -9.883842  0.548909 -0.204412 -0.810503  0.225643 0.901109 1 38 1.000000
0  -7.920838 -36.921917 -10.162756  0.630461 -0.214176 -0.746088  0.225643 0.809234 1 38 1.000000
v_ic_base
0  -9.731275 -14.817531 -7.352990  0.504419 -0.756531 0.416200  0.889715 0.114800 1 38 1.000000
0  -9.587884 -14.919014 -7.711236  0.512499 -0.750270 0.417660  0.881686 0.091160 1 38 1.000000
0  -9.538045 -14.807446 -7.575347  0.521185 -0.743401 0.419191  0.889643 0.095479 1 38 1.000000
v_ic_base
0  -10.841428 -24.901411 -6.017921  -0.111608 0.032208 0.993230  0.562814 0.490771 1 38 1.000000
0  -10.981454 -19.929525 -6.194880  0.160767 0.013019 0.986907  0.714190 0.471390 1 38 1.000000
0  -11.340298 -19.968933 -6.211246  -0.060653 0.096110 0.993521  0.714190 0.490771 1 38 1.000000
v_ic_base
0  -10.841428 -24.901411 -6.017921  -0.111608 0.032208 0.993230  0.562814 0.490771 1 38 1.000000
0  -10.275777 -30.765692 -5.763597  -0.185473 0.027737 0.982258  0.388514 0.490771 1 38 1.000000
0  -10.981454 -19.929525 -6.194880  0.160767 0.013019 0.986907  0.714190 0.471390 1 38 1.000000
v_ic_base
0  -10.981454 -19.929525 -6.194880  0.160767 0.013019 0.986907  0.714190 0.471390 1 38 1.000000
0  -10.275777 -30.765692 -5.763597  -0.185473 0.027737 0.982258  0.388514 0.490771 1 38 1.000000
0  -9.365498 -35.743469 -5.450670  0.039641 0.069911 0.996765  0.231094 0.471390 1 38 1.000000
v_ic_base
0  -9.754951 -35.793224 -5.426808  0.051819 0.072093 0.996051  0.231094 0.490862 1 38 1.000000
0  -9.365498 -35.743469 -5.450670  0.039641 0.069911 0.996765  0.231094 0.471390 1 38 1.000000
0  -10.275777 -30.765692 -5.763597  -0.185473 0.027737 0.982258  0.388514 0.490771 1 38 1.000000
v_ic_base
0  -10.179539 -33.562325 -4.898942  -0.071310 0.856497 -0.511202  0.154623 0.597484 1 38 1.000000
0  -10.382078 -33.708782 -5.116075  -0.071019 0.856397 -0.511410  0.141735 0.613800 1 38 1.000000
0  -10.366000 -33.584782 -4.909312  -0.075022 0.857764 -0.508539  0.154623 0.615933 1 38 1.000000
v_ic_base
0  -12.652642 -24.229856 -12.581909  -0.726214 -0.067506 -0.684146  0.625020 0.168373 1 38 1.000000
0  -12.441940 -36.241768 -11.620326  -0.741774 -0.066435 -0.667351  0.266344 0.205982 1 38 1.000000
0  -13.475061 -24.279799 -11.707109  -0.724989 -0.067588 -0.685436  0.625020 0.205982 1 38 1.000000
v_ic_base
0  -12.435765 -19.539518 -5.922288  0.103172 -0.993576 0.046508  0.743658 0.513098 1 38 1.000000
0  -10.896843 -19.396660 -6.185170  0.111866 -0.991232 0.070317  0.736377 0.473470 1 38 1.000000
0  -10.860512 -19.366529 -5.850438  0.111478 -0.990773 0.077087  0.743658 0.473892 1 38 1.000000
v_ic_base
0  -13.023291 -19.438189 -12.760056  0.107075 -0.993277 0.043991  0.759778 0.039607 1 38 1.000000
0  -13.958419 -19.500687 -11.894424  0.107075 -0.993277 0.043991  0.756573 0.006587 1 38 1.000000
0  -13.130665 -19.450403 -12.774506  0.107075 -0.993277 0.043991  0.766026 0.030629 1 38 1.000000
v_ic_base
0  -12.232774 -13.717856 -18.673534  -0.979161 -0.090251 -0.181928  0.164792 0.810894 1 38 1.000000
0  -11.966991 -15.238531 -19.117979  -0.958908 -0.088848 -0.269448  0.113548 0.796652 1 38 1.000000
0  -12.069826 -15.277282 -18.727671  -0.980531 -0.098410 -0.169927  0.112043 0.807665 1 38 1.000000
v_ic_base
0  -16.796902 -14.580958 -3.947668  0.812819 0.089046 0.575670  0.262222 0.758282 1 41 1.000000
0  -14.799472 -13.940911 -6.939926  0.821980 0.074467 0.564627  0.327177 0.762037 1 41 1.000000
0  -17.005955 -14.052462 -3.734980  0.815711 0.092450 0.571024  0.259337 0.762037 1 41 1.000000
v_ic_base
0  -10.791222 -18.406670 -13.845071  0.067196 -0.152704 -0.985985  0.603067 0.064695 1 38 1.000000
0  -11.707820 -16.751303 -14.162199  0.028156 -0.151056 -0.988124  0.533373 0.029546 1 38 1.000000
0  -11.398038 -16.717283 -14.148069  0.094369 -0.144504 -0.984994  0.533373 0.044053 1 38 1.000000
v_ic_base
0  -13.919508 -20.314644 -7.740591  -0.918611 -0.076917 0.387606  0.714206 0.390142 1 38 1.000000
0  -13.781776 -22.694464 -8.150982  -0.981834 -0.080577 0.171783  0.642185 0.370485 1 38 1.000000
0  -13.692643 -22.664480 -7.690574  -0.887703 -0.065455 0.455740  0.642185 0.390139 1 38 1.000000
v_ic_base
0  -11.680544 -16.195253 -14.475525  -0.468018 -0.131026 -0.873951  0.086937 0.923980 1 40 1.000000
0  -11.684098 -16.738926 -14.392112  -0.469623 -0.130888 -0.873111  0.068622 0.925719 1 38 1.000000
0  -11.747714 -16.106422 -14.452883  -0.467916 -0.131034 -0.874005  0.090122 0.924796 1 38 1.000000
v_ic_base
0  -11.680544 -16.195253 -14.475525  -0.468018 -0.131026 -0.873951  0.086937 0.923980 1 40 1.000000
0  -11.636159 -16.637739 -14.433097  -0.470063 -0.130851 -0.872880  0.071900 0.924604 1 40 1.000000
0  -11.684098 -16.738926 -14.392112  -0.469623 -0.130888 -0.873111  0.068622 0.925719 1 38 1.000000
v_ic_base
0  -11.636159 -16.637739 -14.433097  -0.993517 -0.104048 -0.045810  0.071900 0.924604 1 40 1.000000
0  -11.680544 -16.195253 -14.475525  -0.993481 -0.104518 -0.045519  0.086937 0.923980 1 40 1.000000
0  -11.635061 -16.448309 -14.887164  -0.993429 -0.105177 -0.045123  0.078905 0.912093 1 40 1.000000
v_ic_base
0  -11.635061 -16.448309 -14.887164  -0.993429 -0.105177 -0.045123  0.078905 0.912093 1 40 1.000000
0  -11.680544 -16.195253 -14.475525  -0.993481 -0.104518 -0.045519  0.086937 0.923980 1 40 1.000000
0  -11.633161 -16.246815 -15.403267  -0.993403 -0.105666 -0.044557  0.086413 0.897858 1 40 1.000000
v_ic_base
0  -11.635061 -16.448309 -14.887164  -0.993429 -0.105177 -0.045123  0.078905 0.912093 1 40 1.000000
0  -11.633161 -16.246815 -15.403267  -0.993403 -0.105666 -0.044557  0.086413 0.897858 1 40 1.000000
0  -11.608787 -16.470613 -15.415894  -0.993419 -0.105573 -0.044414  0.078856 0.897258 1 40 1.000000
v_ic_base
0  -11.598233 -16.377882 -15.875977  -0.993405 -0.105437 -0.045053  0.082607 0.884473 1 40 1.000000
0  -11.569894 -16.606619 -15.964819  -0.993388 -0.105350 -0.045631  0.074973 0.881732 1 40 1.000000
0  -11.581433 -16.596684 -15.732925  -0.993458 -0.105250 -0.044309  0.075004 0.888239 1 40 1.000000
v_ic_base
0  -7.262615 -36.431805 -6.886211  0.671756 -0.658801 0.338711  0.053446 0.534217 1 38 1.000000
0  -6.870972 -36.369331 -8.058355  0.772437 -0.625053 0.112473  0.082057 0.545168 1 38 1.000000
0  -7.219437 -36.366726 -6.845265  0.653568 -0.663152 0.364800  0.049952 0.537840 1 38 1.000000
v_ic_ammo
0  -11.784114 -21.738108 -13.139967  0.218383 0.052298 0.974461  0.123556 0.563812 1 42 1.000000
0  -11.324917 -20.364058 -13.256987  -0.565502 0.019925 0.824506  0.004878 0.442542 1 42 1.000000
0  -12.015403 -20.473185 -13.387269  0.234104 0.226810 0.945385  0.004878 0.563812 1 42 1.000000
v_ic_base
0  -11.336526 -16.695940 -17.119608  0.994009 0.098821 0.046694  0.072855 0.849049 1 40 1.000000
0  -11.396312 -16.287279 -16.711750  0.994038 0.098920 0.045868  0.086159 0.860922 1 40 1.000000
0  -11.376263 -16.507874 -16.670218  0.994035 0.098923 0.045912  0.078635 0.861844 1 40 1.000000
v_ic_base
0  -10.780988 -26.173967 -5.678505  0.075694 -0.839087 0.538705  0.167555 0.597484 1 38 1.000000
0  -11.083633 -26.084352 -5.496393  0.075054 -0.839650 0.537917  0.180440 0.613800 1 38 1.000000
0  -11.076468 -26.213789 -5.701743  0.071597 -0.842669 0.533650  0.167555 0.615933 1 38 1.000000
v_ic_base
0  -14.835246 -11.260464 -8.095467  -0.478813 -0.838440 0.260302  0.142249 0.368571 1 38 1.000000
0  -14.313693 -10.964338 -6.971820  -0.306305 -0.812123 0.496621  0.165378 0.362822 1 38 1.000000
0  -15.073944 -11.091307 -7.989079  -0.463308 -0.843208 0.272664  0.144840 0.362822 1 38 1.000000
v_ic_base
0  -11.120016 -25.452824 -5.317309  0.062183 -0.032804 -0.997526  0.154623 0.615933 1 38 1.000000
0  -10.974466 -25.193859 -5.316752  -0.424239 -0.004480 -0.905540  0.167555 0.597484 1 38 1.000000
0  -10.950656 -25.429272 -5.307525  0.062188 -0.032807 -0.997525  0.154623 0.597484 1 38 1.000000
v_ic_base
0  -10.753906 -27.374603 -5.231280  -0.082422 0.836352 -0.541962  0.154623 0.597484 1 38 1.000000
0  -10.937639 -27.527840 -5.439816  -0.081953 0.836201 -0.542265  0.141735 0.613800 1 38 1.000000
0  -10.923266 -27.398157 -5.241063  -0.085238 0.837251 -0.540135  0.154623 0.615933 1 38 1.000000
v_ic_base
0  -10.891200 -25.550699 -5.502850  -0.147960 0.878258 0.454720  0.141735 0.599618 1 38 1.000000
0  -11.151033 -25.476534 -5.730639  -0.146751 0.879041 0.453597  0.154623 0.615933 1 38 1.000000
0  -11.134390 -25.582510 -5.516061  -0.139854 0.883449 0.447167  0.141735 0.613800 1 38 1.000000
v_ic_base
0  -10.953929 -24.464046 -5.745525  -0.082469 0.030706 0.996121  0.154623 0.597484 1 38 1.000000
0  -11.273219 -24.268457 -5.777988  -0.082470 0.030704 0.996121  0.167555 0.615933 1 38 1.000000
0  -11.249410 -24.503868 -5.768762  -0.082475 0.030697 0.996120  0.154623 0.615933 1 38 1.000000
v_ic_base
0  -10.876090 -26.166525 -5.278628  0.062188 -0.032810 -0.997525  0.167555 0.597484 1 38 1.000000
0  -11.021641 -26.425491 -5.279184  0.062183 -0.032807 -0.997525  0.154623 0.615933 1 38 1.000000
0  -11.045451 -26.190077 -5.288413  0.062199 -0.032816 -0.997524  0.167555 0.615933 1 38 1.000000
v_ic_base
0  -11.147407 -23.483940 -5.383772  -0.082418 0.836354 -0.541959  0.154623 0.597484 1 38 1.000000
0  -11.331141 -23.637178 -5.592309  -0.081950 0.836203 -0.542263  0.141735 0.613800 1 38 1.000000
0  -11.316767 -23.507492 -5.393555  -0.085230 0.837256 -0.540129  0.154623 0.615933 1 38 1.000000
v_ic_base
0  -10.954283 -27.421865 -5.654393  -0.146752 0.879041 0.453598  0.154623 0.615933 1 38 1.000000
0  -10.694449 -27.496029 -5.426604  -0.147961 0.878258 0.454720  0.141735 0.599618 1 38 1.000000
0  -10.658802 -27.382044 -5.631155  -0.154032 0.874278 0.460338  0.154623 0.597484 1 38 1.000000
v_ic_base
0  -11.052303 -23.491381 -5.783647  -0.082472 0.030707 0.996120  0.154623 0.597484 1 38 1.000000
0  -11.371594 -23.295792 -5.816111  -0.082472 0.030706 0.996120  0.167555 0.615933 1 38 1.000000
0  -11.347785 -23.531204 -5.806884  -0.082472 0.030703 0.996120  0.154623 0.615933 1 38 1.000000
v_ic_base
0  -10.314081 -31.643627 -5.217991  -0.141493 0.872708 0.467291  0.141735 0.599618 1 38 1.000000
0  -10.582028 -31.560080 -5.455153  -0.140452 0.873378 0.466352  0.154623 0.615933 1 38 1.000000
0  -10.566204 -31.674871 -5.231649  -0.133699 0.877665 0.460248  0.141735 0.613800 1 38 1.000000
v_ic_base
0  -11.135570 -23.134546 -5.597549  0.143095 -0.873157 -0.465963  0.180440 0.599618 1 38 1.000000
0  -11.340576 -23.272083 -5.402782  0.143824 -0.873368 -0.465341  0.167555 0.615933 1 38 1.000000
0  -11.378760 -23.166357 -5.610763  0.139560 -0.872120 -0.468966  0.180440 0.613800 1 38 1.000000
v_ic_base
0  -9.262419 -36.159981 -5.164534  0.151648 -0.898204 0.412593  0.176288 0.390956 1 38 1.000000
0  -9.697915 -36.196175 -5.163866  0.063026 -0.911009 0.407541  0.184796 0.390940 1 38 1.000000
0  -9.295781 -36.282036 -5.417981  0.150424 -0.900306 0.408439  0.177472 0.395357 1 38 1.000000
v_ic_base
0  -10.243854 -36.242752 -5.188266  0.056054 -0.911558 0.407334  0.195488 0.390939 1 38 1.000000
0  -9.295781 -36.282036 -5.417981  0.150424 -0.900306 0.408439  0.177472 0.395357 1 38 1.000000
0  -9.697915 -36.196175 -5.163866  0.063026 -0.911009 0.407541  0.184796 0.390940 1 38 1.000000
v_ic_base
0  -10.243854 -36.242752 -5.188266  0.056054 -0.911558 0.407334  0.195488 0.390939 1 38 1.000000
0  -10.589655 -36.392517 -5.475809  -0.028244 -0.917125 0.397597  0.202811 0.395357 1 38 1.000000
0  -9.295781 -36.282036 -5.417981  0.150424 -0.900306 0.408439  0.177472 0.395357 1 38 1.000000
v_ic_base
0  -10.677236 -36.280788 -5.227768  -0.034036 -0.915688 0.400446  0.203996 0.390956 1 38 1.000000
0  -10.589655 -36.392517 -5.475809  -0.028244 -0.917125 0.397597  0.202811 0.395357 1 38 1.000000
0  -10.243854 -36.242752 -5.188266  0.056054 -0.911558 0.407334  0.195488 0.390939 1 38 1.000000
v_ic_base
0  -10.507565 -30.744400 -4.718611  0.974299 0.098673 0.202496  0.324101 0.586929 1 38 1.000000
0  -10.375103 -31.514444 -5.009422  0.975008 0.095672 0.200515  0.297854 0.575260 1 38 1.000000
0  -10.398753 -31.256842 -5.010901  0.973929 0.087396 0.209342  0.306712 0.575260 1 38 1.000000
v_ic_base
0  -10.470414 -30.447474 -5.045765  0.972204 0.107519 0.207988  0.334454 0.575260 1 38 1.000000
0  -10.507565 -30.744400 -4.718611  0.974299 0.098673 0.202496  0.324101 0.586929 1 38 1.000000
0  -10.410464 -30.578741 -5.248664  0.971610 0.100023 0.214403  0.330025 0.568985 1 38 1.000000
v_ic_base
0  -10.470414 -30.447474 -5.045765  0.972204 0.107519 0.207988  0.334454 0.575260 1 38 1.000000
0  -10.492260 -30.189756 -5.071472  0.973055 0.102003 0.206783  0.343312 0.575260 1 38 1.000000
0  -10.507565 -30.744400 -4.718611  0.974299 0.098673 0.202496  0.324101 0.586929 1 38 1.000000
v_ic_base
0  -10.492260 -30.189756 -5.071472  0.973055 0.102003 0.206783  0.343312 0.575260 1 38 1.000000
0  -10.583776 -29.133951 -5.159531  0.975693 0.099755 0.195119  0.379912 0.575260 1 38 1.000000
0  -10.507565 -30.744400 -4.718611  0.974299 0.098673 0.202496  0.324101 0.586929 1 38 1.000000
v_ic_base
0  -10.492260 -30.189756 -5.071472  0.973055 0.102003 0.206783  0.343312 0.575260 1 38 1.000000
0  -10.561199 -29.387510 -5.144589  0.986952 0.096392 0.128972  0.371054 0.575260 1 38 1.000000
0  -10.583776 -29.133951 -5.159531  0.975693 0.099755 0.195119  0.379912 0.575260 1 38 1.000000
v_ic_base
0  -10.746714 -29.549410 -5.351432  -0.994025 -0.077665 0.076694  0.366614 0.568985 1 38 1.000000
0  -10.663608 -30.213413 -5.080886  -0.996435 -0.084360 -0.000107  0.343301 0.575260 1 38 1.000000
0  -10.731471 -29.411310 -5.154195  -0.996303 -0.085856 -0.003039  0.371043 0.575260 1 38 1.000000
v_ic_base
0  -10.465498 -29.395514 -5.549164  0.968381 0.098812 0.229073  0.371054 0.562710 1 38 1.000000
0  -10.395303 -30.198223 -5.491234  0.970689 0.100943 0.218111  0.343312 0.562710 1 38 1.000000
0  -10.275777 -30.765692 -5.763597  0.969657 0.098798 0.223617  0.324090 0.548422 1 38 1.000000
v_ic_base
0  -10.465498 -29.395514 -5.549164  0.968381 0.098812 0.229073  0.371054 0.562710 1 38 1.000000
0  -10.275777 -30.765692 -5.763597  0.969657 0.098798 0.223617  0.324090 0.548422 1 38 1.000000
0  -10.488353 -29.141827 -5.560917  0.969724 0.099340 0.223084  0.379912 0.562710 1 38 1.000000
v_ic_base
0  -10.560864 -28.363356 -5.592585  0.974542 0.101582 0.199873  0.407654 0.562710 1 38 1.000000
0  -10.488353 -29.141827 -5.560917  0.969724 0.099340 0.223084  0.379912 0.562710 1 38 1.000000
0  -10.275777 -30.765692 -5.763597  0.969657 0.098798 0.223617  0.324090 0.548422 1 38 1.000000
v_ic_base
0  -10.454748 -30.063612 -5.292711  0.969495 0.103047 0.222397  0.347741 0.568985 1 38 1.000000
0  -10.561199 -29.387510 -5.144589  0.986952 0.096392 0.128972  0.371054 0.575260 1 38 1.000000
0  -10.492260 -30.189756 -5.071472  0.973055 0.102003 0.206783  0.343312 0.575260 1 38 1.000000
v_ic_base
0  -25.128555 -14.224643 -5.302755  -0.560636 0.000449 0.828062  0.086918 0.777593 1 41 1.000000
0  -23.887878 -20.861887 -4.525618  -0.555815 -0.022652 0.830998  0.102808 0.641471 1 41 1.000000
0  -24.369404 -14.655188 -4.788583  -0.558280 0.006136 0.829630  0.102808 0.767505 1 41 1.000000
v_ic_base
0  -7.661413 -35.899826 -12.561888  0.136254 0.944438 -0.299119  0.028555 0.378778 1 38 1.000000
0  -8.994237 -35.910175 -12.967421  0.023798 0.914842 -0.403109  0.021833 0.374714 1 38 1.000000
0  -7.692465 -35.829113 -12.348073  0.193959 0.929703 -0.313100  0.032884 0.376334 1 38 1.000000
v_ic_base
0  -10.275777 -30.765692 -5.763597  0.969657 0.098798 0.223617  0.324090 0.548422 1 38 1.000000
0  -10.300654 -31.264433 -5.436277  0.971415 0.094627 0.217713  0.306712 0.562710 1 38 1.000000
0  -10.276961 -31.521406 -5.431061  0.969077 0.098023 0.226453  0.297854 0.562710 1 38 1.000000
v_ic_base
0  -10.275777 -30.765692 -5.763597  0.969657 0.098798 0.223617  0.324090 0.548422 1 38 1.000000
0  -10.276961 -31.521406 -5.431061  0.969077 0.098023 0.226453  0.297854 0.562710 1 38 1.000000
0  -10.202607 -32.316071 -5.402627  0.948507 0.112981 0.295922  0.270112 0.562710 1 38 1.000000
v_ic_base
0  -24.030310 -14.758799 -4.906640  -0.558546 -0.000685 0.829473  0.105700 0.764904 1 41 1.000000
0  -23.276091 -20.463057 -4.453415  -0.554317 -0.020469 0.832054  0.113116 0.648359 1 41 1.000000
0  -23.718758 -14.938457 -4.697001  -0.556611 0.003907 0.830764  0.113116 0.760573 1 41 1.000000
v_ic_base
0  -10.480853 -32.333580 -4.997801  -0.996012 -0.088243 0.013151  0.270101 0.575260 1 38 1.000000
0  -10.566204 -31.674871 -5.231649  -0.993444 -0.084940 0.076515  0.293414 0.568985 1 38 1.000000
0  -10.518885 -32.215931 -5.215831  -0.993405 -0.084314 0.077697  0.274530 0.568985 1 38 1.000000
v_ic_base
0  -10.507565 -30.744400 -4.718611  0.974299 0.098673 0.202496  0.324101 0.586929 1 38 1.000000
0  -10.301200 -32.310486 -4.987661  0.980555 0.102277 0.167484  0.270112 0.575260 1 38 1.000000
0  -10.375103 -31.514444 -5.009422  0.975008 0.095672 0.200515  0.297854 0.575260 1 38 1.000000
v_ic_base
0  -10.203589 -33.324371 -4.916981  0.986911 0.107156 0.120517  0.233511 0.575260 1 38 1.000000
0  -10.301200 -32.310486 -4.987661  0.980555 0.102277 0.167484  0.270112 0.575260 1 38 1.000000
0  -10.507565 -30.744400 -4.718611  0.974299 0.098673 0.202496  0.324101 0.586929 1 38 1.000000
v_ic_base
0  -10.203589 -33.324371 -4.916981  0.986911 0.107156 0.120517  0.233511 0.575260 1 38 1.000000
0  -10.507565 -30.744400 -4.718611  0.974299 0.098673 0.202496  0.324101 0.586929 1 38 1.000000
0  -9.997663 -35.786804 -4.406756  0.968137 0.133588 0.211812  0.134490 0.586929 1 38 1.000000
v_ic_base
0  -10.203589 -33.324371 -4.916981  0.986911 0.107156 0.120517  0.233511 0.575260 1 38 1.000000
0  -9.997663 -35.786804 -4.406756  0.968137 0.133588 0.211812  0.134490 0.586929 1 38 1.000000
0  -10.179539 -33.562325 -4.898942  0.981037 0.112726 0.157670  0.224653 0.575260 1 38 1.000000
v_ic_base
0  -10.102962 -34.285839 -4.841333  0.975944 0.118163 0.183221  0.196911 0.575260 1 38 1.000000
0  -10.179539 -33.562325 -4.898942  0.981037 0.112726 0.157670  0.224653 0.575260 1 38 1.000000
0  -9.997663 -35.786804 -4.406756  0.968137 0.133588 0.211812  0.134490 0.586929 1 38 1.000000
v_ic_base
0  -10.293618 -34.307858 -4.851883  -0.993172 -0.094248 0.068751  0.196900 0.575260 1 38 1.000000
0  -10.382078 -33.708782 -5.116075  -0.992579 -0.093073 0.078265  0.220213 0.568985 1 38 1.000000
0  -10.332987 -34.200523 -5.078795  -0.992475 -0.093036 0.079611  0.201329 0.568985 1 38 1.000000
v_ic_base
0  -9.781600 -36.468086 -4.984968  0.973431 -0.084190 0.212943  0.104515 0.564319 1 38 1.000000
0  -9.875180 -35.867165 -4.319604  0.985286 0.002153 0.170900  0.130412 0.584391 1 38 1.000000
0  -9.855965 -36.459606 -4.425309  0.991267 0.008674 0.131582  0.104515 0.580425 1 38 1.000000
v_ic_base
0  -10.079165 -33.566936 -5.320845  0.942242 0.120033 0.312684  0.224653 0.562710 1 38 1.000000
0  -10.001487 -34.289906 -5.267799  0.952244 0.123053 0.279444  0.196911 0.562710 1 38 1.000000
0  -9.754951 -35.793224 -5.426808  0.960431 0.136144 0.242974  0.134484 0.549575 1 38 1.000000
v_ic_base
0  -10.079165 -33.566936 -5.320845  0.942242 0.120033 0.312684  0.224653 0.562710 1 38 1.000000
0  -9.754951 -35.793224 -5.426808  0.960431 0.136144 0.242974  0.134484 0.549575 1 38 1.000000
0  -10.103574 -33.329170 -5.337387  0.931287 0.114569 0.345801  0.233511 0.562710 1 38 1.000000
v_ic_base
0  -10.178886 -32.565357 -5.387350  0.914970 0.111972 0.387676  0.261253 0.562710 1 38 1.000000
0  -10.103574 -33.329170 -5.337387  0.931287 0.114569 0.345801  0.233511 0.562710 1 38 1.000000
0  -9.754951 -35.793224 -5.426808  0.960431 0.136144 0.242974  0.134484 0.549575 1 38 1.000000
v_ic_base
0  -12.262483 -23.914688 -13.560490  -0.083126 0.996536 -0.002499  0.635660 0.054086 1 38 1.000000
0  -9.922563 -23.686024 -12.376932  -0.114151 0.993369 0.013701  0.646859 0.089754 1 38 1.000000
0  -11.045712 -23.791382 -13.738043  -0.112826 0.993483 0.016199  0.635660 0.079412 1 38 1.000000
v_ic_base
0  -10.388706 -33.346970 -4.927295  -0.994952 -0.090878 0.042565  0.233500 0.575260 1 38 1.000000
0  -10.474809 -32.714142 -5.185626  -0.993245 -0.085373 0.078582  0.256813 0.568985 1 38 1.000000
0  -10.427321 -33.233715 -5.150319  -0.993177 -0.085367 0.079453  0.237930 0.568985 1 38 1.000000
v_ic_base
0  -10.203589 -33.324371 -4.916981  0.904971 0.057776 -0.421531  0.233511 0.575260 1 38 1.000000
0  -10.277790 -32.559994 -4.971581  0.904971 0.057776 -0.421531  0.261253 0.575260 1 38 1.000000
0  -10.301200 -32.310486 -4.987661  0.904971 0.057776 -0.421531  0.270112 0.575260 1 38 1.000000
v_ic_base
0  -11.053558 -16.119598 -19.153475  0.044218 0.012235 -0.998947  0.134382 0.709056 1 38 1.000000
0  -11.966991 -15.238531 -19.117979  0.035906 0.086563 -0.995599  0.120346 0.700237 1 38 1.000000
0  -11.009384 -15.133370 -19.074301  0.035898 0.086635 -0.995593  0.134382 0.700237 1 38 1.000000
v_ic_base
0  -9.967101 -36.411263 -3.851039  0.176794 -0.978122 0.109643  0.076956 0.606087 1 38 1.000000
0  -10.042122 -36.440075 -4.067149  0.079923 -0.991317 0.104416  0.071761 0.598744 1 38 1.000000
0  -9.945606 -36.431843 -4.062836  0.079888 -0.991317 0.104442  0.076638 0.598744 1 38 1.000000
v_ic_base
0  -13.972919 -19.786549 -7.761292  0.107073 -0.993279 0.043952  0.736377 0.580678 1 38 1.000000
0  -13.588826 -19.693794 -6.600828  0.107066 -0.993281 0.043930  0.743658 0.544823 1 38 1.000000
0  -14.286924 -19.810629 -7.540537  0.107072 -0.993279 0.043953  0.743658 0.577118 1 38 1.000000
v_ic_base
0  -12.456931 -37.254475 -8.285844  -0.832428 0.551824 -0.050545  0.459248 0.809234 1 38 1.000000
0  -12.021035 -36.842194 -7.253492  -0.764903 0.573529 0.293237  0.439038 0.781546 1 38 1.000000
0  -12.211962 -36.885666 -8.293788  -0.832211 0.551548 -0.056749  0.459248 0.781546 1 38 1.000000
v_ic_base
0  -11.187020 -24.895687 -5.046668  -0.050148 0.042135 0.997853  0.537903 0.592224 1 38 1.000000
0  -11.270465 -22.868189 -5.120131  -0.066332 0.197826 0.977990  0.613585 0.586929 1 38 1.000000
0  -11.390745 -22.881399 -5.125617  -0.066201 0.196523 0.978262  0.613355 0.592224 1 38 1.000000
v_ic_base
0  -11.048943 -15.811859 -18.848352  -0.029544 -0.141924 0.989436  0.280303 0.702267 1 38 1.000000
0  -11.636255 -17.630430 -18.796757  -0.050407 0.044586 0.997733  0.265739 0.710141 1 38 1.000000
0  -10.874307 -17.546757 -18.762003  -0.050409 0.044586 0.997733  0.280303 0.710141 1 38 1.000000
v_ic_base
0  -11.430086 -13.338130 -14.988724  -0.115076 0.979689 0.164217  0.134382 0.653907 1 38 1.000000
0  -12.211782 -13.605114 -14.524698  -0.117957 0.933568 0.338435  0.120346 0.649510 1 38 1.000000
0  -11.513979 -13.528483 -14.492871  -0.117959 0.933569 0.338430  0.134382 0.649510 1 38 1.000000
v_ic_base
0  -10.873015 -17.624701 -18.613619  -0.117393 0.953051 0.279128  0.280303 0.712914 1 38 1.000000
0  -11.807920 -18.135077 -13.866551  -0.112571 0.990063 0.084276  0.265739 0.757488 1 38 1.000000
0  -11.045972 -18.051401 -13.831797  -0.112571 0.990063 0.084276  0.280303 0.757488 1 38 1.000000
v_ic_base
0  -11.087951 -23.605366 -5.579095  -0.147966 0.878256 0.454721  0.141735 0.599618 1 38 1.000000
0  -11.347785 -23.531204 -5.806884  -0.146758 0.879039 0.453599  0.154623 0.615933 1 38 1.000000
0  -11.331141 -23.637178 -5.592309  -0.139863 0.883446 0.447172  0.141735 0.613800 1 38 1.000000
v_ic_base
0  -11.298328 -13.313547 -16.532391  -0.107395 0.993510 -0.037469  0.134382 0.666526 1 38 1.000000
0  -12.107009 -13.573745 -18.664177  -0.090808 0.950429 -0.297387  0.120346 0.685187 1 38 1.000000
0  -12.282842 -13.421663 -16.577297  -0.107394 0.993509 -0.037497  0.120346 0.666526 1 38 1.000000
v_ic_base
0  -10.879363 -25.201303 -5.716628  0.075695 -0.839088 0.538703  0.167555 0.597484 1 38 1.000000
0  -11.182009 -25.111687 -5.534516  0.075054 -0.839651 0.537916  0.180440 0.613800 1 38 1.000000
0  -11.174844 -25.241123 -5.739864  0.071595 -0.842665 0.533657  0.167555 0.615933 1 38 1.000000
v_ic_base
0  -11.037193 -24.107210 -5.559426  0.143086 -0.873154 -0.465970  0.180440 0.599618 1 38 1.000000
0  -11.242201 -24.244747 -5.364659  0.143814 -0.873365 -0.465351  0.167555 0.615933 1 38 1.000000
0  -11.280384 -24.139021 -5.572639  0.139558 -0.872123 -0.468961  0.180440 0.613800 1 38 1.000000
v_ic_base
0  -10.777716 -27.139189 -5.240506  0.062184 -0.032805 -0.997525  0.167555 0.597484 1 38 1.000000
0  -10.923266 -27.398157 -5.241063  0.062184 -0.032805 -0.997525  0.154623 0.615933 1 38 1.000000
0  -10.947075 -27.162745 -5.250289  0.062183 -0.032804 -0.997526  0.167555 0.615933 1 38 1.000000
v_ic_base
0  -13.958419 -19.500687 -11.894424  -0.987204 -0.109724 -0.115710  0.759437 0.205982 1 38 1.000000
0  -15.200900 -11.376721 -9.243348  -0.984628 -0.105054 -0.139537  0.989414 0.322860 1 38 1.000000
0  -14.771482 -11.461688 -12.209510  -0.984628 -0.105054 -0.139537  0.989414 0.205982 1 38 1.000000
v_ic_base
0  -11.249410 -24.503868 -5.768762  -0.146748 0.879043 0.453594  0.154623 0.615933 1 38 1.000000
0  -10.989575 -24.578033 -5.540973  -0.147957 0.878259 0.454719  0.141735 0.599618 1 38 1.000000
0  -10.953929 -24.464046 -5.745525  -0.154027 0.874272 0.460353  0.154623 0.597484 1 38 1.000000
v_ic_base
0  -10.757178 -26.409378 -5.669279  -0.082474 0.030703 0.996120  0.154623 0.597484 1 38 1.000000
0  -11.076468 -26.213789 -5.701743  -0.082472 0.030706 0.996120  0.167555 0.615933 1 38 1.000000
0  -11.052659 -26.449200 -5.692514  -0.082466 0.030711 0.996121  0.154623 0.615933 1 38 1.000000
v_ic_base
0  -11.378760 -23.166357 -5.610763  0.075053 -0.839651 0.537915  0.180440 0.613800 1 38 1.000000
0  -11.076114 -23.255972 -5.792876  0.075693 -0.839090 0.538700  0.167555 0.597484 1 38 1.000000
0  -11.135570 -23.134546 -5.597549  0.079749 -0.835509 0.543659  0.180440 0.599618 1 38 1.000000
v_ic_base
0  -9.822657 -10.514630 -7.749555  0.607251 -0.722380 0.330777  0.144856 0.362822 1 38 1.000000
0  -10.798986 -10.777040 -7.003491  0.429545 -0.733265 0.527080  0.161249 0.368571 1 38 1.000000
0  -10.011464 -10.730733 -7.875441  0.619044 -0.711944 0.331542  0.142274 0.368571 1 38 1.000000
v_ic_base
0  -7.027567 -36.246410 -11.317828  0.991142 0.125698 -0.042878  0.212687 0.479737 1 38 1.000000
0  -6.870972 -36.369331 -8.058355  0.983676 0.134575 0.119464  0.223350 0.406163 1 38 1.000000
0  -6.999190 -36.465622 -11.304523  0.991142 0.125698 -0.042878  0.223350 0.479737 1 38 1.000000
v_ic_base
0  -11.049030 -24.456604 -5.345648  -0.082425 0.836365 -0.541941  0.154623 0.597484 1 38 1.000000
0  -11.232765 -24.609842 -5.554186  -0.081954 0.836214 -0.542246  0.141735 0.613800 1 38 1.000000
0  -11.218391 -24.480160 -5.355431  -0.085252 0.837266 -0.540108  0.154623 0.615933 1 38 1.000000
v_ic_base
0  -8.337111 -23.715570 -11.472754  0.776686 0.064811 -0.626545  0.625040 0.205982 1 38 1.000000
0  -7.692465 -35.829113 -12.348073  0.781109 0.086254 -0.618408  0.266364 0.168373 1 38 1.000000
0  -9.105762 -23.840757 -12.429355  0.773828 0.063962 -0.630159  0.625040 0.168373 1 38 1.000000
v_ic_base
0  -10.977739 -24.228638 -5.754754  0.075696 -0.839090 0.538700  0.167555 0.597484 1 38 1.000000
0  -11.280384 -24.139021 -5.572639  0.075056 -0.839654 0.537910  0.180440 0.613800 1 38 1.000000
0  -11.273219 -24.268457 -5.777988  0.071599 -0.842679 0.533635  0.167555 0.615933 1 38 1.000000
v_ic_base
0  -8.337111 -23.715570 -11.472754  0.776686 0.064811 -0.626545  0.625040 0.205982 1 38 1.000000
0  -9.508322 -19.052935 -12.616587  0.804663 0.057559 -0.590935  0.759457 0.168373 1 38 1.000000
0  -8.820469 -18.936457 -11.660069  0.806898 0.058934 -0.587744  0.759457 0.205982 1 38 1.000000
v_ic_base
0  -10.561199 -29.387510 -5.144589  -0.078934 0.818143 -0.569571  0.154623 0.597484 1 38 1.000000
0  -10.746714 -29.549410 -5.351432  -0.078296 0.817925 -0.569973  0.141735 0.613800 1 38 1.000000
0  -10.731471 -29.411310 -5.154195  -0.082523 0.819361 -0.567307  0.154623 0.615933 1 38 1.000000
v_ic_base
0  -10.395303 -30.198223 -5.491234  0.069308 -0.819858 0.568357  0.167555 0.597484 1 38 1.000000
0  -10.700456 -30.095276 -5.305522  0.068625 -0.820459 0.567571  0.180440 0.613800 1 38 1.000000
0  -10.694163 -30.237116 -5.514427  0.063724 -0.824744 0.561905  0.167555 0.615933 1 38 1.000000
v_ic_base
0  -10.679460 -28.113962 -5.202226  0.062319 -0.034104 -0.997473  0.167555 0.597484 1 38 1.000000
0  -10.825473 -28.379332 -5.202276  0.062312 -0.034098 -0.997474  0.154623 0.615933 1 38 1.000000
0  -10.848849 -28.137606 -5.212004  0.062333 -0.034114 -0.997472  0.167555 0.615933 1 38 1.000000
v_ic_base
0  -10.584352 -28.121574 -5.602149  0.074774 -0.835736 0.544017  0.167555 0.597484 1 38 1.000000
0  -10.886915 -28.030153 -5.420120  0.074130 -0.836302 0.543234  0.180440 0.613800 1 38 1.000000
0  -10.879875 -28.161329 -5.625391  0.070542 -0.839433 0.538865  0.167555 0.615933 1 38 1.000000
v_ic_base
0  -11.341678 -36.920860 -12.412613  -0.288752 -0.836052 -0.466519  0.188226 0.427545 1 38 1.000000
0  -12.237984 -36.912956 -11.538664  -0.504284 -0.818728 -0.274557  0.166730 0.404505 1 38 1.000000
0  -11.382706 -36.865875 -12.485752  -0.271114 -0.836281 -0.476583  0.192477 0.425038 1 38 1.000000
v_ic_base
0  -10.950656 -25.429272 -5.307525  -0.082419 0.836357 -0.541953  0.154623 0.597484 1 38 1.000000
0  -11.134390 -25.582510 -5.516061  -0.081951 0.836206 -0.542258  0.141735 0.613800 1 38 1.000000
0  -11.120016 -25.452824 -5.317309  -0.085227 0.837260 -0.540122  0.154623 0.615933 1 38 1.000000
v_ic_base
0  -9.303351 -35.843777 -5.183726  -0.008327 0.937737 0.347247  0.175936 0.378778 1 38 1.000000
0  -9.754951 -35.793224 -5.426808  -0.082172 0.934281 0.346940  0.178063 0.370878 1 38 1.000000
0  -9.736130 -35.878197 -5.183020  -0.074209 0.939893 0.333307  0.178518 0.378060 1 38 1.000000
v_ic_base
0  -9.113049 -36.682114 -10.473643  0.083886 -0.996130 0.026236  0.141837 0.484518 1 38 1.000000
0  -10.173114 -36.835186 -12.896132  0.083887 -0.996130 0.026233  0.201738 0.455602 1 38 1.000000
0  -8.905409 -36.726936 -12.839475  0.083886 -0.996130 0.026234  0.201738 0.486744 1 38 1.000000
v_ic_base
0  -10.488353 -29.141827 -5.560917  0.070497 -0.822094 0.564970  0.167555 0.597484 1 38 1.000000
0  -10.791392 -29.042755 -5.378942  0.069821 -0.822698 0.564175  0.180440 0.613800 1 38 1.000000
0  -10.784904 -29.181129 -5.584240  0.065562 -0.826470 0.559150  0.167555 0.615933 1 38 1.000000
v_ic_base
0  -10.583776 -29.133951 -5.159531  0.064228 -0.053375 -0.996507  0.167555 0.597484 1 38 1.000000
0  -10.731471 -29.411310 -5.154195  0.064001 -0.053253 -0.996528  0.154623 0.615933 1 38 1.000000
0  -10.753784 -29.157764 -5.169271  0.064589 -0.053568 -0.996473  0.167555 0.615933 1 38 1.000000
v_ic_base
0  -15.892101 -13.641531 -11.172136  0.977523 0.071868 -0.198201  0.413325 0.777593 1 41 1.000000
0  -14.567627 -19.940094 -6.863434  0.978153 0.070884 -0.195430  0.331543 0.644193 1 41 1.000000
0  -15.289289 -20.869289 -10.837752  0.978222 0.072352 -0.194542  0.412958 0.630839 1 41 1.000000
v_ic_base
0  -12.179655 -36.966988 -11.484681  -0.545661 -0.808672 -0.219782  0.163879 0.408129 1 38 1.000000
0  -12.685592 -36.865833 -8.318232  -0.627279 -0.777571 0.043641  0.082057 0.397178 1 38 1.000000
0  -12.237984 -36.912956 -11.538664  -0.504284 -0.818728 -0.274557  0.166730 0.404505 1 38 1.000000
v_ic_base
0  -11.502936 -16.515821 -4.985296  -0.264927 0.010998 0.964206  0.437889 0.978750 1 38 1.000000
0  -11.193717 -18.293589 -4.880058  -0.264928 0.010997 0.964206  0.342640 0.972065 1 38 1.000000
0  -11.371002 -16.540712 -4.948762  -0.264927 0.010998 0.964206  0.431378 0.972065 1 38 1.000000
v_ic_base
0  -14.080645 -20.381952 -8.869126  -0.100466 0.026110 0.994598  0.732180 0.333455 1 38 1.000000
0  -12.935200 -36.193657 -8.367050  -0.035851 0.029122 0.998933  0.266551 0.325045 1 38 1.000000
0  -12.783686 -36.108055 -8.364226  -0.035095 0.029177 0.998958  0.277805 0.333455 1 38 1.000000
v_ic_base
0  -10.173779 -10.018378 -7.950620  0.245708 0.956159 0.159332  0.141381 0.346624 1 38 1.000000
0  -10.713516 -10.230803 -6.819173  0.194476 0.906549 0.374631  0.165394 0.352720 1 38 1.000000
0  -9.856483 -10.180169 -7.762664  0.343448 0.915829 0.208089  0.144856 0.352720 1 38 1.000000
v_ic_base
0  -11.474418 -11.399919 -14.681187  -0.053897 0.759874 -0.647833  0.679308 0.130022 1 38 1.000000
0  -12.972207 -10.784748 -13.835012  -0.135791 0.829593 -0.541605  0.635321 0.158744 1 38 1.000000
0  -11.407918 -10.612963 -13.763661  -0.001382 0.842307 -0.538997  0.635321 0.126019 1 38 1.000000
v_ic_base
0  -11.134910 -15.143857 -15.896675  0.779935 -0.622301 0.066653  0.108963 0.885627 1 38 1.000000
0  -10.936331 -15.152805 -18.675970  0.797962 -0.600550 -0.050960  0.112067 0.807665 1 38 1.000000
0  -11.012298 -14.993635 -15.927215  0.780101 -0.622265 0.065032  0.113598 0.884748 1 38 1.000000
v_ic_base
0  -10.173114 -36.835186 -12.896132  -0.034372 -0.828622 -0.558752  0.201738 0.455602 1 38 1.000000
0  -11.382706 -36.865875 -12.485752  -0.271114 -0.836281 -0.476583  0.192477 0.425038 1 38 1.000000
0  -10.190017 -36.778435 -12.979253  -0.030856 -0.828386 -0.559308  0.206765 0.454708 1 38 1.000000
v_ic_base
0  -7.941989 -29.747555 -9.544532  0.457846 -0.888960 -0.011258  0.398650 0.029146 1 39 1.000000
0  -7.524987 -29.529846 -9.776369  0.457923 -0.888923 -0.011082  0.394176 0.042842 1 39 1.000000
0  -7.510726 -29.525398 -9.541841  0.457966 -0.888902 -0.010983  0.394177 0.030183 1 39 1.000000
v_ic_base
0  -9.155970 -34.740238 -6.743855  0.029968 0.964898 0.260911  0.265430 0.449565 1 38 1.000000
0  -9.128265 -35.041790 -5.631812  0.035329 0.964764 0.260735  0.254962 0.461612 1 38 1.000000
0  -8.633510 -35.004383 -5.841225  0.037393 0.964705 0.260666  0.254962 0.444868 1 38 1.000000
v_ic_base
0  -10.063851 -19.292711 -6.122988  0.119937 -0.991483 0.050766  0.743658 0.447931 1 38 1.000000
0  -10.896843 -19.396660 -6.185170  0.111866 -0.991232 0.070317  0.736377 0.473470 1 38 1.000000
0  -10.066157 -19.313002 -6.575863  0.120488 -0.991747 0.043822  0.736377 0.440148 1 38 1.000000
v_ic_base
0  -10.054562 -35.948597 -3.253389  -0.087135 0.994764 0.053402  0.126277 0.615588 1 38 1.000000
0  -9.609854 -35.914928 -3.156721  -0.085088 0.995366 0.044789  0.123900 0.617644 1 38 1.000000
0  -9.571278 -35.908325 -3.231735  -0.084917 0.995416 0.043993  0.124102 0.615395 1 38 1.000000
v_ic_base
0  -10.199573 -36.774891 -10.522203  -0.188576 0.576362 -0.795139  0.188211 0.781546 1 38 1.000000
0  -8.990535 -37.026783 -10.724195  0.157246 0.616639 -0.771382  0.207195 0.809234 1 38 1.000000
0  -10.205904 -37.130562 -10.778513  -0.183492 0.576863 -0.795965  0.188211 0.809234 1 38 1.000000
v_ic_ammo
0  -12.560526 -20.302980 -12.294860  0.905970 -0.042431 -0.421211  0.004878 0.810723 1 42 1.000000
0  -11.768660 -21.340796 -11.404760  0.219090 -0.446732 -0.867427  0.122877 0.931075 1 42 1.000000
0  -12.421673 -21.520845 -11.872561  0.883239 -0.222834 -0.412595  0.122877 0.810723 1 42 1.000000
v_ic_base
0  -9.899056 -35.866409 -4.214357  0.002248 -0.180573 0.983559  0.058954 0.586158 1 38 1.000000
0  -9.638154 -36.380009 -4.309245  0.013848 -0.174852 0.984497  0.024173 0.567379 1 38 1.000000
0  -9.535958 -35.838284 -4.207329  -0.004771 -0.184020 0.982911  0.058951 0.559242 1 38 1.000000
v_ic_base
0  -10.609369 -22.619246 -6.856733  0.256145 -0.860145 0.441067  0.632346 0.457353 1 38 1.000000
0  -9.985063 -22.208511 -6.418301  0.258580 -0.860851 0.438261  0.642166 0.444868 1 38 1.000000
0  -10.443754 -22.249390 -6.224666  0.260733 -0.861465 0.435772  0.642166 0.461612 1 38 1.000000
v_ic_base
0  -10.136618 -35.959728 -3.180273  -0.088216 0.994698 0.052857  0.125975 0.617775 1 38 1.000000
0  -10.619438 -35.997826 -3.278581  -0.087584 0.995157 0.044625  0.124069 0.615395 1 38 1.000000
0  -10.587033 -35.998367 -3.200395  -0.087301 0.995243 0.043243  0.123867 0.617644 1 38 1.000000
v_ic_base
0  -11.218391 -24.480160 -5.355431  -0.994930 -0.100393 0.005990  0.554044 0.575260 1 38 1.000000
0  -11.143826 -25.217415 -5.326534  -0.994929 -0.100378 0.006288  0.526302 0.575260 1 38 1.000000
0  -11.187020 -24.895687 -5.046668  -0.994074 -0.101867 -0.037942  0.537789 0.586929 1 38 1.000000
v_ic_base
0  -9.535958 -35.838284 -4.207329  0.802632 -0.279754 0.526801  0.127619 0.586963 1 38 1.000000
0  -9.602912 -36.379238 -4.392588  0.883889 -0.245687 0.397968  0.107509 0.580864 1 38 1.000000
0  -9.471764 -35.827782 -4.295565  0.791197 -0.283503 0.541879  0.127900 0.584093 1 38 1.000000
v_ic_base
0  -7.195488 -35.155499 -9.368444  0.156942 -0.006469 -0.987587  0.294688 0.275251 1 38 1.000000
0  -8.233828 -23.630634 -9.608954  0.154622 -0.006687 -0.987951  0.625040 0.278015 1 38 1.000000
0  -6.883457 -35.196392 -9.318578  0.156975 -0.006466 -0.987581  0.290482 0.278015 1 38 1.000000
v_ic_base
0  -6.085664 -28.021946 -10.188215  0.773467 0.086371 0.627924  0.301494 0.012399 1 39 1.000000
0  -7.193849 -28.101078 -9.018063  0.696362 0.091326 0.711857  0.341764 0.002734 1 39 1.000000
0  -7.145951 -28.604572 -9.008429  0.715191 0.081414 0.694171  0.341764 0.012399 1 39 1.000000
v_ic_base
0  -10.824368 -16.256031 -5.833111  -0.459440 -0.015452 0.888074  0.294956 0.752560 1 38 1.000000
0  -10.985534 -15.161035 -5.897435  -0.453776 -0.014446 0.890998  0.299732 0.657251 1 38 1.000000
0  -10.874019 -16.236883 -5.858481  -0.459698 -0.015498 0.887940  0.299732 0.752560 1 38 1.000000
v_ic_base
0  -9.395773 -18.057556 -7.233961  0.512450 -0.746840 0.423821  0.881678 0.030540 1 38 1.000000
0  -9.259792 -18.162947 -7.584093  0.520453 -0.740583 0.425047  0.873369 0.007692 1 38 1.000000
0  -9.202543 -18.047474 -7.456319  0.528847 -0.733889 0.426295  0.881589 0.011268 1 38 1.000000
v_ic_base
0  -12.665313 -22.503006 -6.544160  -0.427528 -0.001113 0.904001  0.642185 0.444868 1 38 1.000000
0  -12.172829 -20.060360 -6.249222  -0.236664 -0.017029 0.971442  0.714209 0.471487 1 38 1.000000
0  -13.221408 -20.197805 -6.800878  -0.656714 -0.049328 0.752524  0.714208 0.429335 1 38 1.000000
v_ic_base
0  -10.784524 -38.191216 -6.766440  0.645261 0.032309 -0.763279  0.122855 0.458584 1 38 1.000000
0  -13.880865 -11.450109 -8.467704  0.911819 0.073172 -0.404019  0.060421 0.435233 1 38 1.000000
0  -13.444961 -11.377153 -7.880933  0.646567 0.032483 -0.762165  0.060421 0.458584 1 38 1.000000
v_ic_base
0  -9.423986 -22.531660 -7.765072  0.502527 -0.851194 0.151444  0.632346 0.384751 1 38 1.000000
0  -8.710382 -22.137430 -7.917197  0.502988 -0.849940 0.156860  0.642166 0.370485 1 38 1.000000
0  -8.844916 -22.132017 -7.467149  0.503304 -0.849042 0.160664  0.642166 0.390139 1 38 1.000000
v_ic_base
0  -13.845996 -29.574677 -9.297609  -0.433241 -0.900563 -0.035886  0.016109 0.016847 1 39 1.000000
0  -13.166264 -29.802301 -11.791555  -0.378602 -0.915318 -0.137306  0.008733 0.056934 1 39 1.000000
0  -13.565959 -29.722174 -8.955563  -0.431579 -0.901382 -0.035359  0.008733 0.013907 1 39 1.000000
v_ic_base
0  -14.505946 -20.644865 -6.808395  0.818887 0.107612 0.563776  0.331063 0.630839 1 41 1.000000
0  -16.759630 -20.049992 -3.648449  0.775451 0.069369 0.627586  0.254883 0.644192 1 41 1.000000
0  -16.886772 -20.722698 -3.420279  0.520847 0.059985 0.851540  0.249834 0.630839 1 41 1.000000
v_ic_base
0  -10.940904 -15.129357 -5.874202  0.437053 -0.843926 0.311084  0.299732 0.653614 1 38 1.000000
0  -11.228986 -15.179389 -5.605193  0.437067 -0.843906 0.311119  0.317432 0.657251 1 38 1.000000
0  -10.985534 -15.161035 -5.897435  0.437051 -0.843929 0.311080  0.299732 0.657251 1 38 1.000000
v_ic_base
0  -7.673376 -29.238308 -11.338950  -0.777379 -0.066747 0.625481  0.407334 0.046961 1 39 1.000000
0  -9.000805 -24.140430 -12.444730  -0.621384 -0.046246 0.782140  0.473713 0.025805 1 39 1.000000
0  -8.451860 -29.358719 -12.320925  -0.623144 -0.047260 0.780678  0.407334 0.025805 1 39 1.000000
v_ic_base
0  -10.045985 -36.418003 -3.854565  -0.985213 -0.171323 0.002213  0.106347 0.597674 1 38 1.000000
0  -10.133790 -35.914700 -3.980888  -0.985420 -0.169959 0.007789  0.128860 0.594970 1 38 1.000000
0  -10.042122 -36.440075 -4.067149  -0.985119 -0.171876 -0.000056  0.105611 0.591561 1 38 1.000000
v_ic_base
0  -15.165190 -12.695346 -7.171720  -0.978577 -0.068729 0.194072  0.674436 0.740327 1 41 1.000000
0  -15.932808 -13.120869 -11.193012  -0.978577 -0.068723 0.194071  0.680578 0.865364 1 41 1.000000
0  -15.149468 -12.896445 -7.163656  -0.978577 -0.068729 0.194072  0.680693 0.742866 1 41 1.000000
v_ic_base
0  -13.905224 -24.687468 -12.193374  -0.454347 0.855445 -0.248562  0.117851 0.056934 1 39 1.000000
0  -14.060827 -24.390577 -9.141249  -0.541501 0.833643 -0.108698  0.124583 0.013907 1 39 1.000000
0  -13.668990 -24.484951 -11.930832  -0.500115 0.842284 -0.201101  0.124583 0.056934 1 39 1.000000
v_ic_base
0  -9.423986 -22.531660 -7.765072  0.448659 0.015932 -0.893561  0.632346 0.384751 1 38 1.000000
0  -7.409206 -34.935532 -6.974601  0.447549 0.015716 -0.894121  0.254962 0.390139 1 38 1.000000
0  -8.377989 -34.695267 -7.455229  0.447495 0.015705 -0.894149  0.265430 0.384751 1 38 1.000000
v_ic_base
0  -10.287890 -35.925312 -5.207680  -0.101506 0.932519 0.346561  0.178492 0.378060 1 38 1.000000
0  -10.659372 -35.853954 -5.508497  -0.187655 0.921274 0.340647  0.175364 0.370180 1 38 1.000000
0  -10.718168 -35.964588 -5.246959  -0.188053 0.919014 0.346482  0.175914 0.378778 1 38 1.000000
v_ic_base
0  -11.258478 -38.247913 -7.403583  0.911794 0.073205 -0.404070  0.122855 0.435233 1 38 1.000000
0  -14.011587 -11.495746 -9.180564  0.994144 0.098544 0.044358  0.060421 0.507365 1 38 1.000000
0  -13.880865 -11.450109 -8.467704  0.911819 0.073172 -0.404019  0.060421 0.435233 1 38 1.000000
v_ic_base
0  -8.337111 -23.715570 -11.472754  0.992555 0.107892 -0.056508  0.625040 0.205982 1 38 1.000000
0  -6.920861 -35.196392 -9.706241  0.993153 0.104925 -0.051354  0.290482 0.264571 1 38 1.000000
0  -6.935642 -35.769520 -11.381665  0.992210 0.114926 -0.048067  0.266364 0.205982 1 38 1.000000
v_ic_base
0  -10.840444 -26.052542 -5.483181  0.143087 -0.873156 -0.465967  0.180440 0.599618 1 38 1.000000
0  -11.045451 -26.190077 -5.288413  0.143815 -0.873367 -0.465347  0.167555 0.615933 1 38 1.000000
0  -11.083633 -26.084352 -5.496393  0.139556 -0.872123 -0.468963  0.180440 0.613800 1 38 1.000000
v_ic_base
0  -12.424440 -19.395985 -5.909534  -0.183544 -0.133482 0.973907  0.750073 0.512229 1 38 1.000000
0  -10.860512 -19.366529 -5.850438  0.194736 -0.092336 0.976500  0.743658 0.473892 1 38 1.000000
0  -10.970045 -19.157389 -5.807800  0.103216 -0.149082 0.983423  0.756767 0.474869 1 38 1.000000
v_ic_base
0  -14.346690 -10.629751 -6.984078  -0.418092 0.840129 0.345518  0.165378 0.352720 1 38 1.000000
0  -13.134541 -10.283411 -6.727345  -0.195725 0.926650 0.320955  0.169744 0.346622 1 38 1.000000
0  -14.143474 -10.415662 -7.258143  -0.342262 0.905440 0.251067  0.159612 0.346622 1 38 1.000000
v_ic_base
0  -11.033445 -29.165529 -13.690903  -0.689908 -0.047645 -0.722328  0.132615 0.012399 1 39 1.000000
0  -9.528179 -28.353828 -15.182141  -0.662296 -0.128032 -0.738222  0.163517 0.002734 1 39 1.000000
0  -9.506272 -28.603596 -15.153507  -0.656763 -0.142497 -0.740512  0.163517 0.012399 1 39 1.000000
v_ic_base
0  -23.176338 -17.926821 -3.135332  -0.497286 0.015153 0.867455  0.811549 0.615781 1 41 1.000000
0  -23.016186 -18.361185 -3.079120  -0.201481 0.052292 0.978096  0.822778 0.618883 1 41 1.000000
0  -23.046827 -17.950285 -3.106325  -0.209830 0.049007 0.976509  0.812466 0.618883 1 41 1.000000
v_ic_base
0  -10.361406 -31.129263 -5.225178  0.972068 0.091979 0.215925  0.311141 0.568985 1 38 1.000000
0  -10.507565 -30.744400 -4.718611  0.974299 0.098673 0.202496  0.324101 0.586929 1 38 1.000000
0  -10.398753 -31.256842 -5.010901  0.973929 0.087396 0.209342  0.306712 0.575260 1 38 1.000000
v_ic_base
0  -10.818904 -12.729607 -6.431194  -0.547996 -0.006342 0.836457  0.822016 0.535355 1 38 1.000000
0  -11.093328 -13.164995 -6.614281  -0.547997 -0.006341 0.836456  0.797027 0.550797 1 38 1.000000
0  -10.774989 -13.088050 -6.406018  -0.546083 -0.008065 0.837692  0.798693 0.535355 1 38 1.000000
v_ic_base
0  -7.327588 -28.208736 -11.894494  0.778509 0.086715 -0.621614  0.033500 0.166786 1 39 1.000000
0  -8.704528 -24.254196 -13.067318  0.625241 0.063468 -0.777847  0.117851 0.144202 1 39 1.000000
0  -7.793327 -24.117939 -11.926430  0.773795 0.083195 -0.627949  0.117851 0.166786 1 39 1.000000
v_ic_base
0  -10.027377 -35.922394 -3.689265  -0.005085 -0.150060 0.988664  0.058938 0.586158 1 38 1.000000
0  -9.787146 -36.320179 -3.748405  -0.007887 -0.151711 0.988393  0.024157 0.567379 1 38 1.000000
0  -9.757029 -35.904930 -3.685753  -0.003220 -0.148961 0.988838  0.058935 0.559242 1 38 1.000000
v_ic_base
0  -11.215515 -38.306854 -9.898283  -0.494482 -0.352581 -0.794465  0.507955 0.901109 1 38 1.000000
0  -11.326227 -37.212700 -10.314955  -0.503437 -0.337860 -0.795237  0.516893 0.809234 1 38 1.000000
0  -11.013698 -38.296207 -10.019905  -0.401855 -0.346704 -0.847531  0.516893 0.901109 1 38 1.000000
v_ic_base
0  -10.060315 -35.953213 -3.176864  -0.034375 -0.110101 0.993326  0.058938 0.586158 1 38 1.000000
0  -9.694665 -36.272480 -3.200039  -0.033720 -0.110718 0.993280  0.024157 0.567379 1 38 1.000000
0  -9.609854 -35.914928 -3.156721  -0.034884 -0.112038 0.993091  0.058935 0.559242 1 38 1.000000
v_ic_base
0  -9.902324 -36.454067 -4.066827  0.990406 0.028442 0.135226  0.104515 0.590740 1 38 1.000000
0  -9.899056 -35.866409 -4.214357  0.986628 0.034507 0.159295  0.130412 0.587433 1 38 1.000000
0  -9.942664 -35.859756 -3.963518  0.984705 0.037256 0.170203  0.130575 0.594670 1 38 1.000000
v_ic_base
0  -8.905409 -36.726936 -12.839475  0.083886 -0.996130 0.026234  0.201738 0.486744 1 38 1.000000
0  -8.156753 -36.588364 -9.971725  0.083890 -0.996130 0.026235  0.130256 0.508565 1 38 1.000000
0  -9.113049 -36.682114 -10.473643  0.083886 -0.996130 0.026236  0.141837 0.484518 1 38 1.000000
v_ic_base
0  -11.072841 -24.221195 -5.354875  0.062184 -0.032811 -0.997525  0.167555 0.597484 1 38 1.000000
0  -11.218391 -24.480160 -5.355431  0.062185 -0.032810 -0.997525  0.154623 0.615933 1 38 1.000000
0  -11.242201 -24.244747 -5.364659  0.062183 -0.032811 -0.997525  0.167555 0.615933 1 38 1.000000
v_ic_base
0  -16.830341 -21.444462 -3.391339  -0.814173 -0.086670 -0.574118  0.766227 0.650416 1 41 1.000000
0  -14.465239 -21.165529 -6.787519  -0.814182 -0.086676 -0.574103  0.680709 0.742866 1 41 1.000000
0  -14.449516 -21.366629 -6.779456  -0.814183 -0.086676 -0.574103  0.674453 0.740327 1 41 1.000000
v_ic_base
0  -15.200900 -11.376721 -9.243348  -0.223368 0.973052 -0.057247  0.989425 0.322741 1 38 1.000000
0  -14.632446 -11.420412 -12.204058  -0.275211 0.950448 -0.144593  0.994200 0.205863 1 38 1.000000
0  -14.771482 -11.461688 -12.209510  -0.279693 0.953351 -0.113546  0.989425 0.205863 1 38 1.000000
v_ic_base
0  -14.142211 -19.536989 -7.280733  -0.814912 -0.111527 0.568753  0.756767 0.567476 1 38 1.000000
0  -14.817775 -14.561947 -7.746260  -0.838896 -0.005744 0.544262  0.877468 0.577118 1 38 1.000000
0  -14.286924 -19.810629 -7.540537  -0.819839 -0.103668 0.563132  0.743658 0.577118 1 38 1.000000
v_ic_base
0  -9.855965 -36.459606 -4.425309  0.061824 0.164555 -0.984429  0.104515 0.580425 1 38 1.000000
0  -9.471764 -35.827782 -4.295565  0.050551 0.171307 -0.983920  0.127900 0.584093 1 38 1.000000
0  -9.602912 -36.379238 -4.392588  0.078224 0.154669 -0.984865  0.107509 0.580864 1 38 1.000000
v_ic_base
0  -15.302203 -11.170593 -9.224756  -0.994723 -0.099647 0.024405  0.119233 0.362822 1 38 1.000000
0  -15.107772 -10.756846 -8.002189  -0.910677 -0.076191 0.406032  0.144840 0.352720 1 38 1.000000
0  -15.336030 -10.836131 -9.237863  -0.994701 -0.099603 0.025472  0.119233 0.352720 1 38 1.000000
v_ic_base
0  -10.560864 -28.363356 -5.592585  -0.082557 0.031386 0.996092  0.154623 0.597484 1 38 1.000000
0  -10.879875 -28.161329 -5.625391  -0.081877 0.031455 0.996146  0.167555 0.615933 1 38 1.000000
0  -10.856510 -28.403025 -5.615837  0.125855 0.051279 0.990723  0.154623 0.615933 1 38 1.000000
v_ic_base
0  -13.105865 -11.008079 -6.604885  -0.264923 0.013542 0.964175  0.994616 0.511540 1 38 1.000000
0  -13.805670 -14.421029 -7.027297  -0.672744 -0.028581 0.739323  0.891401 0.550766 1 38 1.000000
0  -12.949021 -14.304753 -6.484390  -0.311777 0.019888 0.949947  0.891437 0.517105 1 38 1.000000
v_ic_ammo
0  -11.844863 -21.625919 -13.353635  -0.211056 -0.211172 -0.954391  0.308690 0.563812 1 42 1.000000
0  -12.669097 -20.714571 -12.985153  -0.897867 -0.092365 -0.430468  0.454380 0.688292 1 42 1.000000
0  -11.932300 -20.748404 -13.559708  -0.222142 -0.180489 -0.958163  0.454380 0.563812 1 42 1.000000
v_ic_ammo
0  -11.917157 -20.324823 -11.557318  -0.238162 0.389913 0.889520  0.454380 0.075409 1 42 1.000000
0  -10.831074 -21.068064 -11.449040  0.604524 0.316885 0.730845  0.308690 0.195457 1 42 1.000000
0  -10.994645 -20.262392 -11.779226  0.573609 0.443110 0.688931  0.454380 0.195457 1 42 1.000000
v_ic_base
0  -9.808665 -10.890682 -11.984032  0.666927 -0.724296 -0.174937  0.056215 0.368571 1 38 1.000000
0  -10.367402 -10.811569 -13.132813  0.518405 -0.721340 -0.459266  0.032895 0.362822 1 38 1.000000
0  -9.608413 -10.683604 -12.089977  0.662689 -0.725531 -0.185600  0.053940 0.362822 1 38 1.000000
v_ic_base
0  -13.321323 -24.192410 -12.833268  -0.555005 -0.368203 -0.745920  0.625070 0.028740 1 38 1.000000
0  -13.566240 -19.943174 -14.077683  -0.697365 -0.238163 -0.675988  0.734911 0.035515 1 38 1.000000
0  -13.077146 -23.958639 -13.128448  -0.517912 -0.403691 -0.754189  0.635660 0.035515 1 38 1.000000
v_ic_base
0  -7.260380 -34.927788 -7.458096  -0.280260 0.002760 0.959920  0.254962 0.370485 1 38 1.000000
0  -9.335094 -22.536873 -8.099463  -0.281511 0.002532 0.959555  0.632346 0.375778 1 38 1.000000
0  -8.297896 -34.692650 -7.761619  -0.280199 0.002771 0.959938  0.265430 0.375778 1 38 1.000000
v_ic_base
0  -9.185751 -14.078547 -9.431206  0.291910 -0.746581 0.597833  0.614502 0.122002 1 38 1.000000
0  -9.517861 -14.354321 -9.613431  0.250338 -0.725266 0.641343  0.600271 0.109319 1 38 1.000000
0  -9.178298 -14.219270 -9.630883  0.332592 -0.764980 0.551532  0.605568 0.105422 1 38 1.000000
v_ic_base
0  -12.551954 -35.631649 -9.608785  -0.975171 -0.087311 -0.203517  0.294669 0.275251 1 38 1.000000
0  -13.445682 -24.311184 -10.182998  -0.982509 -0.085947 -0.165195  0.619268 0.267403 1 38 1.000000
0  -12.486030 -35.628716 -9.924808  -0.975024 -0.087334 -0.204208  0.294669 0.267403 1 38 1.000000
v_ic_base
0  -15.434346 -14.831942 -3.926147  0.921749 0.159878 0.353296  0.702047 0.982332 1 38 1.000000
0  -14.770534 -14.454057 -6.922883  0.962393 0.142681 0.231173  0.681863 0.898434 1 38 1.000000
0  -15.558535 -14.523642 -3.743918  0.930303 0.186131 0.316057  0.708899 0.983389 1 38 1.000000
v_ic_base
0  -9.769386 -36.326412 -3.823258  0.384473 -0.910060 0.154824  0.109474 0.598269 1 38 1.000000
0  -9.974457 -36.402805 -3.763052  0.183197 -0.976849 0.110472  0.106676 0.600211 1 38 1.000000
0  -9.967101 -36.411263 -3.851039  0.176794 -0.978122 0.109643  0.106380 0.597674 1 38 1.000000
v_ic_base
0  -12.551954 -35.631649 -9.608785  -0.327466 0.942957 -0.059981  0.294669 0.275251 1 38 1.000000
0  -12.741087 -35.720158 -9.967755  -0.327601 0.942915 -0.059905  0.290463 0.264571 1 38 1.000000
0  -12.818051 -35.722435 -9.584876  -0.327151 0.943055 -0.060160  0.290463 0.278015 1 38 1.000000
v_ic_base
0  -11.009146 -29.518332 -13.698313  0.012034 -0.923913 -0.382414  0.016109 0.099722 1 39 1.000000
0  -9.567677 -29.558157 -13.239433  0.191904 -0.907609 -0.373389  0.008733 0.122657 1 39 1.000000
0  -10.955891 -29.682287 -13.300272  0.004446 -0.924485 -0.381191  0.008733 0.099722 1 39 1.000000
v_ic_base
0  -17.530291 -12.974277 -3.775539  -0.087292 0.995440 -0.038474  0.768771 0.656492 1 41 1.000000
0  -16.255917 -13.002137 -7.387886  -0.087291 0.995440 -0.038473  0.710155 0.754925 1 41 1.000000
0  -18.149057 -13.064027 -4.693787  -0.087292 0.995440 -0.038473  0.780981 0.685444 1 41 1.000000
v_ic_base
0  -8.905409 -36.726936 -12.839475  0.229541 -0.802071 -0.551356  0.201738 0.486744 1 38 1.000000
0  -10.190017 -36.778435 -12.979253  -0.030856 -0.828386 -0.559308  0.206765 0.454708 1 38 1.000000
0  -8.896142 -36.667953 -12.921425  0.217851 -0.803642 -0.553806  0.206765 0.487639 1 38 1.000000
v_ic_base
0  -10.233002 -35.897720 -4.335612  0.009784 0.161847 -0.986767  0.130379 0.584391 1 38 1.000000
0  -10.361311 -36.443996 -4.426483  -0.002128 0.164578 -0.986362  0.107476 0.580864 1 38 1.000000
0  -10.636701 -35.927250 -4.347643  0.017709 0.160016 -0.986956  0.127867 0.584092 1 38 1.000000
v_ic_base
0  -9.977978 -10.172810 -11.917453  0.295900 0.937842 -0.181373  0.058290 0.346624 1 38 1.000000
0  -10.973981 -10.110254 -12.181036  0.082697 0.969697 -0.229887  0.053861 0.341039 2 38 0.750000 44 0.250000
0  -10.421495 -9.993490 -11.413763  0.250084 0.960300 -0.123616  0.069387 0.341039 2 38 0.750000 44 0.250000
v_ic_base
0  -19.125000 -13.401892 -6.339466  0.485759 0.796679 0.359641  0.798095 0.739947 1 41 1.000000
0  -18.359280 -13.203060 -7.814148  0.485759 0.796678 0.359642  0.769225 0.779114 1 41 1.000000
0  -19.325329 -13.234641 -6.439377  0.485759 0.796679 0.359641  0.805399 0.743625 1 41 1.000000
v_ic_base
0  -7.247813 -36.147518 -6.858571  0.415681 -0.883737 0.214986  0.140532 0.394407 1 38 1.000000
0  -6.641985 -36.015728 -8.066263  0.460761 -0.885051 0.066212  0.114744 0.390341 1 38 1.000000
0  -7.023021 -36.012886 -6.739780  0.417140 -0.883721 0.212204  0.142632 0.390341 1 38 1.000000
v_ic_base
0  -12.255425 -15.130623 -14.968163  -0.647727 -0.753619 0.111839  0.112053 0.913136 1 38 1.000000
0  -12.127077 -15.252813 -15.941930  -0.635508 -0.772077 0.005129  0.108939 0.885627 1 38 1.000000
0  -12.104305 -15.259025 -14.956311  -0.635422 -0.759438 0.139618  0.107188 0.913136 1 38 1.000000
v_ic_base
0  -11.342325 -11.122657 -13.490191  0.525894 0.020077 -0.850313  0.989434 0.127707 1 38 1.000000
0  -9.619085 -19.064669 -12.611938  0.490174 0.041442 -0.870639  0.759457 0.161122 1 38 1.000000
0  -10.672005 -18.812519 -13.186381  0.326683 0.034531 -0.944503  0.770285 0.127707 1 38 1.000000
v_ic_base
0  -11.398197 -16.461525 -16.291758  0.994118 0.098592 0.044821  0.079701 0.872496 1 40 1.000000
0  -11.427181 -16.359098 -15.868175  0.994056 0.099130 0.045011  0.082609 0.884473 1 40 1.000000
0  -11.400360 -16.588001 -15.957087  0.994072 0.099189 0.044514  0.074975 0.881732 1 40 1.000000
v_ic_ammo
0  -12.556446 -22.050663 -11.811670  0.969120 -0.242233 0.046139  0.224107 0.784623 1 42 1.000000
0  -12.428549 -21.697664 -12.644799  0.897672 0.011725 0.440507  0.122522 0.688292 1 42 1.000000
0  -12.421673 -21.520845 -11.872561  0.883239 -0.222834 -0.412595  0.122522 0.810723 1 42 1.000000
v_ic_base
0  -11.474418 -11.399919 -14.681187  0.070485 -0.089207 -0.993516  0.679308 0.130022 1 38 1.000000
0  -12.211782 -13.605114 -14.524698  -0.071772 -0.116391 -0.990607  0.750528 0.150807 1 38 1.000000
0  -12.665792 -11.530751 -14.735528  0.040257 -0.092309 -0.994916  0.679308 0.156091 1 38 1.000000
v_ic_base
0  -6.563794 -27.645348 -14.668734  0.646437 -0.154099 -0.747243  0.212178 0.012399 1 39 1.000000
0  -8.306628 -27.904154 -15.621368  0.490690 -0.317330 -0.811495  0.182723 0.002734 1 39 1.000000
0  -6.544633 -27.417507 -14.700184  0.669649 -0.156532 -0.725994  0.212384 0.002734 1 39 1.000000
v_ic_base
0  -17.533297 -21.266138 -7.311384  0.611009 -0.674827 0.413856  0.765557 0.771914 1 41 1.000000
0  -18.641102 -21.503723 -6.063239  0.611004 -0.674832 0.413855  0.805415 0.743625 1 41 1.000000
0  -17.675053 -21.472141 -7.438010  0.611009 -0.674826 0.413857  0.769241 0.779114 1 41 1.000000
v_ic_base
0  -9.567677 -29.558157 -13.239433  0.044031 -0.976201 0.212353  0.008733 0.122657 1 39 1.000000
0  -8.451860 -29.358719 -12.320925  -0.051467 -0.978743 0.198529  0.003827 0.144202 1 39 1.000000
0  -9.620644 -29.486179 -12.895963  0.039208 -0.976767 0.210686  0.003827 0.122657 1 39 1.000000
v_ic_base
0  -10.049099 -36.409176 -3.766387  -0.053962 -0.155947 0.986290  0.019397 0.590487 1 38 1.000000
0  -10.397845 -35.959652 -3.714391  -0.056709 -0.158024 0.985806  0.058935 0.618481 1 38 1.000000
0  -10.254379 -36.360077 -3.769287  -0.050641 -0.153435 0.986860  0.024259 0.610489 1 38 1.000000
v_ic_base
0  -12.713969 -36.646622 -8.331536  -0.295891 -0.954519 0.036623  0.115333 0.394407 1 38 1.000000
0  -12.751504 -36.502033 -6.995806  -0.268180 -0.947449 0.174411  0.142611 0.390341 1 38 1.000000
0  -13.000119 -36.558643 -8.350431  -0.296213 -0.954628 0.030705  0.114723 0.390341 1 38 1.000000
v_ic_base
0  -10.129607 -35.926460 -3.773682  0.011069 0.156692 -0.987586  0.128091 0.600865 1 38 1.000000
0  -10.263179 -36.368580 -3.845327  0.001494 0.159521 -0.987193  0.109441 0.598269 1 38 1.000000
0  -10.413441 -35.957024 -3.783478  0.017423 0.154805 -0.987791  0.125463 0.600602 1 38 1.000000
v_ic_base
0  -11.573373 -38.326199 -9.488537  0.084356 -0.996230 0.020257  0.485410 0.901109 1 38 1.000000
0  -11.182773 -38.281906 -8.936376  0.083196 -0.996212 0.025280  0.477879 0.919290 1 38 1.000000
0  -11.731911 -38.335743 -9.224595  0.086365 -0.996031 0.021515  0.477879 0.901109 1 38 1.000000
v_ic_base
0  -13.445682 -24.311184 -10.182998  -0.217677 -0.975989 -0.007912  0.619268 0.267403 1 38 1.000000
0  -13.759045 -24.243906 -9.860751  -0.216963 -0.976153 -0.007181  0.625020 0.278015 1 38 1.000000
0  -13.700320 -24.253412 -10.229879  -0.219525 -0.975558 -0.009806  0.625020 0.264571 1 38 1.000000
v_ic_base
0  -12.141658 -19.364731 -13.247762  -0.132168 0.974242 -0.182711  0.763940 0.063918 1 38 1.000000
0  -13.831695 -19.742449 -13.872821  -0.164054 0.973433 -0.159734  0.746501 0.028740 1 38 1.000000
0  -13.023291 -19.438189 -12.760056  -0.174657 0.974680 -0.139618  0.759778 0.039607 1 38 1.000000
v_ic_base
0  -11.196947 -38.213924 -6.309744  -0.507160 -0.243580 0.826715  0.401666 0.901109 1 38 1.000000
0  -11.672922 -37.137913 -6.341787  -0.710539 -0.295287 0.638701  0.414719 0.809234 1 38 1.000000
0  -11.385870 -38.230354 -6.449172  -0.565532 -0.226552 0.793000  0.409901 0.901109 1 38 1.000000
v_ic_base
0  -10.165483 -33.203701 -5.136419  0.128273 -0.876673 -0.463671  0.180440 0.599618 1 38 1.000000
0  -10.388706 -33.346970 -4.927295  0.128861 -0.876854 -0.463164  0.167555 0.615933 1 38 1.000000
0  -10.427321 -33.233715 -5.150319  0.125135 -0.875696 -0.466366  0.180440 0.613800 1 38 1.000000
v_ic_base
0  -8.527777 -23.759914 -9.959062  0.070403 0.031932 0.997007  0.619288 0.267403 1 38 1.000000
0  -6.920861 -35.196392 -9.706241  0.061379 0.030679 0.997643  0.290482 0.264571 1 38 1.000000
0  -8.256499 -23.644388 -9.981956  0.070534 0.031951 0.996998  0.625040 0.264571 1 38 1.000000
v_ic_base
0  -22.495651 -13.718092 -6.873132  -0.437134 0.721756 0.536639  0.896004 0.772108 1 41 1.000000
0  -21.009380 -13.370363 -6.130120  -0.437138 0.721754 0.536640  0.856446 0.743690 1 41 1.000000
0  -22.424940 -13.530726 -7.067534  -0.437133 0.721757 0.536639  0.892463 0.779270 1 41 1.000000
v_ic_base
0  -23.257019 -16.845150 -3.182384  -0.500316 -0.002228 0.865840  0.784291 0.615781 1 41 1.000000
0  -23.100250 -17.308393 -3.133284  -0.223873 0.027499 0.974230  0.796278 0.618883 1 41 1.000000
0  -23.128717 -16.858904 -3.150217  -0.240984 0.021293 0.970296  0.784966 0.618883 1 41 1.000000
v_ic_base
0  -12.935200 -36.193657 -8.367050  -0.440365 0.897815 0.002600  0.115431 0.377720 1 38 1.000000
0  -12.560869 -36.289810 -11.703449  -0.291925 0.947318 -0.131785  0.049845 0.378778 1 38 1.000000
0  -13.041051 -36.242443 -8.369624  -0.418115 0.908197 -0.018948  0.114790 0.378778 1 38 1.000000
v_ic_base
0  -10.332987 -34.200523 -5.078795  -0.992475 -0.093036 0.079611  0.201329 0.568985 1 38 1.000000
0  -10.398754 -33.603870 -5.345380  -0.968457 -0.076928 0.237009  0.224642 0.562710 1 38 1.000000
0  -10.326737 -34.326019 -5.292667  -0.964236 -0.077839 0.253356  0.196900 0.562710 1 38 1.000000
v_ic_base
0  -10.594699 -14.044073 -6.328708  0.348554 0.113722 0.930364  0.877468 0.447320 1 38 1.000000
0  -11.451664 -14.395488 -5.994441  0.075758 0.201038 0.976650  0.861260 0.474563 1 38 1.000000
0  -10.740827 -14.329702 -6.239428  0.469486 0.105819 0.876576  0.861260 0.454719 1 38 1.000000
v_ic_base
0  -10.120918 -13.058164 -7.148913  0.781080 -0.619985 -0.074385  0.798860 0.484087 1 38 1.000000
0  -10.335829 -13.331383 -7.128334  0.783266 -0.619774 -0.048719  0.776173 0.486511 1 38 1.000000
0  -10.180725 -13.105145 -7.320974  0.778227 -0.619764 -0.101269  0.790326 0.469745 1 38 1.000000
v_ic_base
0  -12.266359 -36.693745 -11.551970  -0.261921 -0.956171 -0.130898  0.052117 0.394407 1 38 1.000000
0  -13.000119 -36.558643 -8.350431  -0.296213 -0.954628 0.030705  0.114723 0.390341 1 38 1.000000
0  -12.519937 -36.606010 -11.684258  -0.259322 -0.956030 -0.136963  0.049845 0.390341 1 38 1.000000
v_ic_base
0  -8.125819 -36.829876 -6.012626  0.377767 0.708320 0.596301  0.335406 0.809234 1 38 1.000000
0  -7.621789 -36.466545 -7.056874  0.594532 0.725601 0.346461  0.294537 0.781546 1 38 1.000000
0  -8.340004 -36.506077 -6.261561  0.372485 0.707824 0.600199  0.335406 0.781546 1 38 1.000000
v_ic_ammo
0  -11.932300 -20.748404 -13.559708  -0.222142 -0.180489 -0.958163  0.454380 0.563812 1 42 1.000000
0  -12.647616 -20.351690 -13.062486  -0.889582 -0.044084 -0.454644  0.497289 0.677911 1 42 1.000000
0  -11.961206 -20.386202 -13.596784  -0.226470 -0.117024 -0.966963  0.497289 0.575313 1 42 1.000000
v_ic_base
0  -10.718168 -35.964588 -5.246959  -0.290879 0.020317 0.956544  0.175914 0.378778 1 38 1.000000
0  -10.243854 -36.242752 -5.188266  -0.095009 0.047802 0.994328  0.178838 0.390322 1 38 1.000000
0  -10.287890 -35.925312 -5.207680  -0.095116 0.047618 0.994327  0.178838 0.378705 1 38 1.000000
v_ic_base
0  -9.395773 -18.057556 -7.233961  0.713574 0.290499 0.637512  0.881678 0.030540 1 38 1.000000
0  -9.341815 -17.351965 -7.615880  0.846093 0.153207 0.510543  0.938598 0.007692 1 38 1.000000
0  -9.608776 -17.367397 -7.314373  0.731311 0.146612 0.666100  0.938598 0.034107 1 38 1.000000
v_ic_base
0  -8.506080 -23.746655 -9.650763  0.391521 -0.920104 0.010933  0.619288 0.275251 1 38 1.000000
0  -8.256499 -23.644388 -9.981956  0.391699 -0.920027 0.011089  0.625040 0.264571 1 38 1.000000
0  -8.233828 -23.630634 -9.608954  0.390690 -0.920466 0.010201  0.625040 0.278015 1 38 1.000000
v_ic_base
0  -8.726122 -18.946426 -9.901587  0.200173 0.979474 -0.023712  0.288509 0.108192 1 38 1.000000
0  -9.061384 -18.874704 -9.769092  0.200154 0.979476 -0.023770  0.294112 0.118297 1 38 1.000000
0  -8.717525 -18.944382 -9.744313  0.200180 0.979473 -0.023688  0.288509 0.120422 1 38 1.000000
v_ic_base
0  -6.935642 -35.769520 -11.381665  0.222425 0.968937 -0.108112  0.051298 0.377403 1 38 1.000000
0  -6.682916 -35.699528 -8.085456  0.162853 0.986642 0.003989  0.114810 0.378778 1 38 1.000000
0  -6.832386 -35.800659 -11.447423  0.213541 0.967617 -0.134601  0.049866 0.378778 1 38 1.000000
v_ic_base
0  -9.535958 -35.838284 -4.207329  -0.096636 0.994665 0.036089  0.127619 0.586963 1 38 1.000000
0  -9.875180 -35.867165 -4.319604  -0.080209 0.996680 -0.013965  0.130412 0.584391 1 38 1.000000
0  -9.899056 -35.866409 -4.214357  -0.076733 0.996752 -0.024462  0.130412 0.587433 1 38 1.000000
v_ic_base
0  -10.042122 -36.440075 -4.067149  -0.039494 -0.202871 0.978409  0.105611 0.591561 1 38 1.000000
0  -10.203435 -35.882023 -3.975172  -0.008854 -0.184832 0.982730  0.130542 0.594670 1 38 1.000000
0  -10.078093 -36.469074 -4.074684  -0.048035 -0.194969 0.979632  0.104482 0.590740 1 38 1.000000
v_ic_ammo
0  -11.024556 -20.077219 -13.590278  -0.274835 0.961399 0.013291  0.596875 0.938773 1 42 1.000000
0  -11.934916 -20.245441 -13.494353  -0.066200 0.997802 -0.002899  0.586591 0.866137 1 42 1.000000
0  -11.192410 -20.128469 -13.354161  -0.236941 0.970823 -0.036905  0.611389 0.920489 1 42 1.000000
v_ic_base
0  -23.547609 -20.709187 -4.640356  0.294945 0.063381 0.953410  0.105700 0.644027 1 41 1.000000
0  -24.369404 -14.655188 -4.788583  0.344403 0.069674 0.936233  0.102808 0.767505 1 41 1.000000
0  -23.887878 -20.861887 -4.525618  0.293311 0.063172 0.953928  0.102808 0.641471 1 41 1.000000
v_ic_base
0  -8.865723 -36.338104 -13.196270  0.269820 -0.023501 -0.962624  0.024035 0.415307 1 38 1.000000
0  -10.321473 -36.142712 -13.278697  -0.171357 -0.081780 -0.981809  0.003755 0.405223 1 38 1.000000
0  -8.906654 -36.021904 -13.215463  0.256095 -0.025501 -0.966315  0.024035 0.405223 1 38 1.000000
v_ic_base
0  -13.337366 -30.043089 -9.796771  -0.288832 -0.956261 -0.046278  0.394161 0.030184 1 39 1.000000
0  -12.842858 -30.184168 -9.967915  -0.289886 -0.955769 -0.049724  0.398633 0.043849 1 39 1.000000
0  -12.881796 -30.183796 -9.757447  -0.290599 -0.955428 -0.052060  0.398633 0.029148 1 39 1.000000
v_ic_base
0  -10.946552 -29.604994 -12.954030  0.156442 0.037205 0.986986  0.407334 0.025805 1 39 1.000000
0  -12.670768 -24.482706 -12.605015  0.548770 0.072278 0.832843  0.473713 0.046961 1 39 1.000000
0  -12.166930 -29.691576 -12.483577  0.547489 0.073147 0.833610  0.407334 0.046961 1 39 1.000000
v_ic_base
0  -11.340298 -19.968933 -6.211246  -0.060653 0.096110 0.993521  0.675364 0.588942 1 38 1.000000
0  -11.390745 -22.881399 -5.125617  -0.066201 0.196523 0.978262  0.613581 0.586929 1 38 1.000000
0  -11.270465 -22.868189 -5.120131  -0.066332 0.197826 0.977990  0.613450 0.592174 1 38 1.000000
v_ic_base
0  -9.154128 -38.027393 -5.759264  0.188347 -0.166850 0.967826  0.356946 0.901109 1 38 1.000000
0  -8.125819 -36.829876 -6.012626  0.549509 -0.108814 0.828372  0.335406 0.809234 1 38 1.000000
0  -9.246140 -36.912010 -5.549068  0.179169 -0.167902 0.969385  0.356946 0.809234 1 38 1.000000
v_ic_base
0  -8.345123 -29.424129 -12.614354  -0.034756 -0.977861 0.206348  0.009980 0.144202 1 39 1.000000
0  -7.673376 -29.238308 -11.338950  -0.216812 -0.970643 0.104138  0.003827 0.166786 1 39 1.000000
0  -8.451860 -29.358719 -12.320925  -0.051467 -0.978743 0.198529  0.003827 0.144202 1 39 1.000000
v_ic_base
0  -23.138367 -18.408920 -3.101512  0.241822 -0.938076 0.248063  0.823749 0.615781 1 41 1.000000
0  -22.461180 -18.362968 -3.587911  0.120504 -0.989932 0.074246  0.823662 0.629126 1 41 1.000000
0  -23.016186 -18.361185 -3.079120  0.292629 -0.900244 0.322379  0.822778 0.618883 1 41 1.000000
v_ic_base
0  -5.398387 -27.531540 -11.364637  0.861534 -0.117920 0.493816  0.278346 0.012399 1 39 1.000000
0  -6.106547 -27.799538 -10.193123  0.795146 0.079424 0.601194  0.301494 0.002734 1 39 1.000000
0  -6.085664 -28.021946 -10.188215  0.773467 0.086371 0.627924  0.301494 0.012399 1 39 1.000000
v_ic_base
0  -14.986818 -11.326324 -9.214571  -0.138294 0.024803 0.990081  0.988773 0.333455 1 38 1.000000
0  -14.287762 -20.405180 -8.889482  -0.100961 0.026034 0.994550  0.732180 0.325045 1 38 1.000000
0  -14.080645 -20.381952 -8.869126  -0.100466 0.026110 0.994598  0.732180 0.333455 1 38 1.000000
v_ic_base
0  -9.731275 -14.817531 -7.352990  0.713982 0.288860 0.637800  0.889715 0.114800 1 38 1.000000
0  -9.669907 -14.108030 -7.743022  0.846346 0.152602 0.510304  0.946914 0.091160 1 38 1.000000
0  -9.936867 -14.123466 -7.441524  0.731832 0.146862 0.665473  0.946914 0.117575 1 38 1.000000
v_ic_base
0  -11.244042 -15.164557 -14.917072  0.108408 -0.993973 0.016297  0.280303 0.662531 1 38 1.000000
0  -12.127077 -15.252813 -15.941930  0.107883 -0.993786 0.027399  0.265739 0.670404 1 38 1.000000
0  -11.134910 -15.143857 -15.896675  0.107885 -0.993786 0.027382  0.280303 0.670404 1 38 1.000000
v_ic_base
0  -11.398038 -16.717283 -14.148069  0.110960 -0.992937 -0.041997  0.067954 0.931929 1 38 1.000000
0  -11.684098 -16.738926 -14.392112  0.110959 -0.992937 -0.042003  0.060453 0.925719 1 38 1.000000
0  -11.403069 -16.708063 -14.379293  0.110961 -0.992938 -0.041981  0.068624 0.925719 1 38 1.000000
v_ic_base
0  -10.334439 -36.439461 -4.340364  -0.821707 -0.480544 0.306391  0.107476 0.583995 1 38 1.000000
0  -10.636701 -35.927250 -4.347643  -0.768666 -0.447094 0.457449  0.127867 0.584092 1 38 1.000000
0  -10.361311 -36.443996 -4.426483  -0.827591 -0.484339 0.283739  0.107476 0.580864 1 38 1.000000
v_ic_ammo
0  -10.831074 -21.068064 -11.449040  0.604524 0.316885 0.730845  0.308690 0.195457 1 42 1.000000
0  -10.589494 -20.385784 -12.592629  0.965480 0.251911 -0.066249  0.454380 0.318615 1 42 1.000000
0  -10.994645 -20.262392 -11.779226  0.573609 0.443110 0.688931  0.454380 0.195457 1 42 1.000000
v_ic_base
0  -7.398192 -36.859943 -9.455531  0.758134 -0.407499 -0.509095  0.250256 0.809234 1 38 1.000000
0  -8.029835 -38.030170 -9.459467  0.758133 -0.407499 -0.509095  0.239864 0.901109 1 38 1.000000
0  -7.778955 -36.905968 -9.985714  0.758134 -0.407499 -0.509094  0.237621 0.809234 1 38 1.000000
v_ic_base
0  -11.048943 -15.811859 -18.848352  -0.029544 -0.141924 0.989436  0.280303 0.702267 1 38 1.000000
0  -11.920705 -15.405946 -18.723686  -0.009141 -0.311459 0.950216  0.265739 0.696716 1 38 1.000000
0  -11.810889 -15.895534 -18.883106  -0.029717 -0.140435 0.989644  0.265739 0.702267 1 38 1.000000
v_ic_base
0  -11.275656 -19.746696 -14.604394  -0.016021 0.042985 -0.998947  0.734911 0.083405 1 38 1.000000
0  -12.906730 -19.698538 -14.358786  -0.317993 0.097534 -0.943063  0.746501 0.050658 1 38 1.000000
0  -11.281222 -19.533808 -14.595982  0.003824 0.056363 -0.998403  0.746501 0.087197 1 38 1.000000
v_ic_base
0  -14.317664 -24.598066 -9.470087  -0.772243 -0.049688 0.633382  0.117851 0.016847 1 39 1.000000
0  -13.565959 -29.722174 -8.955563  -0.782873 -0.052596 0.619955  0.014786 0.008729 1 39 1.000000
0  -14.060827 -24.390577 -9.141249  -0.771730 -0.049549 0.634017  0.121850 0.008729 1 39 1.000000
v_ic_base
0  -12.258017 -22.807045 -7.084504  0.820522 0.098502 0.563063  0.632365 0.449565 1 38 1.000000
0  -11.525111 -35.256809 -5.974571  0.820505 0.098503 0.563088  0.254981 0.444868 1 38 1.000000
0  -10.981577 -34.903664 -6.828359  0.820505 0.098503 0.563089  0.265449 0.449565 1 38 1.000000
v_ic_base
0  -12.652642 -24.229856 -12.581909  0.133044 0.008940 -0.991070  0.625020 0.168373 1 38 1.000000
0  -11.480800 -36.108101 -12.531746  0.431059 0.038718 -0.901493  0.266344 0.161122 1 38 1.000000
0  -11.583441 -36.178871 -12.584051  0.432314 0.038844 -0.900886  0.266344 0.168373 1 38 1.000000
v_ic_base
0  -12.398472 -29.616650 -13.138632  -0.554021 -0.073498 -0.829252  0.016109 0.078522 1 39 1.000000
0  -13.905224 -24.687468 -12.193374  -0.715732 -0.085875 -0.693075  0.117851 0.056934 1 39 1.000000
0  -12.885101 -24.643757 -13.249908  -0.555042 -0.073851 -0.828537  0.117851 0.078522 1 39 1.000000
v_ic_base
0  -11.326227 -37.212700 -10.314955  -0.503437 -0.337860 -0.795237  0.516893 0.809234 1 38 1.000000
0  -10.012144 -38.222778 -10.434323  -0.133879 -0.319381 -0.938122  0.535463 0.901109 1 38 1.000000
0  -11.013698 -38.296207 -10.019905  -0.401855 -0.346704 -0.847531  0.516893 0.901109 1 38 1.000000
v_ic_base
0  -10.276961 -31.521406 -5.431061  0.969077 0.098023 0.226453  0.297854 0.562710 1 38 1.000000
0  -10.263562 -32.185051 -5.202157  0.968893 0.097434 0.227494  0.274541 0.568985 1 38 1.000000
0  -10.202607 -32.316071 -5.402627  0.948507 0.112981 0.295922  0.270112 0.562710 1 38 1.000000
v_ic_ammo
0  -12.526234 -20.216003 -13.033986  0.073651 0.990220 -0.118489  0.611286 0.812953 1 42 1.000000
0  -11.724721 -20.133419 -12.673304  -0.113681 0.971292 -0.208968  0.652958 0.867668 1 42 1.000000
0  -11.934916 -20.245441 -13.494353  -0.066200 0.997802 -0.002899  0.586591 0.866137 1 42 1.000000
v_ic_ammo
0  -12.009111 -20.232321 -13.776171  -0.049117 0.997028 0.059349  0.563363 0.865727 1 42 1.000000
0  -12.526234 -20.216003 -13.033986  0.073651 0.990220 -0.118489  0.611286 0.812953 1 42 1.000000
0  -11.934916 -20.245441 -13.494353  -0.066200 0.997802 -0.002899  0.586591 0.866137 1 42 1.000000
v_ic_base
0  -10.257363 -19.380224 -14.394395  0.368430 -0.021292 -0.929412  0.746501 0.108168 1 38 1.000000
0  -10.145997 -23.661592 -13.556168  0.351473 -0.345299 -0.870193  0.635660 0.097503 1 38 1.000000
0  -10.537584 -19.635372 -14.499848  0.305483 0.043831 -0.951188  0.734911 0.097503 1 38 1.000000
v_ic_base
0  -18.207594 -13.269027 -4.983253  -0.087292 0.995440 -0.038473  0.780376 0.697892 1 41 1.000000
0  -18.188267 -13.371269 -7.672516  -0.087292 0.995440 -0.038473  0.765541 0.771914 1 41 1.000000
0  -19.125000 -13.401892 -6.339466  -0.087291 0.995440 -0.038473  0.798095 0.739947 1 41 1.000000
v_ic_base
0  -9.103213 -15.126907 -9.901537  0.233185 -0.508170 0.829089  0.431594 0.120422 1 38 1.000000
0  -9.413900 -15.482591 -10.032163  0.216780 -0.497768 0.839782  0.419101 0.110334 1 38 1.000000
0  -9.089725 -15.346955 -10.049835  0.264786 -0.527698 0.807108  0.423634 0.108192 1 38 1.000000
v_ic_base
0  -8.137654 -23.714746 -9.948986  0.992894 0.102943 -0.059696  0.273228 0.042849 1 39 1.000000
0  -7.510726 -29.525398 -9.541841  0.992758 0.102750 -0.062247  0.394177 0.030183 1 39 1.000000
0  -7.524987 -29.529846 -9.776369  0.992754 0.102744 -0.062316  0.394176 0.042842 1 39 1.000000
v_ic_base
0  -9.870199 -35.398998 -5.181919  -0.082766 0.065859 0.994390  0.154623 0.597484 1 38 1.000000
0  -10.228234 -35.225410 -5.223216  -0.082752 0.065880 0.994390  0.167555 0.615933 1 38 1.000000
0  -10.203697 -35.433964 -5.207351  -0.082734 0.065906 0.994390  0.154623 0.615933 1 38 1.000000
v_ic_base
0  -10.492260 -30.189756 -5.071472  0.067519 -0.093295 -0.993347  0.167555 0.597484 1 38 1.000000
0  -10.642172 -30.471062 -5.055241  0.067560 -0.093319 -0.993342  0.154623 0.615933 1 38 1.000000
0  -10.663608 -30.213413 -5.080886  0.067457 -0.093260 -0.993354  0.167555 0.615933 1 38 1.000000
v_ic_ammo
0  -12.647616 -20.351690 -13.062486  -0.654184 -0.730021 -0.197768  0.497289 0.698041 1 42 1.000000
0  -12.786366 -19.989519 -12.218627  -0.665470 -0.562500 0.490656  0.513297 0.811203 1 42 1.000000
0  -12.793191 -20.193291 -13.165729  -0.648508 -0.731998 -0.208847  0.513297 0.688228 1 42 1.000000
v_ic_base
0  -10.856510 -28.403025 -5.615837  -0.146394 0.872574 0.466030  0.154623 0.615933 1 38 1.000000
0  -10.596752 -28.481323 -5.387633  -0.147519 0.871836 0.467055  0.141735 0.599618 1 38 1.000000
0  -10.560864 -28.363356 -5.592585  -0.153606 0.867797 0.472582  0.154623 0.597484 1 38 1.000000
v_ic_base
0  -10.084720 -36.476280 -4.327064  -0.974691 -0.219579 0.041990  0.104482 0.583528 1 38 1.000000
0  -10.203435 -35.882023 -3.975172  -0.971344 -0.229857 0.060474  0.130542 0.594670 1 38 1.000000
0  -10.219088 -35.893734 -4.228681  -0.969294 -0.235517 0.070723  0.130379 0.587432 1 38 1.000000
v_ic_base
0  -10.277790 -32.559994 -4.971581  0.967271 0.110232 0.228552  0.261253 0.575260 1 38 1.000000
0  -10.165483 -33.203701 -5.136419  0.967204 0.110241 0.228829  0.237941 0.568985 1 38 1.000000
0  -10.216371 -32.683659 -5.171884  0.967228 0.110279 0.228711  0.256824 0.568985 1 38 1.000000
v_ic_base
0  -8.696499 -18.915939 -9.241606  0.153691 -0.023175 -0.987847  0.440349 0.122002 1 38 1.000000
0  -9.521461 -14.221642 -9.480079  0.153688 -0.023174 -0.987848  0.607515 0.119144 1 38 1.000000
0  -9.185751 -14.078547 -9.431206  0.153688 -0.023174 -0.987848  0.614502 0.122002 1 38 1.000000
v_ic_base
0  -9.870850 -36.458023 -4.317505  0.153419 -0.987352 0.039978  0.078104 0.586744 1 38 1.000000
0  -10.088914 -36.479500 -4.435721  0.008198 -0.999410 0.033348  0.069867 0.582181 1 38 1.000000
0  -9.855965 -36.459606 -4.425309  0.155545 -0.987174 0.035967  0.078455 0.582181 1 38 1.000000
v_ic_ammo
0  -10.396229 -21.834585 -12.068486  0.474829 -0.802287 0.361764  0.240009 0.308031 1 42 1.000000
0  -10.723254 -21.754429 -11.461416  0.475988 -0.801416 0.362170  0.224107 0.221099 1 42 1.000000
0  -10.422937 -21.848085 -12.063376  0.474785 -0.802319 0.361749  0.224107 0.293643 1 42 1.000000
v_ic_base
0  -10.071515 -36.358135 -3.221902  -0.035540 -0.110275 0.993266  0.019397 0.590487 1 38 1.000000
0  -10.587033 -35.998367 -3.200395  -0.036167 -0.111195 0.993140  0.058935 0.618481 1 38 1.000000
0  -10.407150 -36.333317 -3.231881  -0.037925 -0.113693 0.992792  0.024259 0.610489 1 38 1.000000
v_ic_ammo
0  -11.993776 -19.774448 -11.648052  -0.047874 0.880157 -0.472263  0.732112 0.829839 1 42 1.000000
0  -11.183136 -19.851551 -12.067107  -0.239251 0.898640 -0.367703  0.712045 0.899050 1 42 1.000000
0  -11.923352 -19.900131 -11.889423  -0.065646 0.908388 -0.412942  0.711912 0.839511 1 42 1.000000
v_ic_base
0  -12.486608 -36.594852 -7.092711  -0.266582 -0.947142 0.178484  0.140511 0.394407 1 38 1.000000
0  -11.922477 -36.402863 -5.881341  -0.173760 -0.932656 0.316164  0.161442 0.390341 1 38 1.000000
0  -12.751504 -36.502033 -6.995806  -0.268180 -0.947449 0.174411  0.142611 0.390341 1 38 1.000000
v_ic_base
0  -15.092928 -13.414906 -7.134348  0.816365 0.129167 0.562906  0.331635 0.777593 1 41 1.000000
0  -17.226562 -14.077720 -3.887918  0.689423 0.144204 0.709860  0.254883 0.765458 1 41 1.000000
0  -15.034563 -13.967826 -7.102904  0.818536 0.118368 0.562128  0.331521 0.765458 1 41 1.000000
v_ic_base
0  -14.001405 -11.210643 -13.298572  -0.281267 -0.852243 -0.441102  0.032878 0.362822 1 38 1.000000
0  -12.957324 -11.300009 -13.563855  -0.210755 -0.801645 -0.559417  0.026174 0.368571 1 38 1.000000
0  -13.844924 -11.374104 -13.076007  -0.288128 -0.856223 -0.428795  0.037215 0.368571 1 38 1.000000
v_ic_base
0  -9.128265 -35.041790 -5.631812  0.949548 0.083401 -0.302329  0.254962 0.461612 1 38 1.000000
0  -10.609369 -22.619246 -6.856733  0.950737 0.083928 -0.298423  0.632346 0.457353 1 38 1.000000
0  -10.443754 -22.249390 -6.224666  0.950788 0.083951 -0.298251  0.642166 0.461612 1 38 1.000000
v_ic_base
0  -10.078088 -34.509571 -4.822839  -0.069780 0.874500 -0.479980  0.154623 0.597484 1 38 1.000000
0  -10.286016 -34.647354 -5.043645  -0.069623 0.874449 -0.480096  0.141735 0.613800 1 38 1.000000
0  -10.270060 -34.531448 -4.833448  -0.073418 0.875677 -0.477284  0.154623 0.615933 1 38 1.000000
v_ic_ammo
0  -12.632311 -21.355410 -11.824620  -0.895542 0.085886 0.436610  0.308690 0.810723 1 42 1.000000
0  -11.917157 -20.324823 -11.557318  -0.238162 0.389913 0.889520  0.454380 0.931075 1 42 1.000000
0  -12.662359 -20.526062 -12.094006  -0.894166 0.158026 0.418922  0.454380 0.810722 1 42 1.000000
v_ic_base
0  -10.180725 -13.105145 -7.320974  0.737953 0.098506 0.667624  0.919949 0.410443 1 38 1.000000
0  -9.936867 -14.123466 -7.441524  0.731832 0.146862 0.665473  0.888412 0.403373 1 38 1.000000
0  -9.669907 -14.108030 -7.743022  0.846346 0.152602 0.510304  0.888412 0.390142 1 38 1.000000
v_ic_base
0  -23.225384 -17.346928 -3.160499  0.199038 -0.961495 0.189505  0.796923 0.615781 1 41 1.000000
0  -22.540466 -17.300049 -3.641987  0.113299 -0.991456 0.064637  0.796868 0.629126 1 41 1.000000
0  -23.100250 -17.308393 -3.133284  0.236366 -0.940359 0.244656  0.796278 0.618883 1 41 1.000000
v_ic_base
0  -11.275656 -19.746696 -14.604394  0.119755 -0.983011 0.139096  0.734911 0.083405 1 38 1.000000
0  -13.326556 -19.707806 -12.680011  0.115736 -0.982710 0.144518  0.724067 0.043563 1 38 1.000000
0  -12.882536 -19.910412 -14.389696  0.117823 -0.982097 0.146982  0.734911 0.050033 1 38 1.000000
v_ic_ammo
0  -10.857838 -19.953171 -12.718977  -0.317374 0.927271 -0.198602  0.667302 0.935208 1 42 1.000000
0  -11.724721 -20.133419 -12.673304  -0.113681 0.971292 -0.208968  0.652958 0.867668 1 42 1.000000
0  -11.183136 -19.851551 -12.067107  -0.239251 0.898640 -0.367703  0.712045 0.899050 1 42 1.000000
v_ic_base
0  -11.498700 -15.164293 -14.381983  0.674945 -0.685529 0.272947  0.107347 0.926929 1 38 1.000000
0  -11.121930 -15.006146 -14.916462  0.767758 -0.611690 0.190743  0.112077 0.913136 1 38 1.000000
0  -11.363523 -15.040343 -14.379548  0.652312 -0.716265 0.247898  0.111008 0.926929 1 38 1.000000
v_ic_base
0  -21.639921 -13.829430 -2.992499  0.087292 -0.995439 0.038478  0.895720 0.650416 1 41 1.000000
0  -17.300560 -13.467513 -3.473883  0.087289 -0.995440 0.038463  0.762166 0.640691 1 41 1.000000
0  -21.711056 -13.822969 -2.663944  0.087291 -0.995439 0.038478  0.899794 0.640866 1 41 1.000000
v_ic_base
0  -15.571690 -21.271221 -7.011748  -0.446513 -0.830569 -0.332838  0.710171 0.754925 1 41 1.000000
0  -17.552626 -21.163897 -4.622118  -0.446512 -0.830569 -0.332841  0.780392 0.697892 1 41 1.000000
0  -15.897834 -21.109798 -6.977029  -0.446513 -0.830569 -0.332838  0.722883 0.754363 1 41 1.000000
v_ic_base
0  -11.879898 -10.873447 -6.548965  0.165130 0.064394 0.984167  0.994655 0.471130 1 38 1.000000
0  -12.949021 -14.304753 -6.484390  -0.311777 0.019888 0.949947  0.891437 0.517105 1 38 1.000000
0  -11.373768 -14.131764 -6.412539  0.188338 0.056809 0.980460  0.891475 0.465571 1 38 1.000000
v_ic_base
0  -11.501687 -19.027302 -4.586479  0.761152 0.102085 0.640489  0.298389 0.992921 1 38 1.000000
0  -10.338531 -18.321110 -6.081328  0.540207 0.087391 0.836982  0.334265 0.923763 1 38 1.000000
0  -11.317514 -18.349142 -4.913439  0.761152 0.102084 0.640489  0.334265 0.978750 1 38 1.000000
v_ic_base
0  -10.203435 -35.882023 -3.975172  -0.091452 0.980666 0.173002  0.130575 0.594670 1 38 1.000000
0  -9.971655 -35.821106 -4.197948  -0.091435 0.980708 0.172778  0.132645 0.588074 1 38 1.000000
0  -10.163803 -35.837505 -4.206537  -0.091431 0.980708 0.172778  0.132645 0.588074 1 38 1.000000
v_ic_base
0  -13.497563 -24.301313 -9.878215  -0.073232 -0.029960 -0.996865  0.619268 0.275251 1 38 1.000000
0  -12.818051 -35.722435 -9.584876  -0.079086 -0.030297 -0.996407  0.290463 0.278015 1 38 1.000000
0  -13.759045 -24.243906 -9.860751  -0.073155 -0.029956 -0.996871  0.625020 0.278015 1 38 1.000000
v_ic_base
0  -11.411082 -36.646664 -12.499058  -0.137798 -0.947917 -0.287168  0.032628 0.394407 1 38 1.000000
0  -12.519937 -36.606010 -11.684258  -0.259322 -0.956030 -0.136963  0.049845 0.390341 1 38 1.000000
0  -11.584715 -36.554527 -12.719872  -0.140670 -0.948147 -0.285006  0.028534 0.390341 1 38 1.000000
v_ic_base
0  -9.089725 -15.346955 -10.049835  0.035591 0.044416 0.998379  0.423634 0.108192 1 38 1.000000
0  -9.071066 -18.875746 -9.893511  0.032645 0.044405 0.998480  0.294112 0.110334 1 38 1.000000
0  -8.726122 -18.946426 -9.901587  0.032474 0.044404 0.998486  0.288509 0.108192 1 38 1.000000
v_ic_base
0  -10.021415 -35.917221 -3.768846  -0.080083 0.995045 0.058928  0.128124 0.600865 1 38 1.000000
0  -9.757029 -35.904930 -3.685753  -0.066234 0.995785 0.063446  0.125277 0.602683 1 38 1.000000
0  -9.736196 -35.899197 -3.753208  -0.066440 0.995728 0.064121  0.125496 0.600602 1 38 1.000000
v_ic_base
0  -9.341556 -36.579506 -5.847146  0.083886 -0.996130 0.026224  0.024898 0.484518 1 38 1.000000
0  -8.100595 -36.477928 -5.958279  0.083885 -0.996130 0.026238  0.029099 0.514800 1 38 1.000000
0  -9.269160 -36.563602 -5.474758  0.083887 -0.996130 0.026218  0.015587 0.486744 1 38 1.000000
v_ic_base
0  -7.621789 -36.466545 -7.056874  0.083884 -0.996130 0.026240  0.057346 0.525207 1 38 1.000000
0  -6.921198 -36.434353 -8.074766  0.083889 -0.996130 0.026237  0.083807 0.541147 1 38 1.000000
0  -7.262615 -36.431805 -6.886211  0.083884 -0.996130 0.026235  0.053446 0.534217 1 38 1.000000
v_ic_base
0  -13.130665 -19.450403 -12.774506  0.136121 -0.024936 -0.990378  0.759437 0.168373 1 38 1.000000
0  -13.844924 -11.374104 -13.076007  0.135683 -0.024974 -0.990438  0.989414 0.161122 1 38 1.000000
0  -13.023291 -19.438189 -12.760056  0.136125 -0.024936 -0.990378  0.759437 0.161122 1 38 1.000000
v_ic_base
0  -16.796902 -14.580958 -3.947668  0.522030 0.009811 -0.852871  0.976684 0.997081 1 41 1.000000
0  -18.431255 -20.174454 -5.012378  0.527997 0.007371 -0.849214  0.941597 0.979393 1 41 1.000000
0  -18.899942 -14.424424 -5.221818  0.518751 0.011147 -0.854853  0.976684 0.979393 1 41 1.000000
v_ic_base
0  -10.203697 -35.433964 -5.207351  -0.118740 0.917529 0.379528  0.154623 0.615933 1 38 1.000000
0  -9.908623 -35.498348 -4.959386  -0.120366 0.916614 0.381222  0.141735 0.599618 1 38 1.000000
0  -9.870199 -35.398998 -5.181919  -0.125270 0.913818 0.386322  0.154623 0.597484 1 38 1.000000
v_ic_base
0  -11.326227 -37.212700 -10.314955  -0.505365 0.551042 -0.664048  0.517048 0.809234 1 38 1.000000
0  -11.919340 -36.887859 -9.312476  -0.737330 0.542982 -0.401890  0.477878 0.781546 1 38 1.000000
0  -11.201127 -36.848320 -10.107789  -0.504398 0.551100 -0.664734  0.516893 0.781546 1 38 1.000000
v_ic_base
0  -10.064521 -34.171478 -5.064547  0.122715 -0.890220 -0.438690  0.180440 0.599618 1 38 1.000000
0  -10.293618 -34.307858 -4.851883  0.123172 -0.890357 -0.438284  0.167555 0.615933 1 38 1.000000
0  -10.332987 -34.200523 -5.078795  0.119638 -0.889293 -0.441411  0.180440 0.613800 1 38 1.000000
v_ic_base
0  -9.609854 -35.914928 -3.156721  0.869667 -0.269215 0.413766  0.123900 0.617644 1 38 1.000000
0  -9.664167 -36.277302 -3.278331  0.891037 -0.258724 0.372981  0.110456 0.613907 1 38 1.000000
0  -9.571278 -35.908325 -3.231735  0.865507 -0.271088 0.421199  0.124102 0.615395 1 38 1.000000
v_ic_base
0  -7.789649 -36.617554 -12.253860  0.480834 -0.757432 -0.441697  0.188226 0.514800 1 38 1.000000
0  -8.896142 -36.667953 -12.921425  0.217851 -0.803642 -0.553806  0.206765 0.487639 1 38 1.000000
0  -7.757350 -36.556313 -12.323721  0.456692 -0.762892 -0.457632  0.192477 0.517309 1 38 1.000000
v_ic_ammo
0  -11.844863 -21.625919 -13.353635  -0.211056 -0.211172 -0.954391  0.308690 0.563812 1 42 1.000000
0  -10.939355 -22.122280 -13.087471  0.201596 -0.151159 -0.967734  0.240010 0.451716 1 42 1.000000
0  -11.652071 -22.234032 -13.222206  0.205576 -0.144032 -0.967984  0.240010 0.554259 1 42 1.000000
v_ic_base
0  -11.201388 -15.148994 -5.561514  0.821982 0.066891 -0.565571  0.323068 0.657251 1 38 1.000000
0  -11.116147 -16.252878 -5.568188  0.824973 0.067097 -0.561175  0.317432 0.752560 1 38 1.000000
0  -11.228986 -15.179389 -5.605193  0.821842 0.066881 -0.565776  0.317432 0.657251 1 38 1.000000
v_ic_base
0  -6.921198 -36.434353 -8.074766  0.776541 -0.623218 0.092643  0.083807 0.541147 1 38 1.000000
0  -6.999190 -36.465622 -11.304523  0.679403 -0.695557 -0.233691  0.166730 0.537840 1 38 1.000000
0  -6.870972 -36.369331 -8.058355  0.772437 -0.625053 0.112473  0.082057 0.545168 1 38 1.000000
v_ic_ammo
0  -10.851001 -21.473637 -13.173189  0.852466 -0.046149 0.520742  0.136488 0.378625 1 42 1.000000
0  -10.957026 -22.131021 -13.057882  0.861010 -0.050100 0.506115  0.146182 0.371977 1 42 1.000000
0  -10.939355 -22.122280 -13.087471  0.864028 -0.051521 0.500800  0.136488 0.378625 1 42 1.000000
v_ic_ammo
0  -10.851001 -21.473637 -13.173189  0.852466 -0.046149 0.520742  0.136488 0.378625 1 42 1.000000
0  -10.973636 -21.611715 -12.985187  0.851749 -0.045822 0.521942  0.146199 0.371977 1 42 1.000000
0  -10.957026 -22.131021 -13.057882  0.861010 -0.050100 0.506115  0.146182 0.371977 1 42 1.000000
v_ic_base
0  -13.442198 -24.027832 -9.936812  -0.432834 0.896007 -0.099130  0.268662 0.028832 1 39 1.000000
0  -13.832474 -24.245363 -10.198930  -0.434027 0.895656 -0.097065  0.273211 0.042840 1 39 1.000000
0  -13.868107 -24.237947 -9.968019  -0.434732 0.895445 -0.095841  0.273211 0.030178 1 39 1.000000
v_ic_base
0  -10.398754 -33.603870 -5.345380  -0.129036 0.895172 0.426633  0.154623 0.615933 1 38 1.000000
0  -10.117018 -33.679245 -5.102011  -0.130457 0.894309 0.428009  0.141735 0.599618 1 38 1.000000
0  -10.079165 -33.566936 -5.320845  -0.136229 0.890756 0.433585  0.154623 0.597484 1 38 1.000000
v_ic_base
0  -10.270077 -22.588614 -6.991012  -0.873509 -0.070534 0.481670  0.632346 0.449565 1 38 1.000000
0  -8.633510 -35.004383 -5.841225  -0.872167 -0.070127 0.484157  0.254962 0.444868 1 38 1.000000
0  -9.985063 -22.208511 -6.418301  -0.873568 -0.070552 0.481562  0.642166 0.444868 1 38 1.000000
v_ic_base
0  -12.232774 -13.717856 -18.673534  -0.729152 0.650239 -0.213368  0.164792 0.810894 1 38 1.000000
0  -12.282842 -13.421663 -16.577297  -0.741874 0.667816 -0.060371  0.171787 0.869834 1 38 1.000000
0  -12.107009 -13.573745 -18.664177  -0.732617 0.652026 -0.195283  0.169151 0.811120 1 38 1.000000
v_ic_base
0  -12.061323 -15.116974 -14.411376  -0.937973 -0.078484 0.337709  0.110984 0.926929 1 38 1.000000
0  -12.412944 -13.573195 -15.029206  -0.981614 -0.087358 0.169715  0.164886 0.913136 1 38 1.000000
0  -12.255425 -15.130623 -14.968163  -0.980553 -0.087153 0.175842  0.112053 0.913136 1 38 1.000000
v_ic_ammo
0  -12.793191 -20.193291 -13.165729  0.129338 0.987336 -0.091864  0.596741 0.794335 1 42 1.000000
0  -12.521088 -20.062330 -12.319725  0.074740 0.949799 -0.303803  0.667221 0.801181 1 42 1.000000
0  -12.526234 -20.216003 -13.033986  0.073651 0.990220 -0.118489  0.611286 0.812953 1 42 1.000000
v_ic_base
0  -12.021035 -36.842194 -7.253492  0.083882 -0.996130 0.026238  0.057346 0.417139 1 38 1.000000
0  -11.652623 -36.781235 -6.117032  0.083890 -0.996130 0.026236  0.029099 0.427545 1 38 1.000000
0  -12.395449 -36.870090 -7.115615  0.083882 -0.996130 0.026237  0.053446 0.408129 1 38 1.000000
v_ic_ammo
0  -11.006788 -20.602079 -13.385018  0.594968 -0.023259 -0.803413  0.454380 0.442542 1 42 1.000000
0  -11.961206 -20.386202 -13.596784  -0.226470 -0.117024 -0.966963  0.497289 0.554954 1 42 1.000000
0  -11.099249 -20.251204 -13.433897  0.567742 0.034908 -0.822466  0.497289 0.452146 1 42 1.000000
v_ic_base
0  -10.112978 -24.226942 -13.348494  -0.129787 0.984867 0.114856  0.124583 0.122657 1 39 1.000000
0  -11.465235 -24.394175 -13.067100  -0.060573 0.991165 0.117992  0.129734 0.099722 1 39 1.000000
0  -10.155439 -24.272018 -13.009894  -0.135182 0.984145 0.114826  0.129734 0.122657 1 39 1.000000
v_ic_base
0  -10.398753 -31.256842 -5.010901  0.058053 -0.000440 -0.998313  0.167555 0.597484 1 38 1.000000
0  -10.550819 -31.537821 -5.019620  0.058032 -0.000428 -0.998315  0.154623 0.615933 1 38 1.000000
0  -10.573271 -31.280281 -5.021045  0.058087 -0.000461 -0.998311  0.167555 0.615933 1 38 1.000000
v_ic_base
0  -10.001415 -35.903397 -3.974970  -0.087519 0.994461 0.058208  0.087307 0.586811 1 38 1.000000
0  -10.129607 -35.926460 -3.773682  -0.094683 0.993814 0.058039  0.096790 0.593726 1 38 1.000000
0  -10.021415 -35.917221 -3.768846  -0.080083 0.995045 0.058928  0.087604 0.593726 1 38 1.000000
v_ic_base
0  -10.009133 -36.361046 -3.298724  0.033116 0.114878 -0.992827  0.108097 0.613589 1 38 1.000000
0  -9.571278 -35.908325 -3.231735  0.032984 0.115004 -0.992817  0.124102 0.615395 1 38 1.000000
0  -9.664167 -36.277302 -3.278331  0.030088 0.117772 -0.992585  0.110456 0.613907 1 38 1.000000
v_ic_ammo
0  -11.013795 -20.200802 -12.666342  -0.952640 -0.289047 0.094492  0.004878 0.318615 1 42 1.000000
0  -10.973636 -21.611715 -12.985187  -0.577577 -0.125794 0.806586  0.122786 0.442542 1 42 1.000000
0  -10.607427 -21.413668 -12.297018  -0.921379 -0.380061 0.081329  0.122786 0.318615 1 42 1.000000
v_ic_ammo
0  -10.422937 -21.848085 -12.063376  -0.800732 -0.507981 -0.317463  0.224107 0.293643 1 42 1.000000
0  -10.961246 -21.293097 -11.593661  -0.555646 -0.514408 -0.653179  0.123603 0.195457 1 42 1.000000
0  -10.607427 -21.413668 -12.297018  -0.921379 -0.380061 0.081329  0.123603 0.318615 1 42 1.000000
v_ic_ammo
0  -10.994645 -20.262392 -11.779226  0.573609 0.443110 0.688931  0.454380 0.195457 1 42 1.000000
0  -10.710816 -20.048349 -12.696486  0.945802 0.309472 -0.098417  0.495573 0.315280 1 42 1.000000
0  -11.088407 -19.930395 -11.939833  0.566580 0.482790 0.667758  0.497289 0.205588 1 42 1.000000
v_ic_base
0  -16.424490 -19.486982 -3.746619  -0.252251 0.957752 -0.138134  0.922512 0.979393 1 41 1.000000
0  -16.517456 -20.102806 -7.846666  -0.258105 0.956243 -0.137774  0.941597 0.950153 1 41 1.000000
0  -18.431255 -20.174454 -5.012378  -0.241486 0.960429 -0.138780  0.941597 0.979393 1 41 1.000000
v_ic_base
0  -9.870850 -36.458023 -4.317505  0.153419 -0.987352 0.039978  0.078104 0.586744 1 38 1.000000
0  -10.078093 -36.469074 -4.074684  0.083870 -0.996131 0.026246  0.070546 0.597350 1 38 1.000000
0  -10.084720 -36.476280 -4.327064  0.009845 -0.999524 0.029229  0.070219 0.586744 1 38 1.000000
v_ic_base
0  -10.529111 -16.436796 -6.155185  0.131035 0.975721 0.175492  0.437889 0.923763 1 38 1.000000
0  -11.371002 -16.540712 -4.948762  0.134468 0.974836 0.177799  0.431378 0.972065 1 38 1.000000
0  -10.463505 -16.466448 -6.039066  0.130756 0.975793 0.175304  0.431378 0.926384 1 38 1.000000
v_ic_base
0  -10.218394 -36.559223 -12.992559  0.013715 -0.934945 -0.354529  0.021812 0.394407 1 38 1.000000
0  -11.584715 -36.554527 -12.719872  -0.140670 -0.948147 -0.285006  0.028534 0.390341 1 38 1.000000
0  -10.280541 -36.458912 -13.259503  0.011095 -0.935177 -0.354006  0.016708 0.390341 1 38 1.000000
v_ic_base
0  -13.518669 -19.215633 -3.928980  0.116510 0.050274 0.991916  0.007176 0.959123 1 38 1.000000
0  -15.434346 -14.831942 -3.926147  0.117352 0.050642 0.991798  0.211434 0.996692 1 38 1.000000
0  -15.028830 -19.468138 -3.739246  0.116241 0.050156 0.991954  0.003835 0.996692 1 38 1.000000
v_ic_base
0  -10.436956 -10.999853 -12.920560  -0.035930 -0.041834 -0.998478  0.989434 0.161122 1 38 1.000000
0  -9.508322 -19.052935 -12.616587  -0.037424 -0.042096 -0.998412  0.759457 0.168373 1 38 1.000000
0  -9.619085 -19.064669 -12.611938  -0.037449 -0.042101 -0.998411  0.759457 0.161122 1 38 1.000000
v_ic_base
0  -10.012144 -38.222778 -10.434323  0.083886 -0.996130 0.026237  0.188211 0.901109 1 38 1.000000
0  -9.093655 -38.128746 -9.800795  0.083885 -0.996130 0.026237  0.207195 0.919290 1 38 1.000000
0  -9.902507 -38.197811 -9.836946  0.083886 -0.996130 0.026237  0.188211 0.919290 1 38 1.000000
v_ic_base
0  -9.262419 -36.159981 -5.164534  0.193331 0.084270 0.977508  0.175941 0.390341 1 38 1.000000
0  -9.736130 -35.878197 -5.183020  -0.003320 0.059901 0.998199  0.178858 0.378705 1 38 1.000000
0  -9.697915 -36.196175 -5.163866  -0.003431 0.059717 0.998209  0.178858 0.390323 1 38 1.000000
v_ic_base
0  -12.056526 -10.025463 -7.599136  -0.069504 0.986815 0.146167  0.204025 0.416887 2 38 0.750000 44 0.250000
0  -13.134541 -10.283411 -6.727345  -0.195725 0.926650 0.320955  0.185306 0.412944 1 38 1.000000
0  -11.988210 -10.157525 -6.675058  -0.039000 0.943678 0.328559  0.205723 0.412944 1 38 1.000000
v_ic_base
0  -11.201127 -36.848320 -10.107789  0.083888 -0.996130 0.026235  0.130256 0.433780 1 38 1.000000
0  -11.341678 -36.920860 -12.412613  0.083887 -0.996130 0.026234  0.188226 0.427545 1 38 1.000000
0  -10.199573 -36.774891 -10.522203  0.083887 -0.996130 0.026237  0.141837 0.457828 1 38 1.000000
v_ic_base
0  -10.014446 -34.618660 -5.029245  -0.124860 0.907254 0.401623  0.141752 0.599618 1 38 1.000000
0  -10.303288 -34.549335 -5.275646  -0.123311 0.908158 0.400054  0.154640 0.615933 1 38 1.000000
0  -10.286016 -34.647354 -5.043645  -0.117212 0.911667 0.393859  0.141752 0.613800 1 38 1.000000
v_ic_base
0  -11.683152 -34.990749 -7.604975  -0.372102 0.927697 0.030315  0.265449 0.384751 1 38 1.000000
0  -12.727273 -35.406261 -7.705523  -0.372424 0.927407 0.034869  0.254981 0.370485 1 38 1.000000
0  -12.636019 -35.389011 -7.209818  -0.372525 0.927311 0.036313  0.254981 0.390139 1 38 1.000000
v_ic_ammo
0  -12.662359 -20.526062 -12.094006  -0.894166 0.158026 0.418922  0.454380 0.810722 1 42 1.000000
0  -11.947685 -19.986164 -11.733714  -0.242667 0.430833 0.869193  0.497289 0.924094 1 42 1.000000
0  -12.641600 -20.173660 -12.233343  -0.900471 0.204899 0.383625  0.497289 0.821099 1 42 1.000000
v_ic_base
0  -9.855965 -36.459606 -4.425309  0.155545 -0.987174 0.035967  0.078455 0.582181 1 38 1.000000
0  -10.107789 -36.495941 -4.999547  0.083893 -0.996129 0.026242  0.069091 0.561735 1 38 1.000000
0  -9.781600 -36.468086 -4.984968  0.083892 -0.996129 0.026238  0.079224 0.561734 1 38 1.000000
v_ic_base
0  -10.762503 -29.434713 -5.572402  -0.144778 0.870722 0.469981  0.154623 0.615933 1 38 1.000000
0  -10.502050 -29.517700 -5.338429  -0.145637 0.870168 0.470741  0.141735 0.599618 1 38 1.000000
0  -10.465498 -29.395514 -5.549164  -0.151580 0.866292 0.475985  0.154623 0.597484 1 38 1.000000
v_ic_base
0  -22.410700 -18.958973 -3.563686  0.741934 0.048272 0.668734  0.838692 0.629126 1 41 1.000000
0  -22.936296 -19.346233 -3.043696  0.681675 0.074878 0.727814  0.847644 0.618883 1 41 1.000000
0  -22.227457 -19.229420 -3.751780  0.744103 0.093047 0.661554  0.845687 0.632766 1 41 1.000000
v_ic_ammo
0  -12.786366 -19.989519 -12.218627  0.133809 0.936714 -0.323515  0.671826 0.778373 1 42 1.000000
0  -11.923352 -19.900131 -11.889423  -0.065646 0.908388 -0.412942  0.711912 0.839511 1 42 1.000000
0  -12.521088 -20.062330 -12.319725  0.074740 0.949799 -0.303803  0.667221 0.801181 1 42 1.000000
v_ic_base
0  -11.531810 -16.487675 -17.091385  -0.993440 -0.105742 -0.043533  0.080480 0.850307 1 40 1.000000
0  -11.545795 -16.526491 -16.677950  -0.993435 -0.105580 -0.044051  0.078618 0.861844 1 40 1.000000
0  -11.567365 -16.306065 -16.719551  -0.993428 -0.105610 -0.044136  0.086142 0.860922 1 40 1.000000
v_ic_base
0  -14.815177 -10.528080 -8.162326  -0.457498 0.880200 0.126268  0.141356 0.346622 1 38 1.000000
0  -13.839595 -10.236919 -8.092814  -0.253670 0.960564 0.113877  0.142009 0.341039 2 38 0.750000 44 0.250000
0  -14.394871 -10.326094 -8.861168  -0.371533 0.927278 0.046037  0.126484 0.341039 2 38 0.750000 44 0.250000
v_ic_ammo
0  -11.724721 -20.133419 -12.673304  -0.113681 0.971292 -0.208968  0.652958 0.867668 1 42 1.000000
0  -11.192410 -20.128469 -13.354161  -0.236941 0.970823 -0.036905  0.611389 0.920489 1 42 1.000000
0  -11.934916 -20.245441 -13.494353  -0.066200 0.997802 -0.002899  0.586591 0.866137 1 42 1.000000
v_ic_ammo
0  -11.724721 -20.133419 -12.673304  -0.113681 0.971292 -0.208968  0.652958 0.867668 1 42 1.000000
0  -12.521088 -20.062330 -12.319725  0.074740 0.949799 -0.303803  0.667221 0.801181 1 42 1.000000
0  -11.923352 -19.900131 -11.889423  -0.065646 0.908388 -0.412942  0.711912 0.839511 1 42 1.000000
v_ic_ammo
0  -11.724721 -20.133419 -12.673304  -0.113681 0.971292 -0.208968  0.652958 0.867668 1 42 1.000000
0  -11.923352 -19.900131 -11.889423  -0.065646 0.908388 -0.412942  0.711912 0.839511 1 42 1.000000
0  -11.183136 -19.851551 -12.067107  -0.239251 0.898640 -0.367703  0.712045 0.899050 1 42 1.000000
v_ic_ammo
0  -11.837816 -20.193682 -12.671129  0.113766 -0.971247 0.209134  0.705812 0.675411 1 42 1.000000
0  -12.015403 -20.473185 -13.387269  0.141968 -0.933544 0.329150  0.650665 0.651529 1 42 1.000000
0  -11.324917 -20.364058 -13.256987  0.035024 -0.950994 0.307220  0.692298 0.616221 1 42 1.000000
v_ic_base
0  -11.982596 -18.537502 -13.899412  -0.967821 -0.122398 -0.219866  0.016368 0.938182 1 38 1.000000
0  -12.938380 -11.119209 -13.821905  -0.969040 -0.114173 -0.218920  0.268217 0.948758 1 38 1.000000
0  -12.665792 -11.530751 -14.735528  -0.964846 -0.120078 -0.233781  0.254801 0.922454 1 38 1.000000
v_ic_ammo
0  -11.837816 -20.193682 -12.671129  0.113766 -0.971247 0.209134  0.705812 0.675411 1 42 1.000000
0  -12.004676 -20.151819 -11.894775  0.140867 -0.986504 0.083470  0.744211 0.722253 1 42 1.000000
0  -12.560526 -20.302980 -12.294860  0.223844 -0.962979 0.150215  0.692292 0.736559 1 42 1.000000
v_ic_ammo
0  -11.837816 -20.193682 -12.671129  0.113766 -0.971247 0.209134  0.705812 0.675411 1 42 1.000000
0  -11.316316 -20.106344 -12.060101  0.035470 -0.993111 0.111680  0.767313 0.672931 1 42 1.000000
0  -12.004676 -20.151819 -11.894775  0.140867 -0.986504 0.083470  0.744211 0.722253 1 42 1.000000
v_ic_base
0  -10.064521 -34.171478 -5.064547  0.966015 0.120440 0.228710  0.201340 0.568985 1 38 1.000000
0  -10.179539 -33.562325 -4.898942  0.981037 0.112726 0.157670  0.224653 0.575260 1 38 1.000000
0  -10.102962 -34.285839 -4.841333  0.975944 0.118163 0.183221  0.196911 0.575260 1 38 1.000000
v_ic_base
0  -9.473712 -10.530530 -8.958901  0.840958 -0.519430 0.151597  0.119249 0.362822 1 38 1.000000
0  -10.011464 -10.730733 -7.875441  0.619044 -0.711944 0.331542  0.142274 0.368571 1 38 1.000000
0  -9.588016 -10.734328 -8.988219  0.850579 -0.506146 0.142589  0.118614 0.368571 1 38 1.000000
v_ic_ammo
0  -12.641600 -20.173660 -12.233343  -0.658301 -0.557769 0.505503  0.497289 0.821099 1 42 1.000000
0  -11.993776 -19.774448 -11.648052  -0.109808 -0.393404 0.912784  0.513297 0.931113 1 42 1.000000
0  -12.786366 -19.989519 -12.218627  -0.665470 -0.562500 0.490656  0.513297 0.811203 1 42 1.000000
v_ic_ammo
0  -11.099249 -20.251204 -13.433897  0.540696 -0.678859 -0.496788  0.497289 0.452146 1 42 1.000000
0  -12.009111 -20.232321 -13.776171  -0.100977 -0.768172 -0.632231  0.513297 0.564988 1 42 1.000000
0  -11.024556 -20.077219 -13.590278  0.549715 -0.676386 -0.490220  0.513297 0.441924 1 42 1.000000
v_ic_base
0  -12.141658 -19.364731 -13.247762  -0.132168 0.974242 -0.182711  0.763940 0.063918 1 38 1.000000
0  -10.257363 -19.380224 -14.394395  -0.085267 0.980234 -0.178525  0.746501 0.108168 1 38 1.000000
0  -11.281222 -19.533808 -14.595982  -0.114715 0.974001 -0.195355  0.746501 0.087197 1 38 1.000000
v_ic_ammo
0  -12.428549 -21.697664 -12.644799  -0.548129 -0.064374 0.833913  0.146384 0.320054 1 42 1.000000
0  -12.476089 -22.222960 -12.716598  -0.502797 -0.072230 0.861382  0.136713 0.316230 1 42 1.000000
0  -12.442784 -22.229130 -12.698318  -0.490387 -0.074303 0.868332  0.146368 0.320054 1 42 1.000000
v_ic_ammo
0  -12.428549 -21.697664 -12.644799  -0.548129 -0.064374 0.833913  0.146384 0.320054 1 42 1.000000
0  -12.640260 -21.578773 -12.775608  -0.550306 -0.063985 0.832508  0.136713 0.316230 1 42 1.000000
0  -12.476089 -22.222960 -12.716598  -0.502797 -0.072230 0.861382  0.136713 0.316230 1 42 1.000000
v_ic_ammo
0  -11.844863 -21.625919 -13.353635  0.907621 -0.209362 -0.363857  0.136611 0.344592 1 42 1.000000
0  -11.897688 -22.256149 -13.122772  0.929686 -0.192877 -0.313819  0.146304 0.338099 1 42 1.000000
0  -11.908150 -22.251362 -13.158751  0.936274 -0.187323 -0.297155  0.136611 0.344592 1 42 1.000000
v_ic_ammo
0  -11.844863 -21.625919 -13.353635  0.907621 -0.209362 -0.363857  0.136611 0.344592 1 42 1.000000
0  -11.784114 -21.738108 -13.139967  0.905576 -0.210754 -0.368125  0.146320 0.338098 1 42 1.000000
0  -11.897688 -22.256149 -13.122772  0.929686 -0.192877 -0.313819  0.146304 0.338099 1 42 1.000000
v_ic_ammo
0  -10.607427 -21.413668 -12.297018  0.231401 -0.371963 -0.898942  0.146016 0.422753 1 42 1.000000
0  -10.396229 -21.834585 -12.068486  0.093079 -0.438584 -0.893857  0.136346 0.418367 1 42 1.000000
0  -10.422937 -21.848085 -12.063376  0.058879 -0.453320 -0.889401  0.146000 0.422754 1 42 1.000000
v_ic_ammo
0  -10.607427 -21.413668 -12.297018  0.231401 -0.371963 -0.898942  0.146016 0.422753 1 42 1.000000
0  -10.421476 -21.226057 -12.325188  0.236467 -0.369302 -0.898721  0.136346 0.418367 1 42 1.000000
0  -10.396229 -21.834585 -12.068486  0.093079 -0.438584 -0.893857  0.136346 0.418367 1 42 1.000000
v_ic_ammo
0  -10.831074 -21.068064 -11.449040  -0.643371 -0.114715 0.756911  0.136244 0.446729 1 42 1.000000
0  -10.723254 -21.754429 -11.461416  -0.648761 -0.115475 0.752180  0.145937 0.440286 1 42 1.000000
0  -10.707314 -21.737526 -11.444971  -0.651046 -0.115797 0.750154  0.136244 0.446729 1 42 1.000000
v_ic_ammo
0  -10.831074 -21.068064 -11.449040  -0.643371 -0.114715 0.756911  0.136244 0.446729 1 42 1.000000
0  -10.961246 -21.293097 -11.593661  -0.643029 -0.114667 0.757209  0.145954 0.440285 1 42 1.000000
0  -10.723254 -21.754429 -11.461416  -0.648761 -0.115475 0.752180  0.145937 0.440286 1 42 1.000000
v_ic_ammo
0  -11.768660 -21.340796 -11.404760  0.926739 -0.069706 0.369184  0.146628 0.252400 1 42 1.000000
0  -11.902812 -21.817001 -11.157919  0.920351 -0.058839 0.386641  0.136957 0.248152 1 42 1.000000
0  -11.893726 -21.833223 -11.181569  0.918594 -0.055966 0.391220  0.146611 0.252400 1 42 1.000000
v_ic_ammo
0  -11.768660 -21.340796 -11.404760  0.926739 -0.069706 0.369184  0.146628 0.252400 1 42 1.000000
0  -11.827002 -21.124022 -11.216784  0.926963 -0.070101 0.368544  0.136957 0.248152 1 42 1.000000
0  -11.902812 -21.817001 -11.157919  0.920351 -0.058839 0.386641  0.136957 0.248152 1 42 1.000000
v_ic_ammo
0  -12.632311 -21.355410 -11.824620  -0.507849 -0.441279 -0.739840  0.136855 0.276514 1 42 1.000000
0  -12.445355 -21.982788 -11.578751  -0.418680 -0.436786 -0.796194  0.146547 0.270078 1 42 1.000000
0  -12.475458 -21.971802 -11.570346  -0.385708 -0.434003 -0.814169  0.136855 0.276514 1 42 1.000000
v_ic_ammo
0  -12.632311 -21.355410 -11.824620  -0.507849 -0.441279 -0.739840  0.136855 0.276514 1 42 1.000000
0  -12.421673 -21.520845 -11.872561  -0.514076 -0.441413 -0.735446  0.146564 0.270077 1 42 1.000000
0  -12.445355 -21.982788 -11.578751  -0.418680 -0.436786 -0.796194  0.146547 0.270078 1 42 1.000000
v_ic_ammo
0  -10.973636 -21.611715 -12.985187  -0.606198 -0.404496 -0.684768  0.146139 0.388591 1 42 1.000000
0  -10.724947 -22.062681 -12.938951  -0.685632 -0.437724 -0.581641  0.136468 0.384280 1 42 1.000000
0  -10.741561 -22.071138 -12.911023  -0.704001 -0.444971 -0.553519  0.146123 0.388591 1 42 1.000000
v_ic_ammo
0  -10.973636 -21.611715 -12.985187  -0.606198 -0.404496 -0.684768  0.146139 0.388591 1 42 1.000000
0  -10.851001 -21.473637 -13.173189  -0.602522 -0.402897 -0.688942  0.136468 0.384280 1 42 1.000000
0  -10.724947 -22.062681 -12.938951  -0.685632 -0.437724 -0.581641  0.136468 0.384280 1 42 1.000000
v_ic_ammo
0  -10.421476 -21.226057 -12.325188  0.153803 -0.002122 0.988099  0.136367 0.412642 1 42 1.000000
0  -10.432859 -21.909575 -12.324883  0.179979 -0.002559 0.983667  0.146059 0.406385 1 42 1.000000
0  -10.404402 -21.895287 -12.330325  0.189165 -0.002713 0.981942  0.136367 0.412642 1 42 1.000000
v_ic_ammo
0  -10.421476 -21.226057 -12.325188  0.153803 -0.002122 0.988099  0.136367 0.412642 1 42 1.000000
0  -10.607427 -21.413668 -12.297018  0.151827 -0.002089 0.988405  0.146074 0.406383 1 42 1.000000
0  -10.432859 -21.909575 -12.324883  0.179979 -0.002559 0.983667  0.146059 0.406385 1 42 1.000000
v_ic_ammo
0  -12.421673 -21.520845 -11.872561  0.257906 0.047206 0.965016  0.146505 0.286533 1 42 1.000000
0  -12.588825 -22.039013 -11.802543  0.278459 0.039835 0.959622  0.136835 0.282216 1 42 1.000000
0  -12.556446 -22.050663 -11.811670  0.283709 0.037941 0.958159  0.146489 0.286534 1 42 1.000000
v_ic_ammo
0  -12.421673 -21.520845 -11.872561  0.257906 0.047206 0.965016  0.146505 0.286533 1 42 1.000000
0  -12.632311 -21.355410 -11.824620  0.257020 0.047522 0.965237  0.136835 0.282216 1 42 1.000000
0  -12.588825 -22.039013 -11.802543  0.278459 0.039835 0.959622  0.136835 0.282216 1 42 1.000000
v_ic_ammo
0  -12.640260 -21.578773 -12.775608  0.319979 -0.388978 -0.863892  0.136733 0.310577 1 42 1.000000
0  -12.561220 -22.192127 -12.470160  0.374471 -0.374215 -0.848372  0.146426 0.304003 1 42 1.000000
0  -12.593811 -22.186113 -12.488070  0.394624 -0.368333 -0.841785  0.136733 0.310577 1 42 1.000000
v_ic_ammo
0  -12.640260 -21.578773 -12.775608  0.319979 -0.388978 -0.863892  0.136733 0.310577 1 42 1.000000
0  -12.428549 -21.697664 -12.644799  0.315377 -0.390151 -0.865055  0.146442 0.304003 1 42 1.000000
0  -12.561220 -22.192127 -12.470160  0.374471 -0.374215 -0.848372  0.146426 0.304003 1 42 1.000000
v_ic_ammo
0  -10.961246 -21.293097 -11.593661  0.874864 -0.239044 -0.421273  0.145894 0.456777 1 42 1.000000
0  -10.924389 -21.724426 -11.272369  0.831859 -0.284058 -0.476782  0.136224 0.452449 1 42 1.000000
0  -10.940179 -21.741035 -11.288714  0.819379 -0.295761 -0.491064  0.145878 0.456778 1 42 1.000000
v_ic_ammo
0  -10.961246 -21.293097 -11.593661  0.874864 -0.239044 -0.421273  0.145894 0.456777 1 42 1.000000
0  -10.831074 -21.068064 -11.449040  0.876267 -0.237430 -0.419266  0.136224 0.452449 1 42 1.000000
0  -10.924389 -21.724426 -11.272369  0.831859 -0.284058 -0.476782  0.136224 0.452449 1 42 1.000000
v_ic_ammo
0  -11.827002 -21.124022 -11.216784  -0.956750 -0.289541 0.028219  0.136122 0.480811 1 42 1.000000
0  -11.623960 -21.785955 -11.124567  -0.947719 -0.304144 -0.096565  0.145814 0.474454 1 42 1.000000
0  -11.632491 -21.770542 -11.102523  -0.939600 -0.308772 -0.147690  0.136122 0.480811 1 42 1.000000
v_ic_ammo
0  -11.827002 -21.124022 -11.216784  -0.956750 -0.289541 0.028219  0.136122 0.480811 1 42 1.000000
0  -11.768660 -21.340796 -11.404760  -0.956809 -0.288510 0.035749  0.145830 0.474453 1 42 1.000000
0  -11.623960 -21.785955 -11.124567  -0.947719 -0.304144 -0.096565  0.145814 0.474454 1 42 1.000000
v_ic_ammo
0  -11.784114 -21.738108 -13.139967  -0.952492 -0.275235 0.130398  0.146262 0.354392 1 42 1.000000
0  -11.652071 -22.234032 -13.222206  -0.934992 -0.284150 0.212248  0.136590 0.350264 1 42 1.000000
0  -11.641883 -22.238874 -13.187242  -0.929898 -0.285959 0.231338  0.146245 0.354393 1 42 1.000000
v_ic_ammo
0  -11.784114 -21.738108 -13.139967  -0.952492 -0.275235 0.130398  0.146262 0.354392 1 42 1.000000
0  -11.844863 -21.625919 -13.353635  -0.953119 -0.274790 0.126707  0.136590 0.350264 1 42 1.000000
0  -11.652071 -22.234032 -13.222206  -0.934992 -0.284150 0.212248  0.136590 0.350264 1 42 1.000000
v_ic_base
0  -11.028075 -18.231253 -13.818284  0.112276 -0.990755 -0.076152  0.134382 0.759388 1 38 1.000000
0  -11.607464 -17.915108 -18.785601  0.117000 -0.960450 -0.252679  0.120346 0.723178 1 38 1.000000
0  -10.845516 -17.831432 -18.750847  0.117005 -0.960349 -0.253062  0.134382 0.723178 1 38 1.000000
v_ic_base
0  -10.643718 -27.998346 -5.406905  0.143153 -0.870335 -0.471195  0.180440 0.599618 1 38 1.000000
0  -10.679460 -28.113962 -5.202226  0.148641 -0.871913 -0.466554  0.167555 0.597484 1 38 1.000000
0  -10.848849 -28.137606 -5.212004  0.143940 -0.870564 -0.470532  0.167555 0.615933 1 38 1.000000
v_ic_base
0  -13.221408 -20.197805 -6.800878  -0.656714 -0.049328 0.752524  0.714208 0.429335 1 38 1.000000
0  -12.172829 -20.060360 -6.249222  -0.236664 -0.017029 0.971442  0.714209 0.471487 1 38 1.000000
0  -12.418175 -19.553391 -6.278672  -0.311320 -0.069846 0.947735  0.730267 0.467410 1 38 1.000000
v_ic_base
0  -9.769386 -36.326412 -3.823258  0.963949 -0.107650 0.243338  0.109474 0.598269 1 38 1.000000
0  -9.736196 -35.899197 -3.753208  0.951357 -0.120415 0.283583  0.125496 0.600602 1 38 1.000000
0  -9.757029 -35.904930 -3.685753  0.953056 -0.118809 0.278510  0.125277 0.602683 1 38 1.000000
v_ic_ammo
0  -11.961206 -20.386202 -13.596784  -0.111413 -0.768835 -0.629666  0.497289 0.575313 1 42 1.000000
0  -12.647616 -20.351690 -13.062486  -0.654184 -0.730021 -0.197768  0.497289 0.677911 1 42 1.000000
0  -12.793191 -20.193291 -13.165729  -0.648508 -0.731998 -0.208847  0.513297 0.688228 1 42 1.000000
v_ic_base
0  -13.958419 -19.500687 -11.894424  -0.987204 -0.109724 -0.115710  0.756573 0.006587 1 38 1.000000
0  -13.831695 -19.742449 -13.872821  -0.990995 -0.124921 -0.048212  0.746501 0.028740 1 38 1.000000
0  -13.321323 -24.192410 -12.833268  -0.986557 -0.109734 -0.121095  0.625070 0.028740 1 38 1.000000
v_ic_base
0  -11.168338 -13.648299 -18.939486  0.968973 0.110719 -0.220982  0.163696 0.802059 1 38 1.000000
0  -11.099277 -13.593380 -18.621832  0.990099 0.104579 -0.093635  0.164816 0.810894 1 38 1.000000
0  -10.936331 -15.152805 -18.675970  0.990322 0.111740 -0.082318  0.112067 0.807665 1 38 1.000000
v_ic_ammo
0  -12.640260 -21.578773 -12.775608  -0.894487 -0.142345 -0.423829  0.308690 0.688292 1 42 1.000000
0  -11.844863 -21.625919 -13.353635  -0.211056 -0.211172 -0.954391  0.308690 0.563812 1 42 1.000000
0  -11.908150 -22.251362 -13.158751  -0.592653 -0.200744 -0.780041  0.240010 0.574767 1 42 1.000000
v_ic_base
0  -10.219088 -35.893734 -4.228681  -0.075923 0.997011 -0.014331  0.130379 0.587432 1 38 1.000000
0  -10.233002 -35.897720 -4.335612  -0.072100 0.997012 -0.027728  0.130379 0.584391 1 38 1.000000
0  -10.636701 -35.927250 -4.347643  -0.090892 0.995110 0.038668  0.127867 0.584092 1 38 1.000000
v_ic_ammo
0  -11.837816 -20.193682 -12.671129  0.113766 -0.971247 0.209134  0.705812 0.675411 1 42 1.000000
0  -12.560526 -20.302980 -12.294860  0.223844 -0.962979 0.150215  0.692292 0.736559 1 42 1.000000
0  -12.565299 -20.445999 -12.959080  0.224462 -0.940076 0.256660  0.650665 0.705085 1 42 1.000000
v_ic_base
0  -12.966613 -14.290880 -6.128007  -0.324255 0.084246 0.942211  0.877468 0.510959 1 38 1.000000
0  -14.119678 -14.445110 -6.806549  -0.670498 0.052899 0.740023  0.877468 0.545434 1 38 1.000000
0  -14.114131 -14.599590 -6.790481  -0.718099 0.086403 0.690556  0.870221 0.545563 1 38 1.000000
v_ic_base
0  -8.103092 -36.194592 -5.911483  0.301526 -0.888017 0.347143  0.161366 0.394407 1 38 1.000000
0  -7.247813 -36.147518 -6.858571  0.415681 -0.883737 0.214986  0.140532 0.394407 1 38 1.000000
0  -7.023021 -36.012886 -6.739780  0.417140 -0.883721 0.212204  0.142632 0.390341 1 38 1.000000
v_ic_base
0  -22.850311 -20.178936 -3.019593  0.661212 0.119356 0.740644  0.868586 0.618883 1 41 1.000000
0  -22.138924 -20.334341 -3.703063  0.725584 0.044841 0.686671  0.873470 0.632766 1 41 1.000000
0  -22.330528 -19.899025 -3.528740  0.739688 0.068841 0.669419  0.862399 0.629126 1 41 1.000000
v_ic_base
0  -10.234849 -35.107700 -5.007049  -0.991389 -0.103728 0.079921  0.164729 0.568985 1 38 1.000000
0  -10.194697 -35.208256 -4.777197  -0.993534 -0.108609 0.033085  0.160300 0.575260 1 38 1.000000
0  -10.270060 -34.531448 -4.833448  -0.993357 -0.102254 0.052778  0.188042 0.575260 1 38 1.000000
v_ic_base
0  -9.620644 -29.486179 -12.895963  -0.248531 -0.004332 0.968614  0.407334 0.025805 1 39 1.000000
0  -10.155439 -24.272018 -13.009894  -0.245924 -0.003814 0.969282  0.473713 0.025805 1 39 1.000000
0  -11.465235 -24.394175 -13.067100  0.159099 0.037250 0.986560  0.473713 0.046961 1 39 1.000000
v_ic_base
0  -16.539021 -20.024734 -3.495511  -0.568807 -0.011497 0.822391  0.259337 0.648031 1 41 1.000000
0  -17.005955 -14.052462 -3.734980  -0.568811 -0.011497 0.822388  0.259337 0.762037 1 41 1.000000
0  -17.226562 -14.077720 -3.887918  -0.568811 -0.011497 0.822388  0.256340 0.762037 1 41 1.000000
v_ic_base
0  -22.717339 -18.391138 -3.676761  0.802046 0.093430 0.589910  0.824672 0.623109 1 41 1.000000
0  -23.138367 -18.408920 -3.101512  0.802045 0.093427 0.589911  0.823749 0.615781 1 41 1.000000
0  -23.087940 -19.004868 -3.075688  0.802046 0.093430 0.589910  0.838747 0.615781 1 41 1.000000
v_ic_base
0  -10.953929 -24.464046 -5.745525  0.967744 0.106828 0.228164  0.554055 0.562710 1 38 1.000000
0  -10.989575 -24.578033 -5.540973  0.967744 0.106821 0.228168  0.549626 0.568985 1 38 1.000000
0  -10.938819 -25.079876 -5.521304  0.967744 0.106820 0.228170  0.530742 0.568985 1 38 1.000000
v_ic_base
0  -11.049030 -24.456604 -5.345648  0.967745 0.106819 0.228166  0.554055 0.575260 1 38 1.000000
0  -10.974466 -25.193859 -5.316752  0.967744 0.106819 0.228169  0.526313 0.575260 1 38 1.000000
0  -10.938819 -25.079876 -5.521304  0.967744 0.106820 0.228170  0.530742 0.568985 1 38 1.000000
v_ic_base
0  -23.307686 -16.243692 -3.208295  0.187811 -0.966990 0.172210  0.769121 0.615781 1 41 1.000000
0  -22.891966 -16.226210 -3.779639  0.095833 -0.994621 0.039297  0.770042 0.623109 1 41 1.000000
0  -22.634659 -16.197622 -3.683574  0.111694 -0.991805 0.062028  0.769065 0.629126 1 41 1.000000
v_ic_base
0  -11.087951 -23.605366 -5.579095  0.967744 0.106820 0.228167  0.586226 0.568985 1 38 1.000000
0  -11.037193 -24.107210 -5.559426  0.967745 0.106821 0.228166  0.567342 0.568985 1 38 1.000000
0  -10.977739 -24.228638 -5.754754  0.967744 0.106821 0.228170  0.562913 0.562710 1 38 1.000000
v_ic_base
0  -10.742069 -27.025208 -5.445055  0.967744 0.106817 0.228171  0.457542 0.568985 1 38 1.000000
0  -10.792825 -26.523363 -5.464725  0.967743 0.106822 0.228171  0.476425 0.568985 1 38 1.000000
0  -10.852281 -26.401937 -5.269403  0.967743 0.106822 0.228173  0.480855 0.575260 1 38 1.000000
v_ic_base
0  -11.147407 -23.483940 -5.383772  0.971628 0.106547 0.211157  0.590655 0.575260 1 38 1.000000
0  -11.072841 -24.221195 -5.354875  0.971623 0.106547 0.211179  0.562913 0.575260 1 38 1.000000
0  -11.037193 -24.107210 -5.559426  0.967745 0.106821 0.228166  0.567342 0.568985 1 38 1.000000
v_ic_base
0  -10.937639 -27.527840 -5.439816  -0.992015 -0.096860 0.080772  0.439814 0.568985 1 38 1.000000
0  -10.886915 -28.030153 -5.420120  -0.992046 -0.096875 0.080372  0.420930 0.568985 1 38 1.000000
0  -10.848849 -28.137606 -5.212004  -0.994664 -0.098343 -0.031189  0.416501 0.575260 1 38 1.000000
v_ic_base
0  -10.694449 -27.496029 -5.426604  0.967806 0.106555 0.228028  0.439825 0.568985 1 38 1.000000
0  -10.643718 -27.998346 -5.406905  0.967815 0.106568 0.227984  0.420941 0.568985 1 38 1.000000
0  -10.584352 -28.121574 -5.602149  0.974397 0.103544 0.199573  0.416512 0.562710 1 38 1.000000
v_ic_base
0  -10.780988 -26.173967 -5.678505  0.990533 0.050499 -0.127650  0.489713 0.562710 1 38 1.000000
0  -10.855554 -25.436712 -5.707402  0.967744 0.106820 0.228171  0.517455 0.562710 1 38 1.000000
0  -10.891200 -25.550699 -5.502850  0.967744 0.106819 0.228169  0.513026 0.568985 1 38 1.000000
v_ic_base
0  -10.840444 -26.052542 -5.483181  0.967744 0.106821 0.228169  0.494142 0.568985 1 38 1.000000
0  -10.891200 -25.550699 -5.502850  0.967744 0.106819 0.228169  0.513026 0.568985 1 38 1.000000
0  -10.950656 -25.429272 -5.307525  0.971629 0.106545 0.211154  0.517455 0.575260 1 38 1.000000
v_ic_base
0  -13.759045 -24.243906 -9.860751  -0.979729 -0.092724 -0.177576  0.625020 0.278015 1 38 1.000000
0  -14.287762 -20.405180 -8.889482  -0.984632 -0.101125 -0.142384  0.731799 0.322869 1 38 1.000000
0  -13.958419 -19.500687 -11.894424  -0.987204 -0.109724 -0.115710  0.759437 0.205982 1 38 1.000000
v_ic_base
0  -10.340004 -12.516199 -6.991344  0.651534 0.748602 -0.122877  0.833261 0.496479 1 38 1.000000
0  -10.155673 -12.689257 -7.165547  0.588169 0.791871 -0.164308  0.822707 0.484087 1 38 1.000000
0  -10.221157 -12.677052 -7.341138  0.624899 0.767903 -0.140804  0.829584 0.469745 1 38 1.000000
v_ic_base
0  -10.136407 -35.955585 -3.257047  0.036031 0.115033 -0.992708  0.126244 0.615588 1 38 1.000000
0  -10.068810 -36.366142 -3.301391  0.038079 0.113502 -0.992808  0.108064 0.613589 1 38 1.000000
0  -10.428405 -36.342560 -3.312487  0.035925 0.115113 -0.992703  0.110423 0.613907 1 38 1.000000
v_ic_ammo
0  -11.917157 -20.324823 -11.557318  -0.238162 0.389913 0.889520  0.454380 0.075409 1 42 1.000000
0  -10.994645 -20.262392 -11.779226  0.573609 0.443110 0.688931  0.454380 0.195457 1 42 1.000000
0  -11.088407 -19.930395 -11.939833  0.566580 0.482790 0.667758  0.497289 0.185310 1 42 1.000000
v_ic_base
0  -10.066157 -19.313002 -6.575863  0.509552 0.048120 0.859093  0.730248 0.437285 1 38 1.000000
0  -10.896843 -19.396660 -6.185170  0.233366 -0.051888 0.971004  0.730248 0.467408 1 38 1.000000
0  -10.981454 -19.929525 -6.194880  0.160767 0.013019 0.986907  0.714190 0.471539 1 38 1.000000
v_ic_base
0  -11.598233 -16.377882 -15.875977  -0.993405 -0.105437 -0.045053  0.082607 0.884473 1 40 1.000000
0  -11.581433 -16.596684 -15.732925  -0.993458 -0.105250 -0.044309  0.075004 0.888239 1 40 1.000000
0  -11.608787 -16.470613 -15.415894  -0.993419 -0.105573 -0.044414  0.078856 0.897258 1 40 1.000000
v_ic_base
0  -11.567730 -16.480143 -16.299490  -0.993341 -0.105879 -0.045420  0.079699 0.872496 1 40 1.000000
0  -11.569894 -16.606619 -15.964819  -0.993388 -0.105350 -0.045631  0.074973 0.881732 1 40 1.000000
0  -11.598233 -16.377882 -15.875977  -0.993405 -0.105437 -0.045053  0.082607 0.884473 1 40 1.000000
v_ic_base
0  -11.567365 -16.306065 -16.719551  -0.993428 -0.105610 -0.044136  0.086142 0.860922 1 40 1.000000
0  -11.545795 -16.526491 -16.677950  -0.993435 -0.105580 -0.044051  0.078618 0.861844 1 40 1.000000
0  -11.567730 -16.480143 -16.299490  -0.993341 -0.105879 -0.045420  0.079699 0.872496 1 40 1.000000
v_ic_base
0  -12.166930 -29.691576 -12.483577  0.207458 -0.955659 0.208991  0.003827 0.078522 1 39 1.000000
0  -13.037126 -29.719799 -11.573592  0.368233 -0.920547 0.130376  0.003827 0.056934 1 39 1.000000
0  -13.166264 -29.802301 -11.791555  0.301548 -0.937321 0.174636  0.008733 0.056934 1 39 1.000000
v_ic_base
0  -10.375103 -31.514444 -5.009422  0.975008 0.095672 0.200515  0.297854 0.575260 1 38 1.000000
0  -10.301200 -32.310486 -4.987661  0.980555 0.102277 0.167484  0.270112 0.575260 1 38 1.000000
0  -10.263562 -32.185051 -5.202157  0.968893 0.097434 0.227494  0.274541 0.568985 1 38 1.000000
v_ic_base
0  -20.996401 -21.577850 -2.637239  -0.176216 -0.053188 -0.982913  0.893185 0.656492 1 41 1.000000
0  -16.846064 -21.243361 -3.399402  -0.176218 -0.053185 -0.982913  0.768787 0.656492 1 41 1.000000
0  -16.830341 -21.444462 -3.391339  -0.176217 -0.053185 -0.982913  0.766227 0.650416 1 41 1.000000
v_ic_base
0  -10.068810 -36.366142 -3.301391  0.028665 -0.994536 0.100384  0.108064 0.613589 1 38 1.000000
0  -10.071515 -36.358135 -3.221902  0.002116 -0.994949 0.100359  0.108333 0.615876 1 38 1.000000
0  -10.407150 -36.333317 -3.231881  -0.069844 -0.989411 0.127230  0.110625 0.616185 1 38 1.000000
v_ic_base
0  -10.873015 -17.624701 -18.613619  0.995760 0.091989 -0.000909  0.049952 0.805766 1 38 1.000000
0  -10.845516 -17.831432 -18.750847  0.987701 0.152946 -0.032482  0.043131 0.801695 1 38 1.000000
0  -10.896538 -17.691187 -19.049320  0.990648 0.093972 -0.098924  0.048456 0.793557 1 38 1.000000
v_ic_base
0  -12.741087 -35.720158 -9.967755  -0.169065 0.008153 0.985571  0.290463 0.264571 1 38 1.000000
0  -12.486030 -35.628716 -9.924808  -0.168888 0.008164 0.985601  0.294669 0.267403 1 38 1.000000
0  -13.445682 -24.311184 -10.182998  -0.179295 0.007487 0.983767  0.619268 0.267403 1 38 1.000000
v_ic_base
0  -23.534935 -20.252991 -3.450597  -0.020849 -0.979506 0.200333  0.868586 0.600496 1 41 1.000000
0  -23.276091 -20.463057 -4.453415  -0.020952 -0.979614 0.199794  0.879147 0.599013 1 41 1.000000
0  -22.138924 -20.334341 -3.703063  -0.020841 -0.979497 0.200378  0.879147 0.619985 1 41 1.000000
v_ic_base
0  -15.659371 -12.901527 -11.385253  0.978577 0.068720 -0.194072  0.590440 0.620927 1 41 1.000000
0  -14.826926 -12.663038 -7.103319  0.978577 0.068730 -0.194071  0.458999 0.620927 1 41 1.000000
0  -14.770496 -13.384804 -7.074380  0.978577 0.068729 -0.194071  0.458999 0.603103 1 41 1.000000
v_ic_base
0  -25.184984 -13.502879 -5.331695  0.551345 0.009657 -0.834222  0.987181 0.740767 1 41 1.000000
0  -21.696350 -13.107667 -3.021441  0.551347 0.009645 -0.834220  0.895720 0.650416 1 41 1.000000
0  -21.680628 -13.308768 -3.013376  0.551347 0.009645 -0.834220  0.893169 0.656492 1 41 1.000000
v_ic_base
0  -22.587366 -19.927105 -3.613508  0.798424 0.093939 0.594722  0.861649 0.623109 1 41 1.000000
0  -22.635736 -19.361525 -3.637851  0.798401 0.093877 0.594763  0.849102 0.623109 1 41 1.000000
0  -23.060196 -19.383411 -3.064607  0.798433 0.093960 0.594707  0.848285 0.615781 1 41 1.000000
v_ic_base
0  -10.753784 -29.157764 -5.169271  -0.995653 -0.092126 -0.013726  0.379901 0.575260 1 38 1.000000
0  -10.825473 -28.379332 -5.202276  -0.994785 -0.096196 -0.033904  0.407643 0.575260 1 38 1.000000
0  -10.840154 -28.513105 -5.400852  -0.992871 -0.088035 0.080362  0.403214 0.568985 1 38 1.000000
v_ic_base
0  -10.656005 -28.355616 -5.192503  0.968124 0.099573 0.229827  0.407654 0.575260 1 38 1.000000
0  -10.583776 -29.133951 -5.159531  0.968128 0.099577 0.229811  0.379912 0.575260 1 38 1.000000
0  -10.547481 -29.011002 -5.365709  0.968490 0.099545 0.228292  0.384341 0.568985 1 38 1.000000
v_ic_base
0  -13.868107 -24.237947 -9.968019  -0.083397 0.021449 0.996285  0.273211 0.030178 1 39 1.000000
0  -13.337366 -30.043089 -9.796771  -0.079180 0.022160 0.996614  0.394161 0.030184 1 39 1.000000
0  -12.881796 -30.183796 -9.757447  -0.079455 0.022114 0.996593  0.395949 0.025924 1 39 1.000000
v_ic_base
0  -7.253901 -29.096790 -11.790978  0.501442 -0.842111 -0.198506  0.016109 0.166786 1 39 1.000000
0  -7.110160 -28.967310 -9.002475  0.583528 -0.812057 0.007627  0.016109 0.208908 1 39 1.000000
0  -7.396939 -29.170406 -8.685533  0.587318 -0.809318 0.007866  0.008733 0.211847 1 39 1.000000
v_ic_base
0  -9.608413 -10.683604 -12.089977  0.662689 -0.725531 -0.185600  0.053940 0.362822 1 38 1.000000
0  -9.473712 -10.530530 -8.958901  0.840958 -0.519430 0.151597  0.119249 0.362822 1 38 1.000000
0  -9.588016 -10.734328 -8.988219  0.850579 -0.506146 0.142589  0.118614 0.368571 1 38 1.000000
v_ic_base
0  -21.037107 -21.057188 -2.658115  -0.543795 -0.014062 0.839100  0.168437 0.630839 1 41 1.000000
0  -21.639921 -13.829430 -2.992499  -0.544747 0.001047 0.838600  0.168437 0.777593 1 41 1.000000
0  -22.314081 -14.422870 -3.429922  -0.547125 0.004560 0.837038  0.152735 0.767505 1 41 1.000000
v_ic_base
0  -9.831654 -23.839481 -13.358703  0.861107 0.040922 -0.506774  0.625904 0.108168 1 38 1.000000
0  -10.257363 -19.380224 -14.394395  0.940775 0.011113 -0.338849  0.746501 0.108168 1 38 1.000000
0  -9.619085 -19.064669 -12.611938  0.927365 0.017170 -0.373763  0.759636 0.126793 1 38 1.000000
v_ic_base
0  -10.985534 -15.161035 -5.897435  0.761151 0.102087 0.640490  0.299732 0.657251 1 38 1.000000
0  -11.228986 -15.179389 -5.605193  0.761151 0.102086 0.640490  0.317432 0.657251 1 38 1.000000
0  -11.116147 -16.252878 -5.568188  0.761152 0.102087 0.640489  0.317432 0.752560 1 38 1.000000
v_ic_ammo
0  -10.961246 -21.293097 -11.593661  -0.555646 -0.514408 -0.653179  0.123176 0.195457 1 42 1.000000
0  -11.768660 -21.340796 -11.404760  0.219090 -0.446732 -0.867427  0.123176 0.075409 1 42 1.000000
0  -12.004676 -20.151819 -11.894775  0.256564 -0.324845 -0.910302  0.004878 0.075409 1 42 1.000000
v_ic_base
0  -10.054562 -35.948597 -3.253389  0.992714 0.100504 0.066460  0.126277 0.615588 1 38 1.000000
0  -10.009133 -36.361046 -3.298724  0.992642 0.102195 0.064942  0.108097 0.613589 1 38 1.000000
0  -9.974457 -36.402805 -3.763052  0.992714 0.100506 0.066459  0.106676 0.600211 1 38 1.000000
v_ic_base
0  -23.257019 -16.845150 -3.182384  0.803742 0.093024 0.587661  0.784291 0.615781 1 41 1.000000
0  -22.841301 -16.827665 -3.753728  0.803743 0.093027 0.587660  0.783485 0.623109 1 41 1.000000
0  -22.891966 -16.226210 -3.779639  0.803742 0.093024 0.587661  0.770042 0.623109 1 41 1.000000
v_ic_base
0  -10.718168 -35.964588 -5.246959  -0.188053 0.919014 0.346482  0.175914 0.378778 1 38 1.000000
0  -10.659372 -35.853954 -5.508497  -0.187655 0.921274 0.340647  0.175364 0.370180 1 38 1.000000
0  -11.798165 -35.965591 -6.106202  -0.327148 0.905517 0.270208  0.162787 0.370180 1 38 1.000000
v_ic_base
0  -22.314081 -14.422870 -3.429922  -0.146591 -0.914005 0.378293  0.152735 0.767505 1 41 1.000000
0  -24.369404 -14.655188 -4.788583  -0.147230 -0.913633 0.378943  0.102808 0.767505 1 41 1.000000
0  -24.030310 -14.758799 -4.906640  -0.147184 -0.913660 0.378896  0.105700 0.764904 1 41 1.000000
v_ic_base
0  -13.037126 -29.719799 -11.573592  0.985562 0.097446 0.138461  0.407334 0.025805 1 39 1.000000
0  -13.533270 -24.520073 -11.715166  0.985631 0.097796 0.137725  0.473713 0.025805 1 39 1.000000
0  -13.901505 -24.434631 -9.140559  0.985602 0.097648 0.138037  0.473713 0.046961 1 39 1.000000
v_ic_base
0  -10.300654 -31.264433 -5.436277  0.971415 0.094627 0.217713  0.306712 0.562710 1 38 1.000000
0  -10.275777 -30.765692 -5.763597  0.969657 0.098798 0.223617  0.324090 0.548422 1 38 1.000000
0  -10.410464 -30.578741 -5.248664  0.971610 0.100023 0.214403  0.330025 0.568985 1 38 1.000000
v_ic_base
0  -21.822575 -20.513849 -3.500027  -0.303379 0.902896 0.304531  0.149841 0.644027 1 41 1.000000
0  -23.547609 -20.709187 -4.640356  -0.303002 0.903327 0.303629  0.105700 0.644027 1 41 1.000000
0  -23.887878 -20.861887 -4.525618  -0.303060 0.903260 0.303768  0.102808 0.641471 1 41 1.000000
v_ic_base
0  -22.891966 -16.226210 -3.779639  -0.349175 0.009050 0.937014  0.770042 0.623109 1 41 1.000000
0  -22.841301 -16.827665 -3.753728  -0.345474 0.011323 0.938360  0.783485 0.623109 1 41 1.000000
0  -22.583910 -16.799137 -3.659309  -0.346858 0.010473 0.937859  0.784235 0.629126 1 41 1.000000
v_ic_base
0  -11.956667 -14.528777 -4.762795  0.756213 0.395603 -0.521192  0.630657 0.989445 1 38 1.000000
0  -12.854393 -14.575970 -6.057520  0.799189 0.213413 -0.561919  0.645649 0.951760 1 38 1.000000
0  -12.912698 -14.456521 -6.095082  0.796616 0.229571 -0.559196  0.650463 0.951004 1 38 1.000000
v_ic_base
0  -7.046824 -36.528698 -11.255278  0.720542 -0.673373 -0.165496  0.163879 0.534217 1 38 1.000000
0  -7.789649 -36.617554 -12.253860  0.480834 -0.757432 -0.441697  0.188226 0.514800 1 38 1.000000
0  -7.757350 -36.556313 -12.323721  0.456692 -0.762892 -0.457632  0.192477 0.517309 1 38 1.000000
v_ic_base
0  -15.073944 -11.091307 -7.989079  -0.911526 -0.076314 0.404099  0.144840 0.362822 1 38 1.000000
0  -14.313693 -10.964338 -6.971820  -0.648404 -0.036087 0.760441  0.165378 0.362822 1 38 1.000000
0  -14.346690 -10.629751 -6.984078  -0.645837 -0.034823 0.762681  0.165378 0.352720 1 38 1.000000
v_ic_base
0  -25.474802 -13.521191 -5.147955  -0.978613 -0.068941 0.193812  0.327553 0.620927 1 41 1.000000
0  -26.307247 -13.759682 -9.429888  -0.978441 -0.070441 0.194141  0.458999 0.620927 1 41 1.000000
0  -26.244875 -14.539476 -9.398474  -0.978462 -0.070263 0.194102  0.458999 0.603103 1 41 1.000000
v_ic_base
0  -9.902324 -36.454067 -4.066827  -0.008948 -0.185566 0.982591  0.104515 0.590740 1 38 1.000000
0  -9.942664 -35.859756 -3.963518  -0.048133 -0.192402 0.980135  0.130575 0.594670 1 38 1.000000
0  -10.001415 -35.903397 -3.974970  -0.040201 -0.201108 0.978744  0.128893 0.594970 1 38 1.000000
v_ic_base
0  -10.288111 -36.020657 -13.025249  -0.169414 -0.016557 -0.985406  0.282931 0.073668 1 38 1.000000
0  -11.447695 -24.119633 -13.026335  -0.172516 -0.016736 -0.984864  0.613900 0.073668 1 38 1.000000
0  -10.256320 -23.988800 -12.971993  0.259782 0.027091 -0.965287  0.613530 0.099836 1 38 1.000000
v_ic_base
0  -10.931526 -10.062936 -7.111638  0.115065 0.955054 0.273189  0.159637 0.346624 1 38 1.000000
0  -10.173779 -10.018378 -7.950620  0.245708 0.956159 0.159332  0.141381 0.346624 1 38 1.000000
0  -10.554383 -9.904346 -8.685993  0.156630 0.985077 0.071348  0.126510 0.341039 2 38 0.750000 44 0.250000
v_ic_base
0  -12.845530 -23.952587 -11.885629  -0.144908 -0.197850 -0.969462  0.646859 0.043563 1 38 1.000000
0  -13.326556 -19.707806 -12.680011  -0.144907 -0.197850 -0.969462  0.724067 0.043563 1 38 1.000000
0  -10.408672 -19.441706 -13.170459  -0.144908 -0.197850 -0.969462  0.724067 0.089754 1 38 1.000000
v_ic_base
0  -10.128292 -35.797958 -4.412594  -0.049433 0.056674 0.997168  0.134513 0.591139 1 38 1.000000
0  -9.997663 -35.786804 -4.406756  -0.049406 0.056676 0.997169  0.134490 0.586929 1 38 1.000000
0  -10.507565 -30.744400 -4.718611  -0.050863 0.053295 0.997283  0.324101 0.586929 1 38 1.000000
v_ic_base
0  -10.596752 -28.481323 -5.387633  0.968477 0.099525 0.228357  0.403225 0.568985 1 38 1.000000
0  -10.547481 -29.011002 -5.365709  0.968490 0.099545 0.228292  0.384341 0.568985 1 38 1.000000
0  -10.488353 -29.141827 -5.560917  0.969724 0.099340 0.223084  0.379912 0.562710 1 38 1.000000
v_ic_base
0  -10.582028 -31.560080 -5.455153  -0.995926 -0.086110 0.026780  0.297843 0.562710 1 38 1.000000
0  -10.512974 -32.354252 -5.426646  -0.995931 -0.085584 0.028228  0.270101 0.562710 1 38 1.000000
0  -10.518885 -32.215931 -5.215831  -0.993405 -0.084314 0.077697  0.274530 0.568985 1 38 1.000000
v_ic_base
0  -11.036015 -26.555174 -5.477940  -0.991970 -0.097153 0.080973  0.476414 0.568985 1 38 1.000000
0  -10.985258 -27.057018 -5.458270  -0.992000 -0.097171 0.080578  0.457531 0.568985 1 38 1.000000
0  -10.947075 -27.162745 -5.250289  -0.994930 -0.100377 0.006258  0.453102 0.575260 1 38 1.000000
v_ic_base
0  -11.462111 -16.228029 -15.395464  -0.100064 0.980804 -0.167365  0.086585 0.897858 1 40 1.000000
0  -11.633161 -16.246815 -15.403267  -0.100069 0.980772 -0.167551  0.089807 0.897858 1 40 1.000000
0  -11.680544 -16.195253 -14.475525  -0.105967 0.992526 -0.060522  0.090830 0.923902 1 40 1.000000
v_ic_base
0  -10.395303 -30.198223 -5.491234  0.970689 0.100943 0.218111  0.343312 0.562710 1 38 1.000000
0  -10.465498 -29.395514 -5.549164  0.968381 0.098812 0.229073  0.371054 0.562710 1 38 1.000000
0  -10.502050 -29.517700 -5.338429  0.968737 0.102071 0.226120  0.366625 0.568985 1 38 1.000000
v_ic_base
0  -13.905570 -14.560849 -3.965544  0.326083 0.069931 0.942751  0.609437 0.782206 1 38 1.000000
0  -13.421350 -19.348482 -3.777895  0.326082 0.069931 0.942751  0.609442 0.937731 1 38 1.000000
0  -11.475738 -19.158783 -4.464922  0.326082 0.069931 0.942751  0.564235 0.937744 1 38 1.000000
v_ic_base
0  -11.182773 -38.281906 -8.936376  0.868775 0.102320 0.484520  0.122855 0.482360 1 38 1.000000
0  -10.648106 -38.252476 -9.528437  0.569803 0.084130 0.817464  0.122855 0.458584 1 38 1.000000
0  -13.319495 -11.476110 -10.422782  0.570011 0.084171 0.817314  0.060421 0.458584 1 38 1.000000
v_ic_base
0  -17.005955 -14.052462 -3.734980  -0.093386 0.995188 -0.029655  0.259337 0.762037 1 41 1.000000
0  -14.799472 -13.940911 -6.939926  -0.093380 0.995189 -0.029648  0.327177 0.762037 1 41 1.000000
0  -15.034563 -13.967826 -7.102904  -0.093380 0.995189 -0.029648  0.327177 0.764908 1 41 1.000000
v_ic_base
0  -6.969578 -35.611320 -8.093965  0.019250 0.035753 0.999175  0.275894 0.333455 1 38 1.000000
0  -6.786809 -35.682468 -8.094972  0.019434 0.035771 0.999171  0.267388 0.325045 1 38 1.000000
0  -8.585068 -19.778931 -8.629368  -0.048764 0.031493 0.998314  0.732196 0.325045 1 38 1.000000
v_ic_base
0  -16.255917 -13.002137 -7.387886  -0.087291 0.995440 -0.038473  0.710155 0.754925 1 41 1.000000
0  -16.878799 -13.180591 -10.591874  -0.087291 0.995440 -0.038473  0.710028 0.853404 1 41 1.000000
0  -18.677134 -13.294121 -9.449111  -0.087291 0.995440 -0.038472  0.769226 0.829365 1 41 1.000000
v_ic_base
0  -10.281288 -18.268082 -5.968452  0.333092 -0.907068 0.257445  0.342640 0.926384 1 38 1.000000
0  -11.193717 -18.293589 -4.880058  0.335961 -0.905150 0.260447  0.342640 0.972065 1 38 1.000000
0  -11.317514 -18.349142 -4.913439  0.335738 -0.905300 0.260213  0.334265 0.978750 1 38 1.000000
v_ic_base
0  -15.149468 -12.896445 -7.163656  -0.087291 0.995440 -0.038473  0.680693 0.742866 1 41 1.000000
0  -15.932808 -13.120869 -11.193012  -0.087291 0.995440 -0.038474  0.680578 0.865364 1 41 1.000000
0  -16.878799 -13.180591 -10.591874  -0.087291 0.995440 -0.038473  0.710028 0.853404 1 41 1.000000
v_ic_base
0  -25.169262 -13.703979 -5.323633  0.978577 0.068729 -0.194072  0.981020 0.743277 1 41 1.000000
0  -25.952604 -13.928402 -9.352989  0.978576 0.068742 -0.194073  0.980857 0.865739 1 41 1.000000
0  -25.968328 -13.727300 -9.361053  0.978576 0.068742 -0.194073  0.987012 0.868263 1 41 1.000000
v_ic_base
0  -17.356991 -12.745749 -3.502824  -0.087286 0.995440 -0.038468  0.762166 0.640691 1 41 1.000000
0  -14.826926 -12.663038 -7.103319  -0.087295 0.995439 -0.038473  0.664740 0.736405 1 41 1.000000
0  -15.165190 -12.695346 -7.171720  -0.087295 0.995439 -0.038473  0.674436 0.740327 1 41 1.000000
v_ic_base
0  -17.546015 -12.773174 -3.783605  -0.087286 0.995440 -0.038468  0.766210 0.650416 1 41 1.000000
0  -21.696350 -13.107667 -3.021441  -0.087292 0.995440 -0.038462  0.895720 0.650416 1 41 1.000000
0  -21.767487 -13.101207 -2.692884  -0.087291 0.995440 -0.038462  0.899794 0.640866 1 41 1.000000
v_ic_base
0  -17.356991 -12.745749 -3.502824  0.176214 0.053190 0.982914  0.327553 0.620927 1 41 1.000000
0  -21.767487 -13.101207 -2.692884  0.176215 0.053188 0.982914  0.200278 0.620927 1 41 1.000000
0  -21.711056 -13.822969 -2.663944  0.176215 0.053188 0.982914  0.200278 0.603103 1 41 1.000000
v_ic_base
0  -21.767487 -13.101207 -2.692884  -0.551347 -0.009661 0.834220  0.200278 0.620927 1 41 1.000000
0  -25.474802 -13.521191 -5.147955  -0.551347 -0.009656 0.834220  0.327553 0.620927 1 41 1.000000
0  -25.418371 -14.242955 -5.119015  -0.551347 -0.009657 0.834220  0.327553 0.603103 1 41 1.000000
v_ic_base
0  -24.846157 -13.822710 -9.128761  -0.087291 0.995440 -0.038474  0.951533 0.853710 1 41 1.000000
0  -24.223270 -13.644258 -5.924770  -0.087291 0.995440 -0.038473  0.951661 0.755231 1 41 1.000000
0  -22.424940 -13.530726 -7.067534  -0.087292 0.995440 -0.038473  0.892463 0.779270 1 41 1.000000
v_ic_base
0  -16.697748 -20.695269 -3.139499  0.814175 0.086678 0.574113  0.327553 0.620927 1 41 1.000000
0  -16.641317 -21.417032 -3.110557  0.814176 0.086678 0.574113  0.327553 0.603103 1 41 1.000000
0  -14.111253 -21.334324 -6.711054  0.814175 0.086676 0.574113  0.458999 0.603103 1 41 1.000000
v_ic_base
0  -15.000130 -20.851049 -11.021927  0.978577 0.068729 -0.194071  0.590440 0.620927 1 41 1.000000
0  -14.167684 -20.612558 -6.739995  0.978577 0.068728 -0.194072  0.458999 0.620927 1 41 1.000000
0  -14.111253 -21.334324 -6.711054  0.978577 0.068728 -0.194071  0.458999 0.603103 1 41 1.000000
v_ic_base
0  -21.696350 -13.107667 -3.021441  -0.087292 0.995440 -0.038462  0.895720 0.650416 1 41 1.000000
0  -25.184984 -13.502879 -5.331695  -0.087288 0.995440 -0.038478  0.987181 0.740767 1 41 1.000000
0  -25.474802 -13.521191 -5.147955  -0.087288 0.995440 -0.038477  0.996895 0.736793 1 41 1.000000
v_ic_base
0  -24.525743 -21.452400 -4.968370  -0.087286 0.995440 -0.038481  0.987181 0.740767 1 41 1.000000
0  -25.309086 -21.676821 -8.997728  -0.087287 0.995440 -0.038472  0.987012 0.868263 1 41 1.000000
0  -25.648006 -21.709200 -9.066563  -0.087287 0.995440 -0.038472  0.996895 0.872280 1 41 1.000000
v_ic_base
0  -24.485037 -21.973061 -4.947494  0.087291 -0.995440 0.038472  0.981036 0.743277 1 41 1.000000
0  -25.268379 -22.197483 -8.976851  0.087291 -0.995440 0.038473  0.980873 0.865739 1 41 1.000000
0  -24.161928 -22.091791 -8.752622  0.087291 -0.995440 0.038473  0.951549 0.853710 1 41 1.000000
v_ic_base
0  -20.765017 -21.599083 -3.711606  0.087291 -0.995440 0.038472  0.881031 0.685444 1 41 1.000000
0  -17.464828 -21.333109 -4.317648  0.087291 -0.995440 0.038471  0.780997 0.685444 1 41 1.000000
0  -16.846064 -21.243361 -3.399402  0.087291 -0.995440 0.038470  0.768787 0.656492 1 41 1.000000
v_ic_base
0  -11.258478 -38.247913 -7.403583  0.083884 -0.996130 0.026246  0.439038 0.919290 1 38 1.000000
0  -10.784524 -38.191216 -6.766440  0.083035 -0.996190 0.026669  0.401667 0.919290 1 38 1.000000
0  -11.136439 -38.219997 -6.734122  0.084442 -0.995896 0.032568  0.416256 0.901109 1 38 1.000000
v_ic_base
0  -25.905956 -14.507095 -9.329638  0.084796 -0.995009 0.052599  0.987012 0.868263 1 41 1.000000
0  -25.128555 -14.224643 -5.302755  0.091269 -0.994818 0.044807  0.987181 0.740767 1 41 1.000000
0  -25.418371 -14.242955 -5.119015  0.091066 -0.994824 0.045089  0.996895 0.736793 1 41 1.000000
v_ic_base
0  -18.149057 -13.064027 -4.693787  -0.087292 0.995440 -0.038473  0.780981 0.685444 1 41 1.000000
0  -21.449240 -13.330001 -4.087744  -0.087291 0.995440 -0.038473  0.881015 0.685444 1 41 1.000000
0  -21.680628 -13.308768 -3.013376  -0.087291 0.995440 -0.038473  0.893169 0.656492 1 41 1.000000
v_ic_base
0  -10.323719 -11.013846 -12.924048  0.110546 0.975842 -0.188445  0.989460 0.168254 1 38 1.000000
0  -10.436956 -10.999853 -12.920560  0.114612 0.974962 -0.190558  0.994235 0.168254 1 38 1.000000
0  -9.808665 -10.890682 -11.984032  0.045951 0.992169 -0.116140  0.994235 0.205863 1 38 1.000000
v_ic_base
0  -21.142868 -13.564843 -5.977289  -0.087291 0.995440 -0.038472  0.863729 0.740254 1 41 1.000000
0  -22.495651 -13.718092 -6.873132  -0.087291 0.995440 -0.038470  0.896004 0.772108 1 41 1.000000
0  -23.892088 -13.806083 -5.981365  -0.087291 0.995440 -0.038471  0.939069 0.754498 1 41 1.000000
v_ic_base
0  -6.995113 -36.788097 -8.041736  0.689838 0.723686 0.020045  0.278061 0.809234 1 38 1.000000
0  -7.208680 -36.836731 -9.205398  0.639176 0.700765 -0.316831  0.261749 0.809234 1 38 1.000000
0  -7.520095 -36.512203 -9.115859  0.635015 0.699690 -0.327399  0.261749 0.781546 1 38 1.000000
v_ic_base
0  -14.826926 -12.663038 -7.103319  -0.087295 0.995439 -0.038473  0.664740 0.736405 1 41 1.000000
0  -15.659371 -12.901527 -11.385253  -0.087290 0.995440 -0.038474  0.664671 0.871872 1 41 1.000000
0  -15.948531 -12.919765 -11.201078  -0.087290 0.995440 -0.038474  0.674436 0.867912 1 41 1.000000
v_ic_base
0  -16.641317 -21.417032 -3.110557  0.087294 -0.995439 0.038473  0.762182 0.640691 1 41 1.000000
0  -16.830341 -21.444462 -3.391339  0.087294 -0.995439 0.038473  0.766227 0.650416 1 41 1.000000
0  -14.449516 -21.366629 -6.779456  0.087287 -0.995440 0.038470  0.674453 0.740327 1 41 1.000000
v_ic_base
0  -16.641317 -21.417032 -3.110557  0.087294 -0.995439 0.038473  0.762182 0.640691 1 41 1.000000
0  -21.051813 -21.772491 -2.300619  0.087292 -0.995439 0.038477  0.899810 0.640866 1 41 1.000000
0  -20.980677 -21.778952 -2.629176  0.087291 -0.995439 0.038477  0.895737 0.650416 1 41 1.000000
v_ic_base
0  -21.449240 -13.330001 -4.087744  -0.087291 0.995440 -0.038473  0.881015 0.685444 1 41 1.000000
0  -24.223270 -13.644258 -5.924770  -0.087291 0.995440 -0.038473  0.951661 0.755231 1 41 1.000000
0  -25.169262 -13.703979 -5.323633  -0.087291 0.995440 -0.038473  0.981020 0.743277 1 41 1.000000
v_ic_base
0  -25.184984 -13.502879 -5.331695  -0.087288 0.995440 -0.038478  0.987181 0.740767 1 41 1.000000
0  -25.968328 -13.727300 -9.361053  -0.087295 0.995439 -0.038471  0.987012 0.868263 1 41 1.000000
0  -26.307247 -13.759682 -9.429888  -0.087295 0.995439 -0.038471  0.996895 0.872280 1 41 1.000000
v_ic_base
0  -25.591574 -22.430965 -9.037621  -0.978577 -0.068728 0.194073  0.459016 0.603103 1 41 1.000000
0  -24.759130 -22.192478 -4.755690  -0.978577 -0.068723 0.194072  0.327570 0.603103 1 41 1.000000
0  -24.815559 -21.470711 -4.784632  -0.978577 -0.068723 0.194072  0.327570 0.620927 1 41 1.000000
v_ic_base
0  -14.826926 -12.663038 -7.103319  0.814176 0.086675 0.574112  0.458999 0.620927 1 41 1.000000
0  -17.356991 -12.745749 -3.502824  0.814176 0.086676 0.574112  0.327553 0.620927 1 41 1.000000
0  -17.300560 -13.467513 -3.473883  0.814176 0.086676 0.574112  0.327553 0.603103 1 41 1.000000
v_ic_base
0  -21.696350 -13.107667 -3.021441  -0.176214 -0.053192 -0.982914  0.895720 0.650416 1 41 1.000000
0  -17.546015 -12.773174 -3.783605  -0.176212 -0.053203 -0.982913  0.766210 0.650416 1 41 1.000000
0  -17.530291 -12.974277 -3.775539  -0.176212 -0.053202 -0.982913  0.768771 0.656492 1 41 1.000000
v_ic_ammo
0  -12.588825 -22.039013 -11.802543  -0.280327 -0.938072 0.203561  0.240010 0.799891 1 42 1.000000
0  -12.593811 -22.186113 -12.488070  -0.284519 -0.936906 0.203117  0.240010 0.697748 1 42 1.000000
0  -12.561220 -22.192127 -12.470160  -0.284412 -0.936936 0.203128  0.224107 0.708449 1 42 1.000000
v_ic_base
0  -21.037107 -21.057188 -2.658115  -0.087291 0.995440 -0.038466  0.895720 0.650416 1 41 1.000000
0  -24.525743 -21.452400 -4.968370  -0.087286 0.995440 -0.038481  0.987181 0.740767 1 41 1.000000
0  -24.815559 -21.470711 -4.784632  -0.087286 0.995440 -0.038480  0.996895 0.736793 1 41 1.000000
v_ic_base
0  -16.886772 -20.722698 -3.420279  -0.087295 0.995439 -0.038485  0.766210 0.650416 1 41 1.000000
0  -21.037107 -21.057188 -2.658115  -0.087291 0.995440 -0.038466  0.895720 0.650416 1 41 1.000000
0  -21.108242 -21.050728 -2.329559  -0.087291 0.995440 -0.038466  0.899794 0.640866 1 41 1.000000
v_ic_base
0  -11.498700 -15.164293 -14.381983  0.106702 -0.992968 0.051268  0.280303 0.653610 1 38 1.000000
0  -11.904319 -15.208837 -14.400484  0.106704 -0.992968 0.051261  0.265739 0.653610 1 38 1.000000
0  -12.104305 -15.259025 -14.956311  0.108408 -0.993973 0.016282  0.265739 0.662531 1 38 1.000000
v_ic_base
0  -8.137654 -23.714746 -9.948986  -0.040215 -0.033626 -0.998625  0.273228 0.042849 1 39 1.000000
0  -7.524987 -29.529846 -9.776369  -0.036842 -0.033529 -0.998758  0.394176 0.042842 1 39 1.000000
0  -7.955645 -29.751919 -9.753030  -0.037056 -0.033535 -0.998750  0.395972 0.046969 1 39 1.000000
v_ic_base
0  -15.232858 -21.591051 -10.808812  -0.978577 -0.068720 0.194074  0.674453 0.867912 1 41 1.000000
0  -14.449516 -21.366629 -6.779456  -0.978576 -0.068742 0.194069  0.674453 0.740327 1 41 1.000000
0  -14.465239 -21.165529 -6.787519  -0.978576 -0.068742 0.194069  0.680709 0.742866 1 41 1.000000
v_ic_base
0  -15.165190 -12.695346 -7.171720  -0.814177 -0.086662 -0.574113  0.674436 0.740327 1 41 1.000000
0  -15.149468 -12.896445 -7.163656  -0.814177 -0.086662 -0.574113  0.680693 0.742866 1 41 1.000000
0  -17.530291 -12.974277 -3.775539  -0.814176 -0.086691 -0.574110  0.768771 0.656492 1 41 1.000000
v_ic_base
0  -16.697748 -20.695269 -3.139499  0.176215 0.053191 0.982914  0.327553 0.620927 1 41 1.000000
0  -21.108242 -21.050728 -2.329559  0.176215 0.053189 0.982914  0.200278 0.620927 1 41 1.000000
0  -21.051813 -21.772491 -2.300619  0.176215 0.053189 0.982914  0.200278 0.603103 1 41 1.000000
v_ic_base
0  -24.759130 -22.192478 -4.755690  -0.551348 -0.009655 0.834219  0.327570 0.603103 1 41 1.000000
0  -21.051813 -21.772491 -2.300619  -0.551345 -0.009654 0.834221  0.200295 0.603103 1 41 1.000000
0  -21.108242 -21.050728 -2.329559  -0.551345 -0.009654 0.834221  0.200295 0.620927 1 41 1.000000
v_ic_base
0  -10.401229 -10.477109 -13.145924  0.675883 0.039510 -0.735949  0.032895 0.352720 1 38 1.000000
0  -9.642241 -10.349144 -12.103086  0.803757 0.058081 -0.592115  0.053940 0.352720 1 38 1.000000
0  -9.608413 -10.683604 -12.089977  0.803758 0.058081 -0.592115  0.053940 0.362822 1 38 1.000000
v_ic_base
0  -23.539045 -21.913340 -5.548633  0.087291 -0.995440 0.038472  0.951677 0.755231 1 41 1.000000
0  -20.765017 -21.599083 -3.711606  0.087291 -0.995440 0.038472  0.881031 0.685444 1 41 1.000000
0  -20.996401 -21.577850 -2.637239  0.087291 -0.995440 0.038472  0.893185 0.656492 1 41 1.000000
v_ic_base
0  -25.309086 -21.676821 -8.997728  -0.978287 -0.072559 0.194137  0.005679 0.630839 1 41 1.000000
0  -24.525743 -21.452400 -4.968370  -0.978266 -0.072604 0.194227  0.087281 0.630839 1 41 1.000000
0  -25.128555 -14.224643 -5.302755  -0.978309 -0.072511 0.194043  0.086918 0.777593 1 41 1.000000
v_ic_base
0  -10.629884 -30.757208 -4.724167  -0.050882 0.053311 0.997281  0.324166 0.592224 1 38 1.000000
0  -10.507565 -30.744400 -4.718611  -0.050863 0.053295 0.997283  0.324101 0.586929 1 38 1.000000
0  -11.066740 -24.882479 -5.041181  -0.050135 0.042041 0.997857  0.537815 0.586929 1 38 1.000000
v_ic_base
0  -11.336526 -16.695940 -17.119608  0.027502 0.159508 -0.986813  0.073011 0.849049 1 40 1.000000
0  -11.506062 -16.714558 -17.127340  0.027512 0.159507 -0.986813  0.071860 0.844957 1 40 1.000000
0  -11.531810 -16.487675 -17.091385  0.027497 0.159509 -0.986814  0.079413 0.844775 1 40 1.000000
v_ic_base
0  -9.000805 -24.140430 -12.444730  -0.222823 0.969494 0.102128  0.129734 0.144202 1 39 1.000000
0  -8.230021 -24.025469 -11.483546  -0.365187 0.930795 0.016110  0.129734 0.166786 1 39 1.000000
0  -8.083318 -23.964457 -11.686872  -0.308566 0.949246 0.060982  0.124583 0.166786 1 39 1.000000
v_ic_base
0  -25.128555 -14.224643 -5.302755  0.091269 -0.994818 0.044807  0.987181 0.740767 1 41 1.000000
0  -21.639921 -13.829430 -2.992499  0.087292 -0.995439 0.038478  0.895720 0.650416 1 41 1.000000
0  -21.711056 -13.822969 -2.663944  0.087291 -0.995439 0.038478  0.899794 0.640866 1 41 1.000000
v_ic_base
0  -24.223270 -13.644258 -5.924770  -0.087291 0.995440 -0.038473  0.951661 0.755231 1 41 1.000000
0  -24.846157 -13.822710 -9.128761  -0.087291 0.995440 -0.038474  0.951533 0.853710 1 41 1.000000
0  -25.952604 -13.928402 -9.352989  -0.087291 0.995440 -0.038474  0.980857 0.865739 1 41 1.000000
v_ic_base
0  -11.391358 -14.117890 -6.056156  -0.107073 0.993279 -0.043952  0.877468 0.472364 1 38 1.000000
0  -11.373768 -14.131764 -6.412539  -0.107072 0.993279 -0.043951  0.884551 0.472339 1 38 1.000000
0  -12.949021 -14.304753 -6.484390  -0.107032 0.993284 -0.043939  0.884551 0.513073 1 38 1.000000
v_ic_base
0  -15.248581 -21.389952 -10.816875  0.087290 -0.995440 0.038472  0.680594 0.865364 1 41 1.000000
0  -14.465239 -21.165529 -6.787519  0.087291 -0.995440 0.038473  0.680709 0.742866 1 41 1.000000
0  -15.571690 -21.271221 -7.011748  0.087291 -0.995440 0.038473  0.710171 0.754925 1 41 1.000000
v_ic_base
0  -10.673908 -12.538989 -6.626301  0.735406 0.121837 0.666584  0.833261 0.524850 1 38 1.000000
0  -10.818904 -12.729607 -6.431194  0.726727 0.136326 0.673263  0.822016 0.535355 1 38 1.000000
0  -10.774989 -13.088050 -6.406018  0.738979 0.129237 0.661217  0.798693 0.535355 1 38 1.000000
v_ic_base
0  -17.489584 -13.494939 -3.754663  0.087266 -0.995443 0.038444  0.766210 0.650416 1 41 1.000000
0  -15.092928 -13.414906 -7.134348  0.085894 -0.995576 0.038079  0.674436 0.740327 1 41 1.000000
0  -14.770496 -13.384804 -7.074380  0.085900 -0.995574 0.038140  0.664740 0.736405 1 41 1.000000
v_ic_base
0  -7.322436 -36.785656 -6.902248  0.595548 0.725654 0.344601  0.294537 0.809234 1 38 1.000000
0  -6.995113 -36.788097 -8.041736  0.689838 0.723686 0.020045  0.278061 0.809234 1 38 1.000000
0  -7.329167 -36.468731 -8.075560  0.690160 0.723499 0.015098  0.278061 0.781546 1 38 1.000000
v_ic_base
0  -16.194574 -21.449673 -10.215736  0.087291 -0.995440 0.038472  0.710044 0.853404 1 41 1.000000
0  -15.571690 -21.271221 -7.011748  0.087291 -0.995440 0.038473  0.710171 0.754925 1 41 1.000000
0  -17.675053 -21.472141 -7.438010  0.087292 -0.995440 0.038473  0.769241 0.779114 1 41 1.000000
v_ic_base
0  -17.464828 -21.333109 -4.317648  0.087291 -0.995440 0.038471  0.780997 0.685444 1 41 1.000000
0  -20.765017 -21.599083 -3.711606  0.087291 -0.995440 0.038472  0.881031 0.685444 1 41 1.000000
0  -20.325153 -21.639446 -5.753982  0.087291 -0.995440 0.038474  0.856462 0.743690 1 41 1.000000
v_ic_base
0  -12.410499 -13.560677 -16.546474  -0.741454 0.669263 -0.048301  0.167546 0.870739 1 38 1.000000
0  -12.412944 -13.573195 -15.029206  -0.739303 0.655536 0.153957  0.164886 0.913136 1 38 1.000000
0  -12.287740 -13.432314 -15.027843  -0.738394 0.655622 0.157904  0.169151 0.913136 1 38 1.000000
v_ic_base
0  -15.897834 -21.109798 -6.977029  0.087292 -0.995440 0.038472  0.722883 0.754363 1 41 1.000000
0  -17.552626 -21.163897 -4.622118  0.087292 -0.995440 0.038471  0.780392 0.697892 1 41 1.000000
0  -18.470030 -21.296761 -5.978333  0.087292 -0.995440 0.038472  0.798111 0.739947 1 41 1.000000
v_ic_base
0  -14.465239 -21.165529 -6.787519  0.087291 -0.995440 0.038473  0.680709 0.742866 1 41 1.000000
0  -16.846064 -21.243361 -3.399402  0.087291 -0.995440 0.038470  0.768787 0.656492 1 41 1.000000
0  -17.464828 -21.333109 -4.317648  0.087291 -0.995440 0.038471  0.780997 0.685444 1 41 1.000000
v_ic_base
0  -24.469313 -22.174164 -4.939430  0.978577 0.068728 -0.194071  0.987198 0.740767 1 41 1.000000
0  -25.252655 -22.398584 -8.968788  0.978576 0.068743 -0.194072  0.987029 0.868263 1 41 1.000000
0  -25.268379 -22.197483 -8.976851  0.978576 0.068742 -0.194072  0.980873 0.865739 1 41 1.000000
v_ic_base
0  -14.943699 -21.572813 -10.992987  0.087290 -0.995440 0.038475  0.664687 0.871872 1 41 1.000000
0  -14.111253 -21.334324 -6.711054  0.087287 -0.995440 0.038470  0.664756 0.736405 1 41 1.000000
0  -14.449516 -21.366629 -6.779456  0.087287 -0.995440 0.038470  0.674453 0.740327 1 41 1.000000
v_ic_base
0  -15.289289 -20.869289 -10.837752  -0.087295 0.995439 -0.038470  0.674436 0.867912 1 41 1.000000
0  -14.505946 -20.644865 -6.808395  -0.087293 0.995439 -0.038473  0.674436 0.740327 1 41 1.000000
0  -14.167684 -20.612558 -6.739995  -0.087293 0.995439 -0.038473  0.664740 0.736405 1 41 1.000000
v_ic_base
0  -22.058563 -21.890871 -8.326359  0.087291 -0.995440 0.038472  0.892479 0.829522 1 41 1.000000
0  -21.740711 -21.799809 -6.691397  0.087291 -0.995440 0.038472  0.892479 0.779270 1 41 1.000000
0  -23.539045 -21.913340 -5.548633  0.087291 -0.995440 0.038472  0.951677 0.755231 1 41 1.000000
v_ic_base
0  -14.142211 -19.536989 -7.280733  -0.918082 -0.084959 -0.387178  0.759893 0.565234 1 38 1.000000
0  -14.351246 -19.534319 -6.796180  -0.915116 -0.084137 -0.394314  0.759893 0.560886 1 38 1.000000
0  -14.714476 -14.770634 -6.969656  -0.955024 -0.096361 -0.280434  0.857153 0.560886 1 38 1.000000
v_ic_base
0  -7.558460 -29.122961 -8.701641  -0.993347 -0.104693 0.047961  0.407397 0.046961 1 39 1.000000
0  -8.117805 -23.895220 -8.887956  -0.993349 -0.104566 0.048193  0.473776 0.046961 1 39 1.000000
0  -8.230021 -24.025469 -11.483546  -0.993349 -0.104619 0.048096  0.473776 0.025805 1 39 1.000000
v_ic_base
0  -12.266359 -36.693745 -11.551970  -0.731974 -0.135279 -0.667767  0.212662 0.479737 1 38 1.000000
0  -11.411082 -36.646664 -12.499058  -0.568697 -0.122981 -0.813301  0.212662 0.502431 1 38 1.000000
0  -11.382706 -36.865875 -12.485752  -0.564826 -0.122646 -0.816045  0.223324 0.502431 1 38 1.000000
v_ic_base
0  -8.820469 -18.936457 -11.660069  0.806898 0.058934 -0.587744  0.759457 0.205982 1 38 1.000000
0  -9.508322 -19.052935 -12.616587  0.804663 0.057559 -0.590935  0.759457 0.168373 1 38 1.000000
0  -10.323719 -11.013846 -12.924048  0.804216 0.058228 -0.591478  0.989434 0.168373 1 38 1.000000
v_ic_base
0  -13.007588 -10.566662 -13.437543  -0.193614 0.897161 -0.397008  0.832543 0.114714 1 38 1.000000
0  -11.453651 -10.396014 -13.366663  0.021502 0.922700 -0.384919  0.768788 0.114714 1 38 1.000000
0  -11.407918 -10.612963 -13.763661  -0.001382 0.842307 -0.538997  0.768569 0.125007 1 38 1.000000
v_ic_base
0  -22.717339 -18.391138 -3.676761  -0.327349 0.011373 0.944835  0.824672 0.623109 1 41 1.000000
0  -22.666914 -18.987085 -3.650936  -0.323664 0.013615 0.946074  0.837941 0.623109 1 41 1.000000
0  -22.410700 -18.958973 -3.563686  -0.325037 0.012780 0.945615  0.838692 0.629126 1 41 1.000000
v_ic_base
0  -8.994237 -35.910175 -12.967421  0.262103 0.027110 -0.964659  0.266364 0.126509 1 38 1.000000
0  -10.256320 -23.988800 -12.971993  0.259782 0.027091 -0.965287  0.625040 0.126509 1 38 1.000000
0  -9.212607 -23.852066 -12.424600  0.129629 -0.001652 -0.991561  0.625040 0.161122 1 38 1.000000
v_ic_base
0  -14.346690 -10.629751 -6.984078  -0.645837 -0.034823 0.762681  0.165378 0.352720 1 38 1.000000
0  -14.313693 -10.964338 -6.971820  -0.648404 -0.036087 0.760441  0.165378 0.362822 1 38 1.000000
0  -13.188116 -10.816602 -6.375187  -0.267944 0.015141 0.963315  0.176772 0.362822 1 38 1.000000
v_ic_ammo
0  -10.404402 -21.895287 -12.330325  0.887179 0.018002 -0.461074  0.240010 0.328729 1 42 1.000000
0  -10.724947 -22.062681 -12.938951  0.884371 0.003634 -0.466770  0.240010 0.431270 1 42 1.000000
0  -10.851001 -21.473637 -13.173189  0.616578 -0.080944 -0.783122  0.308690 0.442542 1 42 1.000000
v_ic_ammo
0  -10.432859 -21.909575 -12.324883  0.450172 -0.892902 0.008508  0.224107 0.343478 1 42 1.000000
0  -10.741561 -22.071138 -12.911023  0.458402 -0.888738 0.003566  0.224107 0.417353 1 42 1.000000
0  -10.724947 -22.062681 -12.938951  0.458079 -0.888903 0.003761  0.240010 0.431270 1 42 1.000000
v_ic_base
0  -10.375103 -31.514444 -5.009422  -0.077521 0.838808 -0.538879  0.154623 0.597484 1 38 1.000000
0  -10.314081 -31.643627 -5.217991  -0.074539 0.837869 -0.540759  0.141735 0.599618 1 38 1.000000
0  -10.566204 -31.674871 -5.231649  -0.076907 0.838616 -0.539267  0.141735 0.613800 1 38 1.000000
v_ic_base
0  -11.384376 -36.766033 -6.397626  0.083891 -0.996130 0.026236  0.036478 0.433780 1 38 1.000000
0  -10.428081 -36.672283 -5.895707  0.083888 -0.996130 0.026222  0.024898 0.457828 1 38 1.000000
0  -10.536865 -36.671852 -5.531416  0.083888 -0.996130 0.026219  0.015587 0.455602 1 38 1.000000
v_ic_base
0  -22.920776 -15.819154 -3.802766  -0.091560 0.995791 0.004066  0.758056 0.623109 1 41 1.000000
0  -23.341665 -15.837306 -3.237040  0.062739 0.994929 0.078608  0.758860 0.615781 1 41 1.000000
0  -23.211479 -15.848338 -3.201314  0.032223 0.997431 0.063979  0.759476 0.618883 1 41 1.000000
v_ic_ammo
0  -12.475458 -21.971802 -11.570346  -0.615894 0.148412 0.773724  0.240010 0.823339 1 42 1.000000
0  -11.902812 -21.817001 -11.157919  -0.602626 0.132769 0.786902  0.240010 0.919001 1 42 1.000000
0  -11.827002 -21.124022 -11.216784  -0.223553 0.288486 0.931021  0.308690 0.931075 1 42 1.000000
v_ic_base
0  -10.873015 -17.624701 -18.613619  -0.117393 0.953051 0.279128  0.280303 0.712914 1 38 1.000000
0  -10.874307 -17.546757 -18.762003  -0.117598 0.878721 0.462622  0.280303 0.710141 1 38 1.000000
0  -11.636255 -17.630430 -18.796757  -0.117599 0.878723 0.462619  0.265739 0.710141 1 38 1.000000
v_ic_base
0  -11.417937 -16.264627 -16.286337  -0.112414 0.990451 0.079809  0.086521 0.872863 1 40 1.000000
0  -11.588989 -16.283413 -16.294140  -0.112417 0.990446 0.079871  0.090011 0.872863 1 40 1.000000
0  -11.598233 -16.377882 -15.875977  -0.107818 0.993753 -0.028808  0.085975 0.884473 1 40 1.000000
v_ic_base
0  -11.466625 -16.619122 -14.425364  0.118082 -0.916552 -0.382086  0.072057 0.924604 1 40 1.000000
0  -11.636159 -16.637739 -14.433097  0.118083 -0.916551 -0.382087  0.065731 0.924136 1 40 1.000000
0  -11.635061 -16.448309 -14.887164  0.115273 -0.978384 -0.171690  0.075957 0.912093 1 40 1.000000
v_ic_base
0  -11.396312 -16.287279 -16.711750  -0.094002 0.962147 -0.255806  0.086314 0.860922 1 40 1.000000
0  -11.567365 -16.306065 -16.719551  -0.093965 0.962025 -0.256277  0.089669 0.860922 1 40 1.000000
0  -11.588989 -16.283413 -16.294140  -0.112417 0.990446 0.079871  0.090011 0.872863 1 40 1.000000
v_ic_base
0  -14.332537 -19.913181 -6.700457  0.093376 -0.995189 0.029646  0.327177 0.648031 1 41 1.000000
0  -16.539021 -20.024734 -3.495511  0.093381 -0.995189 0.029646  0.259337 0.648031 1 41 1.000000
0  -16.759630 -20.049992 -3.648449  0.093381 -0.995189 0.029646  0.259319 0.645161 1 41 1.000000
v_ic_base
0  -11.411901 -16.578066 -15.725192  0.096957 -0.971931 0.214358  0.075161 0.888239 1 40 1.000000
0  -11.581433 -16.596684 -15.732925  0.096981 -0.972005 0.214010  0.071500 0.888239 1 40 1.000000
0  -11.569894 -16.606619 -15.964819  0.114806 -0.981328 -0.154320  0.071449 0.881732 1 40 1.000000
v_ic_base
0  -13.130665 -19.450403 -12.774506  -0.722174 -0.099921 -0.684456  0.759437 0.168373 1 38 1.000000
0  -13.958419 -19.500687 -11.894424  -0.721936 -0.099854 -0.684717  0.759437 0.205982 1 38 1.000000
0  -14.771482 -11.461688 -12.209510  -0.724225 -0.100502 -0.682200  0.989414 0.205982 1 38 1.000000
v_ic_base
0  -10.896538 -17.691187 -19.049320  0.052144 -0.060850 -0.996784  0.134382 0.720279 1 38 1.000000
0  -11.559555 -17.763996 -19.079561  0.052144 -0.060850 -0.996784  0.120346 0.720279 1 38 1.000000
0  -11.716576 -16.192408 -19.183716  0.044280 0.011665 -0.998951  0.120346 0.709056 1 38 1.000000
v_ic_base
0  -11.400360 -16.588001 -15.957087  0.114812 -0.981294 -0.154535  0.075130 0.881732 1 40 1.000000
0  -11.569894 -16.606619 -15.964819  0.114806 -0.981328 -0.154320  0.071449 0.881732 1 40 1.000000
0  -11.567730 -16.480143 -16.299490  0.113628 -0.986815 -0.115263  0.076321 0.872496 1 40 1.000000
v_ic_base
0  -11.427181 -16.359098 -15.868175  -0.107813 0.993750 -0.028922  0.082764 0.884473 1 40 1.000000
0  -11.598233 -16.377882 -15.875977  -0.107818 0.993753 -0.028808  0.085975 0.884473 1 40 1.000000
0  -11.633161 -16.246815 -15.403267  -0.100069 0.980772 -0.167551  0.089807 0.897858 1 40 1.000000
v_ic_base
0  -14.001405 -11.210643 -13.298572  -0.600066 -0.091834 -0.794662  0.032878 0.362822 1 38 1.000000
0  -14.859702 -11.260282 -12.329504  -0.742190 -0.101034 -0.662530  0.053924 0.362822 1 38 1.000000
0  -14.893530 -10.925820 -12.342612  -0.742191 -0.101033 -0.662529  0.053924 0.352720 1 38 1.000000
v_ic_base
0  -14.035232 -10.876182 -13.311681  -0.599641 -0.091802 -0.794986  0.032878 0.352720 1 38 1.000000
0  -12.972207 -10.784748 -13.835012  -0.434808 -0.079131 -0.897040  0.020928 0.352720 1 38 1.000000
0  -12.938380 -11.119209 -13.821905  -0.434809 -0.079131 -0.897039  0.020928 0.362822 1 38 1.000000
v_ic_base
0  -12.378063 -19.285574 -5.872930  0.835039 -0.183863 -0.518560  0.645666 0.951760 1 38 1.000000
0  -11.501687 -19.027302 -4.586479  0.815748 -0.297558 -0.495999  0.630673 0.989445 1 38 1.000000
0  -11.475738 -19.158783 -4.464922  0.817321 -0.290399 -0.497649  0.634875 0.992711 1 38 1.000000
v_ic_base
0  -11.055737 -15.310959 -18.684233  0.106129 -0.992386 0.062502  0.280303 0.696716 1 38 1.000000
0  -11.134910 -15.143857 -15.896675  0.107885 -0.993786 0.027382  0.280303 0.670404 1 38 1.000000
0  -12.127077 -15.252813 -15.941930  0.107883 -0.993786 0.027399  0.265739 0.670404 1 38 1.000000
v_ic_base
0  -12.234823 -29.771927 -12.784787  -0.182221 -0.929194 -0.321550  0.008733 0.078522 1 39 1.000000
0  -13.166264 -29.802301 -11.791555  -0.378602 -0.915318 -0.137306  0.008733 0.056934 1 39 1.000000
0  -13.427069 -29.653440 -12.061401  -0.336948 -0.922846 -0.186603  0.016109 0.056934 1 39 1.000000
v_ic_base
0  -8.340004 -36.506077 -6.261561  0.083885 -0.996130 0.026244  0.036478 0.508565 1 38 1.000000
0  -7.621789 -36.466545 -7.056874  0.083884 -0.996130 0.026240  0.057346 0.525207 1 38 1.000000
0  -7.262615 -36.431805 -6.886211  0.083884 -0.996130 0.026235  0.053446 0.534217 1 38 1.000000
v_ic_ammo
0  -10.589494 -20.385784 -12.592629  0.965480 0.251911 -0.066249  0.454380 0.318615 1 42 1.000000
0  -11.006788 -20.602079 -13.385018  0.594968 -0.023259 -0.803413  0.454380 0.442542 1 42 1.000000
0  -11.099249 -20.251204 -13.433897  0.567742 0.034908 -0.822466  0.497289 0.431275 1 42 1.000000
v_ic_base
0  -11.093328 -13.164995 -6.614281  -0.185850 -0.744967 0.640691  0.792926 0.549288 1 38 1.000000
0  -10.825003 -13.359209 -6.737984  -0.179817 -0.693070 0.698083  0.775909 0.532480 1 38 1.000000
0  -10.590658 -13.261107 -6.580222  -0.186094 -0.747185 0.638030  0.788657 0.524509 1 38 1.000000
v_ic_base
0  -11.510605 -24.544170 -13.800933  -0.144060 0.894998 -0.422167  0.117851 0.099722 1 39 1.000000
0  -12.885101 -24.643757 -13.249908  -0.298737 0.876446 -0.377622  0.117851 0.078522 1 39 1.000000
0  -12.746496 -24.446161 -12.902127  -0.316821 0.873366 -0.369942  0.124583 0.078522 1 39 1.000000
v_ic_base
0  -10.536865 -36.671852 -5.531416  -0.100859 -0.767116 0.633530  0.015587 0.455602 1 38 1.000000
0  -9.269160 -36.563602 -5.474758  0.179418 -0.737184 0.651437  0.015587 0.486744 1 38 1.000000
0  -9.267404 -36.501247 -5.404675  0.168934 -0.738438 0.652817  0.009918 0.487639 1 38 1.000000
v_ic_base
0  -10.015880 -36.353382 -3.219416  0.154148 -0.981834 0.110637  0.076377 0.627431 1 38 1.000000
0  -10.071515 -36.358135 -3.221902  0.002116 -0.994949 0.100359  0.072098 0.627431 1 38 1.000000
0  -10.068810 -36.366142 -3.301391  0.028665 -0.994536 0.100384  0.071943 0.623240 1 38 1.000000
v_ic_base
0  -9.246140 -36.912010 -5.549068  0.077916 0.677785 0.731120  0.356946 0.809234 1 38 1.000000
0  -8.125819 -36.829876 -6.012626  0.377767 0.708320 0.596301  0.335406 0.809234 1 38 1.000000
0  -8.340004 -36.506077 -6.261561  0.372485 0.707824 0.600199  0.335406 0.781546 1 38 1.000000
v_ic_base
0  -10.955891 -29.682287 -13.300272  0.004446 -0.924485 -0.381191  0.008733 0.099722 1 39 1.000000
0  -12.234823 -29.771927 -12.784787  -0.182221 -0.929194 -0.321550  0.008733 0.078522 1 39 1.000000
0  -12.398472 -29.616650 -13.138632  -0.163257 -0.928900 -0.332404  0.016109 0.078522 1 39 1.000000
v_ic_base
0  -8.083318 -23.964457 -11.686872  0.350724 0.922021 -0.163923  0.124583 0.166786 1 39 1.000000
0  -7.969123 -23.822933 -8.875186  0.387364 0.919837 -0.062032  0.124583 0.211847 1 39 1.000000
0  -7.652062 -23.976940 -9.178959  0.389408 0.918950 -0.062388  0.117851 0.208908 1 39 1.000000
v_ic_base
0  -10.679690 -10.565266 -6.806064  0.568267 0.090403 0.817863  0.165394 0.362822 1 38 1.000000
0  -10.713516 -10.230803 -6.819173  0.568750 0.089565 0.817619  0.165394 0.352720 1 38 1.000000
0  -11.901025 -10.337082 -6.328044  0.165198 0.059745 0.984449  0.176789 0.352720 1 38 1.000000
v_ic_base
0  -8.702458 -18.924055 -9.446481  0.167567 0.984807 -0.045571  0.440349 0.105422 1 38 1.000000
0  -9.061830 -18.863237 -9.436705  0.165296 0.984925 -0.050991  0.445680 0.109319 1 38 1.000000
0  -9.052579 -18.857628 -9.298371  0.166211 0.984881 -0.048808  0.445680 0.119144 1 38 1.000000
v_ic_base
0  -13.861629 -10.637953 -12.968140  -0.321498 0.886472 -0.332877  0.040009 0.346622 1 38 1.000000
0  -14.619375 -10.682511 -12.129159  -0.477281 0.852478 -0.213270  0.058265 0.346622 1 38 1.000000
0  -14.261982 -10.415237 -11.588939  -0.429321 0.890419 -0.151122  0.069361 0.341039 2 38 0.750000 44 0.250000
v_ic_base
0  -11.391358 -14.117890 -6.056156  -0.107073 0.993279 -0.043952  0.877468 0.472364 1 38 1.000000
0  -10.594699 -14.044073 -6.328708  -0.107074 0.993279 -0.043955  0.877468 0.447320 1 38 1.000000
0  -10.597005 -14.064363 -6.781580  -0.107073 0.993279 -0.043953  0.884551 0.440148 1 38 1.000000
v_ic_base
0  -8.381749 -38.058956 -9.427145  -0.463152 -0.019517 0.886064  0.122871 0.435233 1 38 1.000000
0  -11.235098 -11.247209 -10.327708  -0.463501 -0.019571 0.885880  0.060438 0.435233 1 38 1.000000
0  -11.889845 -11.333033 -10.672173  -0.263050 0.003942 0.964774  0.060438 0.458584 1 38 1.000000
v_ic_base
0  -9.105762 -23.840757 -12.429355  -0.041286 -0.026694 -0.998791  0.625040 0.168373 1 38 1.000000
0  -7.692465 -35.829113 -12.348073  0.041756 -0.001850 -0.999126  0.266364 0.168373 1 38 1.000000
0  -7.836775 -35.796555 -12.354166  0.236778 0.021114 -0.971334  0.266364 0.161122 1 38 1.000000
v_ic_base
0  -12.877851 -10.335526 -12.694675  -0.154939 0.950672 -0.268733  0.824963 0.105431 2 38 0.750000 44 0.250000
0  -11.686321 -10.204676 -12.640326  -0.029094 0.964078 -0.264022  0.776077 0.105431 2 38 0.750000 44 0.250000
0  -11.453651 -10.396014 -13.366663  0.021502 0.922700 -0.384919  0.768788 0.114714 1 38 1.000000
v_ic_ammo
0  -10.589494 -20.385784 -12.592629  0.965480 0.251911 -0.066249  0.454380 0.318615 1 42 1.000000
0  -10.421476 -21.226057 -12.325188  0.987341 0.156308 -0.026925  0.308690 0.318615 1 42 1.000000
0  -10.851001 -21.473637 -13.173189  0.616578 -0.080944 -0.783122  0.308690 0.442542 1 42 1.000000
v_ic_ammo
0  -10.857838 -19.953171 -12.718977  -0.317374 0.927271 -0.198602  0.667302 0.935208 1 42 1.000000
0  -11.183136 -19.851551 -12.067107  -0.239251 0.898640 -0.367703  0.712045 0.899050 1 42 1.000000
0  -11.012259 -19.710032 -11.883658  -0.281082 0.868542 -0.408201  0.732112 0.909964 1 42 1.000000
v_ic_base
0  -14.771482 -11.461688 -12.209510  -0.279693 0.953351 -0.113546  0.989425 0.168254 1 38 1.000000
0  -14.632446 -11.420412 -12.204058  -0.275211 0.950448 -0.144593  0.994200 0.168254 1 38 1.000000
0  -13.844924 -11.374104 -13.076007  -0.301209 0.925773 -0.228510  0.994200 0.205863 1 38 1.000000
v_ic_ammo
0  -10.580914 -19.844776 -12.748031  -0.375117 0.906879 -0.191983  0.671952 0.958373 1 42 1.000000
0  -11.024556 -20.077219 -13.590278  -0.274835 0.961399 0.013291  0.596875 0.938773 1 42 1.000000
0  -11.192410 -20.128469 -13.354161  -0.236941 0.970823 -0.036905  0.611389 0.920489 1 42 1.000000
v_ic_base
0  -8.925619 -38.130001 -10.385761  0.083886 -0.996130 0.026238  0.207195 0.901109 1 38 1.000000
0  -7.969325 -38.036251 -9.883842  0.089413 -0.995504 0.031264  0.225643 0.901109 1 38 1.000000
0  -8.381749 -38.058956 -9.427145  0.084737 -0.996069 0.025795  0.225643 0.919290 1 38 1.000000
v_ic_ammo
0  -11.947685 -19.986164 -11.733714  -0.116961 -0.394163 0.911567  0.497289 0.081969 1 42 1.000000
0  -11.088407 -19.930395 -11.939833  0.546756 -0.379230 0.746487  0.497289 0.185310 1 42 1.000000
0  -11.012259 -19.710032 -11.883658  0.570515 -0.382551 0.726751  0.513297 0.195630 1 42 1.000000
v_ic_base
0  -22.920776 -15.819154 -3.802766  0.797328 0.093834 0.596208  0.758056 0.623109 1 41 1.000000
0  -22.969707 -15.251318 -3.826697  0.797327 0.093834 0.596208  0.745459 0.623109 1 41 1.000000
0  -23.390572 -15.269782 -3.260957  0.797328 0.093834 0.596208  0.744545 0.615781 1 41 1.000000
v_ic_base
0  -13.972919 -19.786549 -7.761292  -0.948223 -0.083897 0.306326  0.730354 0.390142 1 38 1.000000
0  -13.919508 -20.314644 -7.740591  -0.918611 -0.076917 0.387606  0.714206 0.390142 1 38 1.000000
0  -13.221408 -20.197805 -6.800878  -0.656714 -0.049328 0.752524  0.714208 0.429335 1 38 1.000000
v_ic_ammo
0  -11.088407 -19.930395 -11.939833  0.546756 -0.379230 0.746487  0.497289 0.205588 1 42 1.000000
0  -10.710816 -20.048349 -12.696486  0.850265 -0.513839 0.114104  0.495573 0.315280 1 42 1.000000
0  -10.580914 -19.844776 -12.748031  0.850078 -0.516889 0.100958  0.513297 0.318582 1 42 1.000000
v_ic_base
0  -10.938819 -25.079876 -5.521304  0.143089 -0.873153 -0.465971  0.180440 0.599618 1 38 1.000000
0  -10.974466 -25.193859 -5.316752  0.148305 -0.874645 -0.461520  0.167555 0.597484 1 38 1.000000
0  -11.143826 -25.217415 -5.326534  0.143819 -0.873364 -0.465351  0.167555 0.615933 1 38 1.000000
v_ic_base
0  -13.188116 -10.816602 -6.375187  -0.076152 -0.779552 0.621691  0.176772 0.362822 1 38 1.000000
0  -14.313693 -10.964338 -6.971820  -0.306305 -0.812123 0.496621  0.165378 0.362822 1 38 1.000000
0  -14.137146 -11.143627 -7.155754  -0.309653 -0.811811 0.495052  0.161223 0.368571 1 38 1.000000
v_ic_ammo
0  -10.924389 -21.724426 -11.272369  0.195056 -0.775529 0.600423  0.240010 0.177763 1 42 1.000000
0  -11.632491 -21.770542 -11.102523  0.196634 -0.766129 0.611867  0.240009 0.085588 1 42 1.000000
0  -11.623960 -21.785955 -11.124567  0.196606 -0.766299 0.611663  0.224107 0.092433 1 42 1.000000
v_ic_base
0  -9.977978 -10.172810 -11.917453  0.295900 0.937842 -0.181373  0.058290 0.346624 1 38 1.000000
0  -9.865051 -10.032679 -9.025829  0.335894 0.941648 0.021769  0.118616 0.346624 1 38 1.000000
0  -9.507540 -10.196070 -8.972010  0.413405 0.910270 0.022454  0.119249 0.352720 1 38 1.000000
v_ic_base
0  -13.299028 -30.043921 -10.029048  0.127828 -0.016997 -0.991651  0.394160 0.042844 1 39 1.000000
0  -13.832474 -24.245363 -10.198930  0.131747 -0.016918 -0.991139  0.273211 0.042840 1 39 1.000000
0  -13.405813 -24.033714 -10.145829  0.131497 -0.016923 -0.991172  0.271422 0.046971 1 39 1.000000
v_ic_base
0  -7.332666 -37.960094 -9.027976  0.084924 -0.996137 0.022346  0.261749 0.901109 1 38 1.000000
0  -7.141738 -37.916618 -7.987677  0.083886 -0.996130 0.026236  0.278061 0.901109 1 38 1.000000
0  -7.765659 -37.969894 -8.015563  0.083887 -0.996130 0.026233  0.278061 0.919290 1 38 1.000000
v_ic_base
0  -8.337111 -23.715570 -11.472754  0.992555 0.107892 -0.056508  0.625040 0.205982 1 38 1.000000
0  -8.820469 -18.936457 -11.660069  0.993894 0.097500 -0.051655  0.759457 0.205982 1 38 1.000000
0  -8.585068 -19.778931 -8.629368  0.993783 0.098568 -0.051771  0.731819 0.322869 1 38 1.000000
v_ic_base
0  -16.986147 -14.352777 -8.056107  0.824549 0.087569 0.558973  0.976684 0.950153 1 41 1.000000
0  -18.899942 -14.424424 -5.221818  0.824549 0.087569 0.558973  0.976684 0.979393 1 41 1.000000
0  -18.431255 -20.174454 -5.012378  0.824548 0.087570 0.558974  0.941597 0.979393 1 41 1.000000
v_ic_base
0  -11.360758 -16.468891 -17.083582  -0.077818 0.892871 -0.443537  0.080652 0.850307 1 40 1.000000
0  -11.531810 -16.487675 -17.091385  -0.077813 0.892871 -0.443539  0.083612 0.847491 1 40 1.000000
0  -11.567365 -16.306065 -16.719551  -0.093965 0.962025 -0.256277  0.089669 0.860922 1 40 1.000000
v_ic_base
0  -11.398197 -16.461525 -16.291758  0.113623 -0.986834 -0.115104  0.079856 0.872496 1 40 1.000000
0  -11.567730 -16.480143 -16.299490  0.113628 -0.986815 -0.115263  0.076321 0.872496 1 40 1.000000
0  -11.545795 -16.526491 -16.677950  0.093569 -0.960658 0.261498  0.075325 0.861844 1 40 1.000000
v_ic_base
0  -14.346690 -10.629751 -6.984078  -0.418092 0.840129 0.345518  0.165378 0.352720 1 38 1.000000
0  -14.143474 -10.415662 -7.258143  -0.342262 0.905440 0.251067  0.159612 0.346622 1 38 1.000000
0  -14.815177 -10.528080 -8.162326  -0.457498 0.880200 0.126268  0.141356 0.346622 1 38 1.000000
v_ic_base
0  -10.338531 -18.321110 -6.081328  0.876057 0.069904 -0.477114  0.334265 0.923763 1 38 1.000000
0  -10.529111 -16.436796 -6.155185  0.876059 0.069903 -0.477110  0.437889 0.923763 1 38 1.000000
0  -10.463505 -16.466448 -6.039066  0.876059 0.069903 -0.477110  0.431378 0.926384 1 38 1.000000
v_ic_base
0  -10.713516 -10.230803 -6.819173  0.194476 0.906549 0.374631  0.165394 0.352720 1 38 1.000000
0  -10.931526 -10.062936 -7.111638  0.115065 0.955054 0.273189  0.159637 0.346624 1 38 1.000000
0  -11.988210 -10.157525 -6.675058  -0.039000 0.943678 0.328559  0.169769 0.346624 1 38 1.000000
v_ic_base
0  -6.682916 -35.699528 -8.085456  0.984689 0.134218 0.111237  0.114810 0.378778 1 38 1.000000
0  -7.063953 -35.696686 -6.758973  0.864770 0.141196 0.481909  0.142901 0.378778 1 38 1.000000
0  -7.023021 -36.012886 -6.739780  0.863649 0.141173 0.483921  0.142632 0.390341 1 38 1.000000
v_ic_base
0  -10.657351 -30.610384 -5.261588  -0.993420 -0.038658 0.107803  0.330014 0.568985 1 38 1.000000
0  -10.757497 -30.815493 -5.785524  -0.959194 -0.067470 0.274579  0.324079 0.548422 1 38 1.000000
0  -10.604120 -31.303123 -5.460294  -0.960400 -0.088568 0.264176  0.306701 0.562710 1 38 1.000000
v_ic_base
0  -11.701764 -38.268547 -6.889030  -0.828932 -0.322138 0.457274  0.432463 0.901109 1 38 1.000000
0  -12.053685 -37.183937 -6.871968  -0.759467 -0.255833 0.598130  0.427716 0.809234 1 38 1.000000
0  -12.243364 -37.205845 -7.122182  -0.868411 -0.320824 0.378066  0.439038 0.809234 1 38 1.000000
v_ic_base
0  -17.489584 -13.494939 -3.754663  0.493288 0.134858 0.859349  0.249834 0.777593 1 41 1.000000
0  -21.639921 -13.829430 -2.992499  0.175604 0.060106 0.982624  0.168437 0.777593 1 41 1.000000
0  -21.037107 -21.057188 -2.658115  0.175604 0.060106 0.982624  0.168437 0.630839 1 41 1.000000
v_ic_base
0  -11.298328 -13.313547 -16.532391  0.587271 0.809390 0.000602  0.171811 0.869834 1 38 1.000000
0  -11.430086 -13.338130 -14.988724  0.567072 0.794470 0.217361  0.169175 0.913136 1 38 1.000000
0  -11.279449 -13.448719 -14.977505  0.567181 0.795441 0.213494  0.164910 0.913136 1 38 1.000000
v_ic_base
0  -23.341665 -15.837306 -3.237040  -0.498970 0.003947 0.866610  0.758860 0.615781 1 41 1.000000
0  -23.307686 -16.243692 -3.208295  -0.524456 0.013861 0.851325  0.769121 0.615781 1 41 1.000000
0  -23.183012 -16.207420 -3.177072  -0.256527 0.046462 0.965420  0.768538 0.618883 1 41 1.000000
v_ic_base
0  -10.203589 -33.324371 -4.916981  0.063816 -0.069121 -0.995565  0.167555 0.597484 1 38 1.000000
0  -10.179539 -33.562325 -4.898942  0.063677 -0.069036 -0.995580  0.154623 0.597484 1 38 1.000000
0  -10.366000 -33.584782 -4.909312  0.063779 -0.069098 -0.995569  0.154623 0.615933 1 38 1.000000
v_ic_base
0  -15.092928 -13.414906 -7.134348  0.085894 -0.995576 0.038079  0.674436 0.740327 1 41 1.000000
0  -15.892101 -13.641531 -11.172136  0.087360 -0.995430 0.038578  0.674436 0.867912 1 41 1.000000
0  -15.602942 -13.623292 -11.356312  0.087262 -0.995438 0.038590  0.664671 0.871872 1 41 1.000000
v_ic_base
0  -11.298328 -13.313547 -16.532391  -0.107395 0.993510 -0.037469  0.134382 0.666526 1 38 1.000000
0  -12.282842 -13.421663 -16.577297  -0.107394 0.993509 -0.037497  0.120346 0.666526 1 38 1.000000
0  -12.287740 -13.432314 -15.027843  -0.115081 0.979651 0.164439  0.120346 0.653907 1 38 1.000000
v_ic_base
0  -6.899348 -36.150116 -8.071661  0.460943 -0.884447 0.072694  0.115354 0.394407 1 38 1.000000
0  -7.027567 -36.246410 -11.317828  0.442481 -0.891242 -0.099487  0.052138 0.394407 1 38 1.000000
0  -6.791454 -36.116863 -11.428229  0.437995 -0.892401 -0.108543  0.049866 0.390341 1 38 1.000000
v_ic_base
0  -9.295781 -36.282036 -5.417981  0.161085 0.080560 0.983647  0.212741 0.336285 1 38 1.000000
0  -10.589655 -36.392517 -5.475809  -0.269821 0.023503 0.962623  0.212741 0.306964 1 38 1.000000
0  -10.561276 -36.611729 -5.462503  -0.256104 0.025502 0.966313  0.223340 0.306964 1 38 1.000000
v_ic_base
0  -11.728447 -36.504158 -6.073512  -0.169723 -0.932108 0.319951  0.161345 0.394407 1 38 1.000000
0  -10.589655 -36.392517 -5.475809  -0.028244 -0.917125 0.397597  0.175121 0.394407 1 38 1.000000
0  -10.677236 -36.280788 -5.227768  -0.034036 -0.915688 0.400446  0.175920 0.390341 1 38 1.000000
v_ic_base
0  -11.168338 -13.648299 -18.939486  -0.073446 0.870749 -0.486212  0.134382 0.692655 1 38 1.000000
0  -12.125946 -13.753460 -18.983166  -0.073445 0.870748 -0.486214  0.120346 0.692655 1 38 1.000000
0  -12.107009 -13.573745 -18.664177  -0.090808 0.950429 -0.297387  0.120346 0.685187 1 38 1.000000
v_ic_base
0  -13.023291 -19.438189 -12.760056  -0.442933 -0.050227 -0.895147  0.759437 0.161122 1 38 1.000000
0  -13.844924 -11.374104 -13.076007  -0.474706 -0.082699 -0.876251  0.989414 0.161122 1 38 1.000000
0  -12.957324 -11.300009 -13.563855  -0.470400 -0.082960 -0.878545  0.989414 0.127707 1 38 1.000000
v_ic_base
0  -10.682612 -27.146633 -5.640383  0.967740 0.106825 0.228185  0.453113 0.562710 1 38 1.000000
0  -10.757178 -26.409378 -5.669279  0.967752 0.106817 0.228137  0.480855 0.562710 1 38 1.000000
0  -10.792825 -26.523363 -5.464725  0.967743 0.106822 0.228171  0.476425 0.568985 1 38 1.000000
v_ic_base
0  -11.756527 -16.099340 -14.274623  -0.107104 0.993243 -0.044686  0.096430 0.929003 1 38 1.000000
0  -11.472979 -16.068203 -14.261689  -0.107038 0.993255 -0.044578  0.090138 0.929003 1 38 1.000000
0  -11.464389 -16.075077 -14.435492  -0.107074 0.993249 -0.044637  0.090138 0.924796 1 38 1.000000
v_ic_base
0  -10.361406 -31.129263 -5.225178  0.138629 -0.859499 -0.491979  0.180440 0.599618 1 38 1.000000
0  -10.398753 -31.256842 -5.010901  0.144002 -0.861113 -0.487594  0.167555 0.597484 1 38 1.000000
0  -10.573271 -31.280281 -5.021045  0.139561 -0.859782 -0.491221  0.167555 0.615933 1 38 1.000000
v_ic_ammo
0  -10.940179 -21.741035 -11.288714  -0.157375 -0.561333 -0.812489  0.224107 0.169511 1 42 1.000000
0  -11.623960 -21.785955 -11.124567  -0.157923 -0.562260 -0.811741  0.224107 0.092433 1 42 1.000000
0  -11.768660 -21.340796 -11.404760  0.219090 -0.446732 -0.867427  0.123176 0.075409 1 42 1.000000
v_ic_base
0  -9.967101 -36.411263 -3.851039  0.059752 0.161263 -0.985101  0.106380 0.597674 1 38 1.000000
0  -10.021415 -35.917221 -3.768846  0.043336 0.168594 -0.984732  0.128124 0.600865 1 38 1.000000
0  -9.736196 -35.899197 -3.753208  0.050092 0.165585 -0.984923  0.125496 0.600602 1 38 1.000000
v_ic_base
0  -22.969707 -15.251318 -3.826697  -0.359114 0.006700 0.933270  0.745459 0.623109 1 41 1.000000
0  -22.920776 -15.819154 -3.802766  -0.356064 0.008700 0.934421  0.758056 0.623109 1 41 1.000000
0  -22.662693 -15.790402 -3.704690  -0.357298 0.007891 0.933957  0.758806 0.629126 1 41 1.000000
v_ic_base
0  -11.483727 -24.354673 -13.408362  -0.065360 0.990726 0.119119  0.124583 0.099722 1 39 1.000000
0  -12.746496 -24.446161 -12.902127  0.012050 0.992734 0.119721  0.124583 0.078522 1 39 1.000000
0  -12.670768 -24.482706 -12.605015  0.030146 0.993065 0.113639  0.129734 0.078522 1 39 1.000000
v_ic_base
0  -10.021415 -35.917221 -3.768846  -0.080083 0.995045 0.058928  0.087604 0.593726 1 38 1.000000
0  -10.129607 -35.926460 -3.773682  -0.094683 0.993814 0.058039  0.096790 0.593726 1 38 1.000000
0  -10.129750 -35.931133 -3.693843  -0.094420 0.993899 0.056999  0.096543 0.601471 1 38 1.000000
v_ic_base
0  -9.974457 -36.402805 -3.763052  0.183197 -0.976849 0.110472  0.076810 0.611061 1 38 1.000000
0  -10.049099 -36.409176 -3.766387  -0.026168 -0.995003 0.096358  0.071665 0.611061 1 38 1.000000
0  -10.045985 -36.418003 -3.854565  -0.018322 -0.994523 0.102902  0.071519 0.606087 1 38 1.000000
v_ic_base
0  -7.195488 -35.155499 -9.368444  0.988680 0.110318 -0.101699  0.294688 0.275251 1 38 1.000000
0  -7.228587 -35.155437 -9.688620  0.988633 0.110288 -0.102183  0.294688 0.267403 1 38 1.000000
0  -8.527777 -23.759914 -9.959062  0.990876 0.111956 -0.075043  0.619288 0.267403 1 38 1.000000
v_ic_base
0  -11.196947 -38.213924 -6.309744  -0.507160 -0.243580 0.826715  0.401666 0.901109 1 38 1.000000
0  -10.240653 -38.120171 -5.807826  -0.228114 -0.221144 0.948187  0.379364 0.901109 1 38 1.000000
0  -10.461510 -37.015789 -5.603385  -0.242106 -0.223210 0.944226  0.379364 0.809234 1 38 1.000000
v_ic_base
0  -10.102962 -34.285839 -4.841333  0.063678 -0.075269 -0.995128  0.167555 0.597484 1 38 1.000000
0  -10.078088 -34.509571 -4.822839  0.063571 -0.075197 -0.995140  0.154623 0.597484 1 38 1.000000
0  -10.270060 -34.531448 -4.833448  0.063659 -0.075256 -0.995130  0.154623 0.615933 1 38 1.000000
v_ic_base
0  -11.009384 -15.133370 -19.074301  0.035898 0.086635 -0.995593  0.134382 0.700237 1 38 1.000000
0  -11.966991 -15.238531 -19.117979  0.035906 0.086563 -0.995599  0.120346 0.700237 1 38 1.000000
0  -12.125946 -13.753460 -18.983166  0.035051 0.094073 -0.994948  0.120346 0.692655 1 38 1.000000
v_ic_base
0  -10.027377 -35.922394 -3.689265  -0.080223 0.995123 0.057397  0.087851 0.601471 1 38 1.000000
0  -10.129750 -35.931133 -3.693843  -0.094420 0.993899 0.056999  0.096543 0.601471 1 38 1.000000
0  -10.136407 -35.955585 -3.257047  -0.088026 0.994670 0.053685  0.095671 0.620794 1 38 1.000000
v_ic_base
0  -11.756527 -16.099340 -14.274623  -0.188982 -0.168106 -0.967484  0.503372 0.030161 1 38 1.000000
0  -11.904319 -15.208837 -14.400484  0.007195 -0.145785 -0.989290  0.480112 0.027303 1 38 1.000000
0  -11.498700 -15.164293 -14.381983  0.104560 -0.128272 -0.986212  0.480112 0.046297 1 38 1.000000
v_ic_base
0  -21.051813 -21.772491 -2.300619  0.087292 -0.995439 0.038477  0.899810 0.640866 1 41 1.000000
0  -24.759130 -22.192478 -4.755690  0.087294 -0.995440 0.038468  0.996911 0.736793 1 41 1.000000
0  -24.469313 -22.174164 -4.939430  0.087294 -0.995440 0.038468  0.987198 0.740767 1 41 1.000000
v_ic_ammo
0  -12.421673 -21.520845 -11.872561  0.883239 -0.222834 -0.412595  0.122877 0.810723 1 42 1.000000
0  -11.768660 -21.340796 -11.404760  0.219090 -0.446732 -0.867427  0.122877 0.931075 1 42 1.000000
0  -11.893726 -21.833223 -11.181569  0.598588 -0.451709 -0.661552  0.224107 0.911758 1 42 1.000000
v_ic_base
0  -5.575716 -27.495066 -13.364794  0.926156 -0.185652 -0.328280  0.241358 0.012399 1 39 1.000000
0  -5.539405 -27.265539 -13.393702  0.923781 -0.175588 -0.340291  0.241209 0.002734 1 39 1.000000
0  -5.381974 -27.357485 -11.345064  0.991971 -0.089816 -0.089036  0.278346 0.002734 1 39 1.000000
v_ic_ammo
0  -10.607427 -21.413668 -12.297018  -0.921379 -0.380061 0.081329  0.123603 0.318615 1 42 1.000000
0  -10.961246 -21.293097 -11.593661  -0.555646 -0.514408 -0.653179  0.123603 0.195457 1 42 1.000000
0  -11.316316 -20.106344 -12.060101  -0.565038 -0.442240 -0.696531  0.004878 0.195457 1 42 1.000000
v_ic_base
0  -10.470414 -30.447474 -5.045765  -0.080006 0.827680 -0.555469  0.154623 0.597484 1 38 1.000000
0  -10.410464 -30.578741 -5.248664  -0.076764 0.826632 -0.557483  0.141735 0.599618 1 38 1.000000
0  -10.657351 -30.610384 -5.261588  -0.079314 0.827457 -0.555900  0.141735 0.613800 1 38 1.000000
v_ic_base
0  -10.491010 -32.603317 -5.411468  -0.134924 0.882469 0.450604  0.154623 0.615933 1 38 1.000000
0  -10.474809 -32.714142 -5.185626  -0.128204 0.886650 0.444314  0.141735 0.613800 1 38 1.000000
0  -10.216371 -32.683659 -5.171884  -0.136169 0.881684 0.451765  0.141735 0.599618 1 38 1.000000
v_ic_base
0  -10.054562 -35.948597 -3.253389  -0.087135 0.994764 0.053402  0.088722 0.620794 1 38 1.000000
0  -10.136407 -35.955585 -3.257047  -0.088026 0.994670 0.053685  0.095671 0.620794 1 38 1.000000
0  -10.136618 -35.959728 -3.180273  -0.088216 0.994698 0.052857  0.095436 0.626532 1 38 1.000000
v_ic_base
0  -12.211962 -36.885666 -8.293788  0.083884 -0.996130 0.026233  0.083367 0.411200 1 38 1.000000
0  -12.021035 -36.842194 -7.253492  0.083882 -0.996130 0.026238  0.057346 0.417139 1 38 1.000000
0  -12.395449 -36.870090 -7.115615  0.083882 -0.996130 0.026237  0.053446 0.408129 1 38 1.000000
v_ic_base
0  -7.027567 -36.246410 -11.317828  0.442481 -0.891242 -0.099487  0.052138 0.394407 1 38 1.000000
0  -7.785727 -36.337101 -12.337027  0.327156 -0.905517 -0.270200  0.032649 0.394407 1 38 1.000000
0  -7.620482 -36.216026 -12.542696  0.327668 -0.905464 -0.269756  0.028555 0.390341 1 38 1.000000
v_ic_base
0  -7.785727 -36.337101 -12.337027  0.327156 -0.905517 -0.270200  0.032649 0.394407 1 38 1.000000
0  -8.924520 -36.448742 -12.934731  0.178747 -0.919926 -0.348979  0.021833 0.394407 1 38 1.000000
0  -8.865723 -36.338104 -13.196270  0.178110 -0.919986 -0.349146  0.016729 0.390341 1 38 1.000000
v_ic_base
0  -10.589655 -36.392517 -5.475809  -0.269821 0.023503 0.962623  0.212716 0.336301 1 38 1.000000
0  -11.728447 -36.504158 -6.073512  -0.653013 -0.038618 0.756361  0.212662 0.352544 1 38 1.000000
0  -11.700071 -36.723370 -6.060207  -0.641135 -0.036461 0.766562  0.223324 0.352544 1 38 1.000000
v_ic_base
0  -7.785727 -36.337101 -12.337027  0.641124 0.036466 -0.766570  0.212687 0.502431 1 38 1.000000
0  -7.027567 -36.246410 -11.317828  0.797702 0.066882 -0.599331  0.212687 0.479737 1 38 1.000000
0  -6.999190 -36.465622 -11.304523  0.797700 0.066882 -0.599334  0.223350 0.479737 1 38 1.000000
v_ic_base
0  -12.486608 -36.594852 -7.092711  -0.913543 -0.094245 0.395674  0.212662 0.376805 1 38 1.000000
0  -12.713969 -36.646622 -8.331536  -0.991660 -0.127072 0.021515  0.212662 0.406124 1 38 1.000000
0  -12.685592 -36.865833 -8.318232  -0.991538 -0.126627 0.028601  0.223324 0.406163 1 38 1.000000
v_ic_base
0  -12.713969 -36.646622 -8.331536  -0.991660 -0.127072 0.021515  0.212662 0.406124 1 38 1.000000
0  -12.266359 -36.693745 -11.551970  -0.981649 -0.135222 -0.134462  0.212662 0.479737 1 38 1.000000
0  -12.237984 -36.912956 -11.538664  -0.981649 -0.135223 -0.134462  0.223324 0.479737 1 38 1.000000
v_ic_base
0  -7.247813 -36.147518 -6.858571  0.864767 0.141198 0.481914  0.212687 0.376805 1 38 1.000000
0  -8.103092 -36.194592 -5.911483  0.564817 0.122653 0.816050  0.212687 0.352544 1 38 1.000000
0  -8.074714 -36.413803 -5.898176  0.568683 0.122987 0.813311  0.223350 0.352544 1 38 1.000000
v_ic_base
0  -7.317531 -35.608944 -6.891258  0.247681 0.955688 0.159107  0.145054 0.370180 1 38 1.000000
0  -8.172808 -35.656029 -5.944173  0.137791 0.947920 0.287162  0.162808 0.370180 1 38 1.000000
0  -7.999176 -35.748161 -5.723357  0.140659 0.948148 0.285008  0.162269 0.378778 1 38 1.000000
v_ic_base
0  -11.279449 -13.448719 -14.977505  0.957699 0.111941 0.265107  0.164910 0.913136 1 38 1.000000
0  -11.121930 -15.006146 -14.916462  0.955399 0.112796 0.272929  0.112077 0.913136 1 38 1.000000
0  -11.012298 -14.993635 -15.927215  0.992268 0.104852 0.066407  0.113598 0.884748 1 38 1.000000
v_ic_base
0  -10.537584 -19.635372 -14.499848  -0.988742 -0.085917 0.122508  0.734911 0.097503 1 38 1.000000
0  -10.145997 -23.661592 -13.556168  -0.981381 -0.052119 0.184867  0.635660 0.097503 1 38 1.000000
0  -9.922563 -23.686024 -12.376932  -0.983819 -0.061106 0.168424  0.646859 0.089754 1 38 1.000000
v_ic_base
0  -13.631680 -10.402113 -12.302259  -0.255841 0.935823 -0.242450  0.053836 0.341039 2 38 0.750000 44 0.250000
0  -12.877851 -10.335526 -12.694675  -0.154939 0.950672 -0.268733  0.044918 0.341039 2 38 0.750000 44 0.250000
0  -13.007588 -10.566662 -13.437543  -0.193614 0.897161 -0.397008  0.029384 0.346622 1 38 1.000000
v_ic_base
0  -11.988210 -10.157525 -6.675058  -0.039000 0.943678 0.328559  0.205723 0.412944 1 38 1.000000
0  -13.134541 -10.283411 -6.727345  -0.195725 0.926650 0.320955  0.185306 0.412944 1 38 1.000000
0  -13.213725 -10.481238 -6.387919  -0.227205 0.863502 0.450268  0.183827 0.408475 1 38 1.000000
v_ic_base
0  -11.411082 -36.646664 -12.499058  -0.568697 -0.122981 -0.813301  0.212662 0.502431 1 38 1.000000
0  -10.218394 -36.559223 -12.992559  -0.171349 -0.081780 -0.981810  0.212662 0.515025 1 38 1.000000
0  -10.190017 -36.778435 -12.979253  -0.161086 -0.080563 -0.983647  0.223324 0.515025 1 38 1.000000
v_ic_base
0  -9.303351 -35.843777 -5.183726  -0.008327 0.937737 0.347247  0.175936 0.378778 1 38 1.000000
0  -7.999176 -35.748161 -5.723357  0.140659 0.948148 0.285008  0.162269 0.378778 1 38 1.000000
0  -8.172808 -35.656029 -5.944173  0.137791 0.947920 0.287162  0.162808 0.370180 1 38 1.000000
v_ic_base
0  -10.924991 -12.511268 -6.786485  -0.357017 0.744509 0.564133  0.844485 0.532272 1 38 1.000000
0  -11.144082 -12.752870 -6.645332  -0.421495 0.711041 0.562816  0.827063 0.549288 1 38 1.000000
0  -10.818904 -12.729607 -6.431194  -0.353428 0.746230 0.564119  0.822016 0.535355 1 38 1.000000
v_ic_base
0  -15.302203 -11.170593 -9.224756  -0.447429 -0.892638 0.054821  0.119233 0.362822 1 38 1.000000
0  -14.859702 -11.260282 -12.329504  -0.469876 -0.851956 -0.231058  0.053924 0.362822 1 38 1.000000
0  -14.632446 -11.420412 -12.204058  -0.474981 -0.852656 -0.217650  0.056189 0.368571 1 38 1.000000
v_ic_base
0  -11.480800 -36.108101 -12.531746  -0.379933 -0.037082 -0.924270  0.266344 0.161122 1 38 1.000000
0  -12.544956 -24.217613 -12.567560  -0.382667 -0.037028 -0.923144  0.625020 0.161122 1 38 1.000000
0  -11.447695 -24.119633 -13.026335  -0.172516 -0.016736 -0.984864  0.625020 0.126509 1 38 1.000000
v_ic_base
0  -11.099277 -13.593380 -18.621832  0.990099 0.104579 -0.093635  0.164816 0.810894 1 38 1.000000
0  -11.148562 -13.422095 -16.488914  0.993782 0.102070 0.044489  0.167570 0.870739 1 38 1.000000
0  -11.012298 -14.993635 -15.927215  0.992268 0.104852 0.066407  0.113598 0.884748 1 38 1.000000
v_ic_base
0  -12.618212 -36.920815 -8.329387  -0.629501 -0.776586 0.025364  0.083807 0.401200 1 38 1.000000
0  -12.395449 -36.870090 -7.115615  -0.548240 -0.790587 0.272773  0.053446 0.408129 1 38 1.000000
0  -12.458230 -36.814060 -7.079405  -0.536250 -0.791081 0.294325  0.049952 0.404505 1 38 1.000000
v_ic_base
0  -10.684245 -34.874023 -6.676770  -0.222354 0.942960 0.247762  0.265449 0.457353 1 38 1.000000
0  -10.981577 -34.903664 -6.828359  -0.221073 0.942870 0.249244  0.265449 0.449565 1 38 1.000000
0  -11.525111 -35.256809 -5.974571  -0.224591 0.943107 0.245170  0.254981 0.444868 1 38 1.000000
v_ic_base
0  -22.666914 -18.987085 -3.650936  -0.090381 0.995881 0.007239  0.837941 0.623109 1 41 1.000000
0  -23.087940 -19.004868 -3.075688  0.086242 0.991850 0.093782  0.838747 0.615781 1 41 1.000000
0  -22.961092 -19.018148 -3.051876  0.054048 0.995475 0.078158  0.839399 0.618883 1 41 1.000000
v_ic_base
0  -14.035232 -10.876182 -13.311681  -0.360549 0.841218 -0.402936  0.032878 0.352720 1 38 1.000000
0  -14.893530 -10.925820 -12.342612  -0.524558 0.813252 -0.251912  0.053924 0.352720 1 38 1.000000
0  -14.619375 -10.682511 -12.129159  -0.477281 0.852478 -0.213270  0.058265 0.346622 1 38 1.000000
v_ic_base
0  -10.103574 -33.329170 -5.337387  0.062704 -0.840870 0.537593  0.167555 0.597484 1 38 1.000000
0  -10.165483 -33.203701 -5.136419  0.067102 -0.836932 0.543178  0.180440 0.599618 1 38 1.000000
0  -10.427321 -33.233715 -5.150319  0.061756 -0.841711 0.536385  0.180440 0.613800 1 38 1.000000
v_ic_base
0  -10.658802 -27.382044 -5.631155  -0.082473 0.030700 0.996120  0.154623 0.597484 1 38 1.000000
0  -10.682612 -27.146633 -5.640383  -0.082469 0.030705 0.996120  0.167555 0.597484 1 38 1.000000
0  -10.978093 -27.186455 -5.663618  -0.082474 0.030698 0.996120  0.167555 0.615933 1 38 1.000000
v_ic_base
0  -10.682612 -27.146633 -5.640383  0.075695 -0.839095 0.538693  0.167555 0.597484 1 38 1.000000
0  -10.742069 -27.025208 -5.445055  0.079748 -0.835509 0.543658  0.180440 0.599618 1 38 1.000000
0  -10.985258 -27.057018 -5.458270  0.075055 -0.839656 0.537908  0.180440 0.613800 1 38 1.000000
v_ic_base
0  -10.742069 -27.025208 -5.445055  0.143096 -0.873153 -0.465970  0.180440 0.599618 1 38 1.000000
0  -10.777716 -27.139189 -5.240506  0.148311 -0.874640 -0.461529  0.167555 0.597484 1 38 1.000000
0  -10.947075 -27.162745 -5.250289  0.143825 -0.873363 -0.465351  0.167555 0.615933 1 38 1.000000
v_ic_base
0  -11.171216 -23.248528 -5.392998  0.062188 -0.032807 -0.997525  0.167555 0.597484 1 38 1.000000
0  -11.147407 -23.483940 -5.383772  0.062187 -0.032805 -0.997525  0.154623 0.597484 1 38 1.000000
0  -11.316767 -23.507492 -5.393555  0.062188 -0.032806 -0.997525  0.154623 0.615933 1 38 1.000000
v_ic_base
0  -10.852281 -26.401937 -5.269403  -0.082424 0.836363 -0.541944  0.154623 0.597484 1 38 1.000000
0  -10.792825 -26.523363 -5.464725  -0.079744 0.835497 -0.543678  0.141735 0.599618 1 38 1.000000
0  -11.036015 -26.555174 -5.477940  -0.081953 0.836212 -0.542249  0.141735 0.613800 1 38 1.000000
v_ic_base
0  -10.001487 -34.289906 -5.267799  0.061027 -0.856712 0.512173  0.167572 0.597484 1 38 1.000000
0  -10.064521 -34.171478 -5.064547  0.064866 -0.853328 0.517324  0.180457 0.599618 1 38 1.000000
0  -10.332987 -34.200523 -5.078795  0.060040 -0.857574 0.510844  0.180457 0.613800 1 38 1.000000
v_ic_base
0  -7.193849 -28.101078 -9.018063  0.992435 0.110891 -0.052693  0.033500 0.208908 1 39 1.000000
0  -7.327588 -28.208736 -11.894494  0.992365 0.112588 -0.050354  0.033500 0.166786 1 39 1.000000
0  -7.793327 -24.117939 -11.926430  0.992475 0.109808 -0.054185  0.117851 0.166786 1 39 1.000000
v_ic_base
0  -7.465312 -37.975414 -9.304934  0.879344 -0.158946 -0.448876  0.255324 0.901109 1 38 1.000000
0  -7.398192 -36.859943 -9.455531  0.796203 -0.127750 -0.591389  0.250256 0.809234 1 38 1.000000
0  -7.208680 -36.836731 -9.205398  0.913749 -0.137826 -0.382187  0.261749 0.809234 1 38 1.000000
v_ic_base
0  -10.129750 -35.931133 -3.693843  -0.094420 0.993899 0.056999  0.127794 0.603139 1 38 1.000000
0  -10.129607 -35.926460 -3.773682  -0.094683 0.993814 0.058039  0.128091 0.600865 1 38 1.000000
0  -10.413441 -35.957024 -3.783478  -0.110016 0.992011 0.061733  0.125463 0.600602 1 38 1.000000
v_ic_base
0  -10.009133 -36.361046 -3.298724  0.130035 -0.986060 0.103812  0.076532 0.623240 1 38 1.000000
0  -10.068810 -36.366142 -3.301391  0.028665 -0.994536 0.100384  0.071943 0.623240 1 38 1.000000
0  -10.049099 -36.409176 -3.766387  -0.026168 -0.995003 0.096358  0.071665 0.611061 1 38 1.000000
v_ic_base
0  -22.635736 -19.361525 -3.637851  -0.318053 0.011841 0.947999  0.849102 0.623109 1 41 1.000000
0  -22.587366 -19.927105 -3.613508  -0.314761 0.013928 0.949069  0.861649 0.623109 1 41 1.000000
0  -22.330528 -19.899025 -3.528740  -0.316066 0.013101 0.948647  0.862399 0.629126 1 41 1.000000
v_ic_base
0  -13.700320 -24.253412 -10.229879  -0.983573 -0.099636 -0.150523  0.625020 0.264571 1 38 1.000000
0  -13.475061 -24.279799 -11.707109  -0.984274 -0.098661 -0.146527  0.625020 0.205982 1 38 1.000000
0  -12.441940 -36.241768 -11.620326  -0.984448 -0.088100 -0.151987  0.266344 0.205982 1 38 1.000000
v_ic_base
0  -13.868107 -24.237947 -9.968019  -0.984245 -0.094904 -0.149179  0.273211 0.030178 1 39 1.000000
0  -13.832474 -24.245363 -10.198930  -0.984295 -0.094912 -0.148843  0.273211 0.042840 1 39 1.000000
0  -13.299028 -30.043921 -10.029048  -0.982336 -0.094587 -0.161460  0.394160 0.042844 1 39 1.000000
v_ic_base
0  -10.202607 -32.316071 -5.402627  0.064999 -0.829497 0.554716  0.167555 0.597484 1 38 1.000000
0  -10.263562 -32.185051 -5.202157  0.069785 -0.825210 0.560498  0.180440 0.599618 1 38 1.000000
0  -10.518885 -32.215931 -5.215831  0.064185 -0.830219 0.553729  0.180440 0.613800 1 38 1.000000
v_ic_base
0  -10.673908 -12.538989 -6.626301  0.735406 0.121837 0.666584  0.833261 0.524850 1 38 1.000000
0  -10.590658 -13.261107 -6.580222  0.744739 0.127657 0.655032  0.788657 0.524509 1 38 1.000000
0  -10.265914 -13.248782 -6.953803  0.741679 0.116167 0.660619  0.788750 0.495490 1 38 1.000000
v_ic_ammo
0  -12.442784 -22.229130 -12.698318  0.604454 -0.099957 0.790344  0.224107 0.662524 1 42 1.000000
0  -11.897688 -22.256149 -13.122772  0.607544 -0.107073 0.787036  0.224107 0.587067 1 42 1.000000
0  -11.784114 -21.738108 -13.139967  0.218383 0.052298 0.974461  0.122297 0.563812 1 42 1.000000
v_ic_base
0  -7.951562 -37.937107 -6.295680  0.548832 -0.124922 0.826546  0.326540 0.901109 1 38 1.000000
0  -7.967111 -36.821484 -6.176160  0.717777 -0.064271 0.693300  0.321565 0.809234 1 38 1.000000
0  -8.125819 -36.829876 -6.012626  0.549509 -0.108814 0.828372  0.335406 0.809234 1 38 1.000000
v_ic_base
0  -11.244042 -15.164557 -14.917072  0.769492 -0.595173 0.231629  0.107212 0.913136 1 38 1.000000
0  -11.134910 -15.143857 -15.896675  0.779935 -0.622301 0.066653  0.108963 0.885627 1 38 1.000000
0  -11.012298 -14.993635 -15.927215  0.780101 -0.622265 0.065032  0.113598 0.884748 1 38 1.000000
v_ic_base
0  -12.636019 -35.389011 -7.209818  -0.358952 -0.064952 -0.931093  0.254981 0.390139 1 38 1.000000
0  -13.692643 -22.664480 -7.690574  -0.358401 -0.064948 -0.931306  0.642185 0.390139 1 38 1.000000
0  -13.020755 -22.926720 -7.930854  -0.358425 -0.064948 -0.931296  0.632365 0.384751 1 38 1.000000
v_ic_base
0  -14.137146 -11.143627 -7.155754  -0.648614 -0.035802 0.760275  0.994578 0.550766 1 38 1.000000
0  -14.835246 -11.260464 -8.095467  -0.920601 -0.078113 0.382612  0.994578 0.592067 1 38 1.000000
0  -14.503770 -14.537867 -7.967009  -0.949544 -0.083670 0.302267  0.891401 0.592067 1 38 1.000000
v_ic_base
0  -10.129750 -35.931133 -3.693843  -0.986595 -0.161187 -0.025465  0.127794 0.603139 1 38 1.000000
0  -10.049099 -36.409176 -3.766387  -0.986369 -0.162351 -0.026787  0.106643 0.600211 1 38 1.000000
0  -10.068810 -36.366142 -3.301391  -0.986594 -0.161193 -0.025471  0.108064 0.613589 1 38 1.000000
v_ic_base
0  -10.045985 -36.418003 -3.854565  -0.018322 -0.994523 0.102902  0.106347 0.597674 1 38 1.000000
0  -10.049099 -36.409176 -3.766387  -0.026168 -0.995003 0.096358  0.106643 0.600211 1 38 1.000000
0  -10.254379 -36.360077 -3.769287  -0.218870 -0.968006 0.122716  0.109660 0.600576 1 38 1.000000
v_ic_base
0  -24.759130 -22.192478 -4.755690  0.087294 -0.995440 0.038468  0.996911 0.736793 1 41 1.000000
0  -25.591574 -22.430965 -9.037621  0.087293 -0.995440 0.038472  0.996911 0.872280 1 41 1.000000
0  -25.252655 -22.398584 -8.968788  0.087293 -0.995439 0.038472  0.987029 0.868263 1 41 1.000000
v_ic_base
0  -10.954283 -27.421865 -5.654393  -0.944543 -0.077882 0.319017  0.444243 0.562710 1 38 1.000000
0  -10.879875 -28.161329 -5.625391  -0.924455 -0.078191 0.373189  0.416501 0.562710 1 38 1.000000
0  -10.886915 -28.030153 -5.420120  -0.992046 -0.096875 0.080372  0.420930 0.568985 1 38 1.000000
v_ic_base
0  -10.684245 -34.874023 -6.676770  -0.915222 -0.102163 -0.389783  0.265449 0.457353 1 38 1.000000
0  -11.053959 -35.209885 -5.720780  -0.915202 -0.102159 -0.389831  0.254981 0.461612 1 38 1.000000
0  -12.228371 -22.445484 -6.308650  -0.915849 -0.102285 -0.388277  0.642185 0.461612 1 38 1.000000
v_ic_ammo
0  -11.652071 -22.234032 -13.222206  0.187255 -0.964213 -0.187691  0.240010 0.554259 1 42 1.000000
0  -10.939355 -22.122280 -13.087471  0.184773 -0.967018 -0.175313  0.240010 0.451716 1 42 1.000000
0  -10.957026 -22.131021 -13.057882  0.184835 -0.966951 -0.175619  0.224107 0.466452 1 42 1.000000
v_ic_base
0  -22.798407 -17.328588 -3.735178  -0.339350 0.010277 0.940604  0.797845 0.623109 1 41 1.000000
0  -22.749361 -17.908480 -3.710011  -0.335881 0.012464 0.941822  0.810744 0.623109 1 41 1.000000
0  -22.491371 -17.879999 -3.618381  -0.337235 0.011611 0.941349  0.811494 0.629126 1 41 1.000000
v_ic_base
0  -10.072618 -38.121426 -6.392791  0.464017 0.009223 -0.885778  0.122855 0.482360 1 38 1.000000
0  -10.784524 -38.191216 -6.766440  0.645261 0.032309 -0.763279  0.122855 0.458584 1 38 1.000000
0  -13.444961 -11.377153 -7.880933  0.646567 0.032483 -0.762165  0.060421 0.458584 1 38 1.000000
v_ic_base
0  -10.163803 -35.837505 -4.206537  -0.091431 0.980708 0.172778  0.132645 0.588074 1 38 1.000000
0  -9.971655 -35.821106 -4.197948  -0.091435 0.980708 0.172778  0.132645 0.588074 1 38 1.000000
0  -9.997663 -35.786804 -4.406756  -0.091435 0.980758 0.172492  0.134490 0.586929 1 38 1.000000
v_ic_base
0  -8.100595 -36.477928 -5.958279  0.451051 -0.700446 0.553109  0.029099 0.514800 1 38 1.000000
0  -7.262615 -36.431805 -6.886211  0.671756 -0.658801 0.338711  0.053446 0.534217 1 38 1.000000
0  -7.219437 -36.366726 -6.845265  0.653568 -0.663152 0.364800  0.049952 0.537840 1 38 1.000000
v_ic_base
0  -12.243364 -37.205845 -7.122182  -0.762648 0.573955 0.298234  0.439038 0.809234 1 38 1.000000
0  -11.531206 -37.120655 -6.164824  -0.552009 0.605151 0.573654  0.401667 0.809234 1 38 1.000000
0  -11.384376 -36.766033 -6.397626  -0.556131 0.604612 0.570231  0.401667 0.781546 1 38 1.000000
v_ic_base
0  -7.141738 -37.916618 -7.987677  0.990432 -0.125987 0.056316  0.278061 0.901109 1 38 1.000000
0  -7.332666 -37.960094 -9.027976  0.944111 -0.150518 -0.293256  0.261749 0.901109 1 38 1.000000
0  -7.208680 -36.836731 -9.205398  0.913749 -0.137826 -0.382187  0.261749 0.809234 1 38 1.000000
v_ic_base
0  -7.332666 -37.960094 -9.027976  0.084924 -0.996137 0.022346  0.261749 0.901109 1 38 1.000000
0  -7.907792 -38.002262 -8.790005  0.083892 -0.996130 0.026229  0.261749 0.919290 1 38 1.000000
0  -7.811772 -38.003807 -9.155831  0.084409 -0.996135 0.024311  0.249118 0.901109 1 38 1.000000
v_ic_base
0  -10.413441 -35.957024 -3.783478  -0.915837 -0.354805 0.188030  0.125463 0.600602 1 38 1.000000
0  -10.263179 -36.368580 -3.845327  -0.921863 -0.358639 0.146787  0.109441 0.598269 1 38 1.000000
0  -10.254379 -36.360077 -3.769287  -0.921309 -0.358267 0.151110  0.109660 0.600576 1 38 1.000000
v_ic_base
0  -11.963409 -36.086662 -5.900532  -0.653020 -0.038629 0.756355  0.162249 0.378778 1 38 1.000000
0  -12.792436 -36.185833 -7.014999  -0.913540 -0.094242 0.395681  0.142881 0.378778 1 38 1.000000
0  -12.751504 -36.502033 -6.995806  -0.907978 -0.092737 0.408626  0.142611 0.390341 1 38 1.000000
v_ic_base
0  -7.907792 -38.002262 -8.790005  0.083892 -0.996130 0.026229  0.261749 0.919290 1 38 1.000000
0  -8.381749 -38.058956 -9.427145  0.084737 -0.996069 0.025795  0.225643 0.919290 1 38 1.000000
0  -8.029835 -38.030170 -9.459467  0.083326 -0.996324 0.019879  0.239864 0.901109 1 38 1.000000
v_ic_base
0  -14.143474 -10.415662 -7.258143  -0.342262 0.905440 0.251067  0.159612 0.346622 1 38 1.000000
0  -13.134541 -10.283411 -6.727345  -0.195725 0.926650 0.320955  0.169744 0.346622 1 38 1.000000
0  -13.005050 -10.129626 -7.642399  -0.159102 0.977021 0.141833  0.150625 0.341039 2 38 0.750000 44 0.250000
v_ic_base
0  -7.983499 -37.968266 -7.257213  0.084575 -0.996046 0.027203  0.294537 0.919290 1 38 1.000000
0  -7.765659 -37.969894 -8.015563  0.083887 -0.996130 0.026233  0.278061 0.919290 1 38 1.000000
0  -7.141738 -37.916618 -7.987677  0.083886 -0.996130 0.026236  0.278061 0.901109 1 38 1.000000
v_ic_base
0  -7.409206 -34.935532 -6.974601  0.201062 0.976749 0.074401  0.254962 0.390139 1 38 1.000000
0  -7.260380 -34.927788 -7.458096  0.198931 0.976993 0.076883  0.254962 0.370485 1 38 1.000000
0  -8.297896 -34.692650 -7.761619  0.207277 0.975975 0.067146  0.265430 0.375778 1 38 1.000000
v_ic_base
0  -11.879898 -10.873447 -6.548965  0.188145 -0.750983 0.632950  0.206432 0.396909 1 38 1.000000
0  -11.858978 -10.670641 -6.314560  0.187591 -0.751460 0.632549  0.207354 0.401068 1 38 1.000000
0  -13.188116 -10.816602 -6.375187  -0.076152 -0.779552 0.621691  0.183681 0.401068 1 38 1.000000
v_ic_base
0  -8.990535 -37.026783 -10.724195  0.268490 -0.268038 -0.925240  0.207195 0.809234 1 38 1.000000
0  -7.920838 -36.921917 -10.162756  0.630461 -0.214176 -0.746088  0.225643 0.809234 1 38 1.000000
0  -7.969325 -38.036251 -9.883842  0.548909 -0.204412 -0.810503  0.225643 0.901109 1 38 1.000000
v_ic_base
0  -6.883457 -35.196392 -9.318578  0.131624 0.991214 -0.013064  0.290482 0.278015 1 38 1.000000
0  -6.920861 -35.196392 -9.706241  0.131200 0.991275 -0.012657  0.290482 0.264571 1 38 1.000000
0  -7.228587 -35.155437 -9.688620  0.131562 0.991223 -0.013005  0.294688 0.267403 1 38 1.000000
v_ic_base
0  -8.152574 -37.953972 -6.173679  0.089291 -0.995667 0.025975  0.335406 0.901109 1 38 1.000000
0  -9.154128 -38.027393 -5.759264  0.083883 -0.996130 0.026229  0.356946 0.901109 1 38 1.000000
0  -9.263766 -38.052357 -6.356640  0.083883 -0.996130 0.026229  0.356946 0.919290 1 38 1.000000
v_ic_base
0  -22.749361 -17.908480 -3.710011  -0.088872 0.995725 0.025172  0.810744 0.623109 1 41 1.000000
0  -23.176338 -17.926821 -3.135332  0.146120 0.979337 0.139815  0.811549 0.615781 1 41 1.000000
0  -23.046827 -17.950285 -3.106325  0.102382 0.987621 0.118840  0.812466 0.618883 1 41 1.000000
v_ic_base
0  -12.792436 -36.185833 -7.014999  -0.429387 0.893700 0.130103  0.142881 0.378778 1 38 1.000000
0  -12.556324 -36.056286 -7.125399  -0.429275 0.893683 0.130588  0.145033 0.370180 1 38 1.000000
0  -12.783686 -36.108055 -8.364226  -0.488580 0.871249 0.047056  0.117015 0.370180 1 38 1.000000
v_ic_base
0  -11.833607 -38.290077 -7.165609  0.082849 -0.996107 0.030127  0.439038 0.901109 1 38 1.000000
0  -11.258478 -38.247913 -7.403583  0.083884 -0.996130 0.026246  0.439038 0.919290 1 38 1.000000
0  -11.354502 -38.246361 -7.037756  0.083375 -0.996120 0.028170  0.425855 0.901109 1 38 1.000000
v_ic_base
0  -20.487898 -21.459711 -5.616155  -0.311393 -0.739554 0.596736  0.863745 0.740254 1 41 1.000000
0  -21.840681 -21.612961 -6.511999  -0.311392 -0.739550 0.596742  0.896020 0.772108 1 41 1.000000
0  -21.740711 -21.799809 -6.691397  -0.311392 -0.739550 0.596741  0.892479 0.779270 1 41 1.000000
v_ic_base
0  -10.672527 -30.494904 -5.495083  -0.143061 0.880600 0.451749  0.154623 0.615933 1 38 1.000000
0  -10.657351 -30.610384 -5.261588  -0.136712 0.884382 0.446294  0.141735 0.613800 1 38 1.000000
0  -10.410464 -30.578741 -5.248664  -0.143566 0.880296 0.452181  0.141735 0.599618 1 38 1.000000
v_ic_base
0  -10.648106 -38.252476 -9.528437  0.083887 -0.996130 0.026240  0.516893 0.919290 1 38 1.000000
0  -11.182773 -38.281906 -8.936376  0.083196 -0.996212 0.025280  0.477879 0.919290 1 38 1.000000
0  -11.242314 -38.296741 -9.309155  0.078774 -0.996525 0.027073  0.491656 0.901109 1 38 1.000000
v_ic_ammo
0  -10.421476 -21.226057 -12.325188  0.987341 0.156308 -0.026925  0.308690 0.318615 1 42 1.000000
0  -10.831074 -21.068064 -11.449040  0.604524 0.316885 0.730845  0.308690 0.195457 1 42 1.000000
0  -10.707314 -21.737526 -11.444971  0.898253 0.184475 0.398887  0.240010 0.205489 1 42 1.000000
v_ic_base
0  -10.798986 -10.777040 -7.003491  0.575049 0.095923 0.812476  0.994655 0.429417 1 38 1.000000
0  -10.626901 -12.478516 -6.936803  0.598409 0.091718 0.795924  0.942604 0.429455 1 38 1.000000
0  -10.416509 -12.469670 -7.169219  0.728358 0.105314 0.677055  0.942604 0.419016 1 38 1.000000
v_ic_base
0  -8.905745 -24.088266 -12.734379  -0.202947 0.973265 0.107555  0.124583 0.144202 1 39 1.000000
0  -10.112978 -24.226942 -13.348494  -0.129787 0.984867 0.114856  0.124583 0.122657 1 39 1.000000
0  -10.155439 -24.272018 -13.009894  -0.135182 0.984145 0.114826  0.129734 0.122657 1 39 1.000000
v_ic_base
0  -9.633532 -10.897458 -11.975153  0.044712 0.994925 -0.090142  0.989460 0.205863 1 38 1.000000
0  -9.808665 -10.890682 -11.984032  0.045951 0.992169 -0.116140  0.994235 0.205863 1 38 1.000000
0  -9.588016 -10.734328 -8.988219  0.174966 0.982961 -0.056350  0.994235 0.322741 1 38 1.000000
v_ic_base
0  -16.819956 -14.559150 -3.923677  -0.143098 0.028820 0.989289  0.661257 0.780301 1 38 1.000000
0  -16.431644 -19.482958 -3.732479  -0.149035 0.026630 0.988473  0.661119 0.937535 1 38 1.000000
0  -15.122334 -19.304937 -3.539866  -0.147896 0.027051 0.988633  0.627286 0.935849 1 38 1.000000
v_ic_base
0  -10.240653 -38.120171 -5.807826  -0.228114 -0.221144 0.948187  0.379364 0.901109 1 38 1.000000
0  -9.154128 -38.027393 -5.759264  0.188347 -0.166850 0.967826  0.356946 0.901109 1 38 1.000000
0  -9.246140 -36.912010 -5.549068  0.179169 -0.167902 0.969385  0.356946 0.809234 1 38 1.000000
v_ic_base
0  -10.461510 -37.015789 -5.603385  -0.251554 0.641327 0.724859  0.379364 0.809234 1 38 1.000000
0  -9.246140 -36.912010 -5.549068  0.077916 0.677785 0.731120  0.356946 0.809234 1 38 1.000000
0  -9.341556 -36.579506 -5.847146  0.070506 0.676992 0.732606  0.356946 0.781546 1 38 1.000000
v_ic_base
0  -8.672277 -19.788507 -8.633346  -0.048998 0.031461 0.998303  0.732196 0.333455 1 38 1.000000
0  -8.585068 -19.778931 -8.629368  -0.048764 0.031493 0.998314  0.732196 0.325045 1 38 1.000000
0  -9.498205 -10.750473 -8.983234  -0.049261 0.034141 0.998202  0.988788 0.325045 1 38 1.000000
v_ic_base
0  -12.129609 -37.256920 -9.425332  -0.739840 0.542989 -0.397240  0.477879 0.809234 1 38 1.000000
0  -12.456931 -37.254475 -8.285844  -0.832428 0.551824 -0.050545  0.459248 0.809234 1 38 1.000000
0  -12.211962 -36.885666 -8.293788  -0.832211 0.551548 -0.056749  0.459248 0.781546 1 38 1.000000
v_ic_base
0  -8.074714 -36.413803 -5.898176  0.433154 -0.703226 0.563783  0.024205 0.517309 1 38 1.000000
0  -9.267404 -36.501247 -5.404675  0.168934 -0.738438 0.652817  0.009918 0.487639 1 38 1.000000
0  -9.269160 -36.563602 -5.474758  0.179418 -0.737184 0.651437  0.015587 0.486744 1 38 1.000000
v_ic_base
0  -12.395449 -36.870090 -7.115615  -0.548240 -0.790587 0.272773  0.053446 0.408129 1 38 1.000000
0  -11.652623 -36.781235 -6.117032  -0.355636 -0.786889 0.504309  0.029099 0.427545 1 38 1.000000
0  -11.700071 -36.723370 -6.060207  -0.346975 -0.786408 0.511049  0.024205 0.425038 1 38 1.000000
v_ic_base
0  -7.434361 -37.914433 -6.968991  0.906103 -0.091468 0.413051  0.294537 0.901109 1 38 1.000000
0  -7.322436 -36.785656 -6.902248  0.868519 -0.114632 0.482218  0.294537 0.809234 1 38 1.000000
0  -7.535769 -36.798164 -6.670046  0.756627 -0.104132 0.645501  0.308783 0.809234 1 38 1.000000
v_ic_base
0  -11.982596 -18.537502 -13.899412  0.116269 -0.836059 -0.536178  0.806063 0.068927 1 38 1.000000
0  -10.791222 -18.406670 -13.845071  0.116269 -0.836060 -0.536177  0.806063 0.098486 1 38 1.000000
0  -10.672005 -18.812519 -13.186381  0.116269 -0.836059 -0.536178  0.786554 0.099576 1 38 1.000000
v_ic_base
0  -8.704528 -24.254196 -13.067318  0.163892 0.918877 -0.358892  0.117851 0.144202 1 39 1.000000
0  -10.018576 -24.405138 -13.735767  0.012555 0.909534 -0.415440  0.117851 0.122657 1 39 1.000000
0  -10.112978 -24.226942 -13.348494  0.018514 0.909998 -0.414200  0.124583 0.122657 1 39 1.000000
v_ic_base
0  -7.620482 -36.216026 -12.542696  0.653023 0.038626 -0.756352  0.028555 0.390341 1 38 1.000000
0  -8.865723 -36.338104 -13.196270  0.269820 -0.023501 -0.962624  0.016729 0.390341 1 38 1.000000
0  -8.906654 -36.021904 -13.215463  0.256095 -0.025501 -0.966315  0.016729 0.378778 1 38 1.000000
v_ic_base
0  -7.434361 -37.914433 -6.968991  0.906103 -0.091468 0.413051  0.294537 0.901109 1 38 1.000000
0  -7.141738 -37.916618 -7.987677  0.990432 -0.125987 0.056316  0.278061 0.901109 1 38 1.000000
0  -6.995113 -36.788097 -8.041736  0.990844 -0.126474 0.047261  0.278061 0.809234 1 38 1.000000
v_ic_base
0  -13.781776 -22.694464 -8.150982  0.186138 0.049642 0.981269  0.642185 0.370485 1 38 1.000000
0  -12.727273 -35.406261 -7.705523  0.188267 0.049989 0.980845  0.254981 0.370485 1 38 1.000000
0  -11.731874 -35.000763 -7.917250  0.188198 0.049978 0.980859  0.265449 0.375778 1 38 1.000000
v_ic_base
0  -9.154128 -38.027393 -5.759264  0.083883 -0.996130 0.026229  0.356946 0.901109 1 38 1.000000
0  -10.240653 -38.120171 -5.807826  0.083887 -0.996130 0.026225  0.379364 0.901109 1 38 1.000000
0  -10.072618 -38.121426 -6.392791  0.083886 -0.996130 0.026227  0.379364 0.919290 1 38 1.000000
v_ic_base
0  -11.201127 -36.848320 -10.107789  -0.504398 0.551100 -0.664734  0.516893 0.781546 1 38 1.000000
0  -10.199573 -36.774891 -10.522203  -0.188576 0.576362 -0.795139  0.535463 0.781546 1 38 1.000000
0  -10.205904 -37.130562 -10.778513  -0.183492 0.576863 -0.795965  0.535463 0.809234 1 38 1.000000
v_ic_base
0  -11.033445 -29.165529 -13.690903  -0.140526 0.005939 -0.990059  0.026205 0.099722 1 39 1.000000
0  -9.486272 -28.952740 -13.633452  -0.057724 -0.001066 -0.998332  0.026205 0.122657 1 39 1.000000
0  -9.501211 -29.382460 -13.632130  -0.024859 0.000162 -0.999691  0.016109 0.122657 1 39 1.000000
v_ic_base
0  -11.833607 -38.290077 -7.165609  0.082849 -0.996107 0.030127  0.439038 0.901109 1 38 1.000000
0  -12.024534 -38.333553 -8.205908  0.083886 -0.996130 0.026233  0.459248 0.901109 1 38 1.000000
0  -11.400613 -38.280277 -8.178021  0.083886 -0.996130 0.026235  0.459248 0.919290 1 38 1.000000
v_ic_base
0  -10.240653 -38.120171 -5.807826  0.083887 -0.996130 0.026225  0.379364 0.901109 1 38 1.000000
0  -11.196947 -38.213924 -6.309744  0.078358 -0.996700 0.021209  0.401666 0.901109 1 38 1.000000
0  -10.784524 -38.191216 -6.766440  0.083035 -0.996190 0.026669  0.401667 0.919290 1 38 1.000000
v_ic_base
0  -10.205904 -37.130562 -10.778513  -0.144013 -0.320577 -0.936211  0.188211 0.809234 1 38 1.000000
0  -8.990535 -37.026783 -10.724195  0.268490 -0.268038 -0.925240  0.207195 0.809234 1 38 1.000000
0  -8.925619 -38.130001 -10.385761  0.280356 -0.266401 -0.922188  0.207195 0.901109 1 38 1.000000
v_ic_base
0  -8.672277 -19.788507 -8.633346  0.928747 0.106472 0.355097  0.714190 0.344628 1 38 1.000000
0  -9.095726 -19.784914 -7.520566  0.877950 0.104618 0.467182  0.714187 0.390142 1 38 1.000000
0  -8.844916 -22.132017 -7.467149  0.832590 0.100518 0.544693  0.642166 0.390139 1 38 1.000000
v_ic_base
0  -10.372951 -30.456093 -5.471733  -0.086065 0.067554 0.993997  0.154623 0.597484 1 38 1.000000
0  -10.395303 -30.198223 -5.491234  -0.085952 0.067718 0.993995  0.167555 0.597484 1 38 1.000000
0  -10.694163 -30.237116 -5.514427  -0.086089 0.067518 0.993997  0.167555 0.615933 1 38 1.000000
v_ic_base
0  -9.177770 -18.973930 -7.552306  0.845841 0.154377 0.510608  0.739079 0.390142 1 38 1.000000
0  -9.259792 -18.162947 -7.584093  0.880236 0.107146 0.462281  0.763968 0.390142 1 38 1.000000
0  -9.488299 -18.170435 -7.324176  0.735555 0.100857 0.669915  0.764139 0.401445 1 38 1.000000
v_ic_base
0  -8.117805 -23.895220 -8.887956  -0.097441 0.024862 0.994931  0.118012 0.219608 1 39 1.000000
0  -7.558460 -29.122961 -8.701641  -0.091733 0.025662 0.995453  0.012959 0.219608 1 39 1.000000
0  -7.396939 -29.170406 -8.685533  -0.091878 0.025642 0.995440  0.011941 0.215689 1 39 1.000000
v_ic_base
0  -10.946552 -29.604994 -12.954030  0.117909 -0.969676 0.214071  0.003827 0.099722 1 39 1.000000
0  -12.166930 -29.691576 -12.483577  0.207458 -0.955659 0.208991  0.003827 0.078522 1 39 1.000000
0  -12.234823 -29.771927 -12.784787  0.186860 -0.959104 0.212610  0.008733 0.078522 1 39 1.000000
v_ic_base
0  -10.845516 -17.831432 -18.750847  0.117005 -0.960349 -0.253062  0.134382 0.723178 1 38 1.000000
0  -11.607464 -17.915108 -18.785601  0.117000 -0.960450 -0.252679  0.120346 0.723178 1 38 1.000000
0  -11.559555 -17.763996 -19.079561  0.117843 -0.890854 -0.438738  0.120346 0.720279 1 38 1.000000
v_ic_ammo
0  -12.476089 -22.222960 -12.716598  -0.127288 -0.986752 -0.100590  0.240009 0.677310 1 42 1.000000
0  -11.908150 -22.251362 -13.158751  -0.123705 -0.987706 -0.095572  0.240010 0.574767 1 42 1.000000
0  -11.897688 -22.256149 -13.122772  -0.123802 -0.987681 -0.095707  0.224107 0.587067 1 42 1.000000
v_ic_base
0  -12.258017 -22.807045 -7.084504  -0.102710 -0.900105 0.423393  0.632365 0.449565 1 38 1.000000
0  -11.933953 -22.764799 -6.919207  -0.098586 -0.900544 0.423440  0.632365 0.457353 1 38 1.000000
0  -12.228371 -22.445484 -6.308650  -0.106437 -0.899695 0.423343  0.642185 0.461612 1 38 1.000000
v_ic_base
0  -10.427321 -33.233715 -5.150319  -0.993177 -0.085367 0.079453  0.237930 0.568985 1 38 1.000000
0  -10.474809 -32.714142 -5.185626  -0.993245 -0.085373 0.078582  0.256813 0.568985 1 38 1.000000
0  -10.491010 -32.603317 -5.411468  -0.976220 -0.074474 0.203586  0.261242 0.562710 1 38 1.000000
v_ic_base
0  -7.253901 -29.096790 -11.790978  0.998982 0.017022 -0.041767  0.016109 0.166786 1 39 1.000000
0  -7.260561 -28.670849 -11.847435  0.999124 0.010243 -0.040574  0.026205 0.166786 1 39 1.000000
0  -7.145951 -28.604572 -9.008429  0.994572 0.088764 -0.054287  0.026205 0.208908 1 39 1.000000
v_ic_base
0  -11.136439 -38.219997 -6.734122  -0.670051 -0.523144 0.526642  0.416256 0.901109 1 38 1.000000
0  -11.672922 -37.137913 -6.341787  -0.670058 -0.523151 0.526626  0.414719 0.809234 1 38 1.000000
0  -12.053685 -37.183937 -6.871968  -0.670056 -0.523149 0.526631  0.427716 0.809234 1 38 1.000000
v_ic_base
0  -11.625647 -36.238327 -12.739063  -0.251247 0.925857 -0.282248  0.028534 0.378778 1 38 1.000000
0  -12.560869 -36.289810 -11.703449  -0.291925 0.947318 -0.131785  0.049845 0.378778 1 38 1.000000
0  -12.441940 -36.241768 -11.620326  -0.301830 0.945610 -0.121324  0.051423 0.377484 1 38 1.000000
v_ic_base
0  -9.816380 -14.926606 -7.451318  0.736450 0.100553 0.668977  0.863692 0.401927 1 38 1.000000
0  -9.772822 -15.745433 -7.377945  0.734539 0.146497 0.662564  0.838635 0.403373 1 38 1.000000
0  -9.505861 -15.729997 -7.679451  0.846187 0.153462 0.510310  0.838635 0.390142 1 38 1.000000
v_ic_base
0  -13.692643 -22.664480 -7.690574  -0.319392 -0.940085 0.119284  0.642185 0.390139 1 38 1.000000
0  -13.781776 -22.694464 -8.150982  -0.316570 -0.940621 0.122541  0.642185 0.370485 1 38 1.000000
0  -13.075965 -22.947765 -8.271935  -0.323081 -0.939357 0.115012  0.632365 0.375778 1 38 1.000000
v_ic_base
0  -15.016613 -10.598404 -9.260805  -0.527856 0.849153 -0.017547  0.118591 0.346622 1 38 1.000000
0  -14.619375 -10.682511 -12.129159  -0.477281 0.852478 -0.213270  0.058265 0.346622 1 38 1.000000
0  -14.893530 -10.925820 -12.342612  -0.524558 0.813252 -0.251912  0.053924 0.352720 1 38 1.000000
v_ic_base
0  -11.731911 -38.335743 -9.224595  -0.847265 -0.361683 -0.389008  0.477879 0.901109 1 38 1.000000
0  -12.024534 -38.333553 -8.205908  -0.926903 -0.373856 -0.032907  0.459248 0.901109 1 38 1.000000
0  -12.456931 -37.254475 -8.285844  -0.926402 -0.374271 -0.041228  0.459248 0.809234 1 38 1.000000
v_ic_base
0  -10.648106 -38.252476 -9.528437  0.569803 0.084130 0.817464  0.122855 0.458584 1 38 1.000000
0  -9.902507 -38.197811 -9.836946  0.166877 0.048953 0.984762  0.122855 0.435233 1 38 1.000000
0  -12.633759 -11.414727 -10.706105  0.167079 0.049017 0.984724  0.060421 0.435233 1 38 1.000000
v_ic_base
0  -9.998850 -35.186771 -4.766394  0.062824 -0.072449 -0.995392  0.167555 0.597484 1 38 1.000000
0  -9.973129 -35.395584 -4.749578  0.062796 -0.072427 -0.995395  0.154623 0.597484 1 38 1.000000
0  -10.170086 -35.416969 -4.760447  0.062821 -0.072448 -0.995392  0.154623 0.615933 1 38 1.000000
v_ic_base
0  -13.905224 -24.687468 -12.193374  -0.984369 -0.098455 -0.146029  0.117851 0.056934 1 39 1.000000
0  -13.427069 -29.653440 -12.061401  -0.984295 -0.098664 -0.146385  0.016109 0.056934 1 39 1.000000
0  -13.845996 -29.574677 -9.297609  -0.984330 -0.098565 -0.146216  0.016109 0.016847 1 39 1.000000
v_ic_base
0  -10.079165 -33.566936 -5.320845  -0.083503 0.060741 0.994655  0.154623 0.597484 1 38 1.000000
0  -10.103574 -33.329170 -5.337387  -0.083572 0.060621 0.994656  0.167555 0.597484 1 38 1.000000
0  -10.421337 -33.366364 -5.361819  -0.083471 0.060796 0.994654  0.167555 0.615933 1 38 1.000000
v_ic_base
0  -11.376263 -16.507874 -16.670218  0.093594 -0.960749 0.261156  0.078790 0.861844 1 40 1.000000
0  -11.545795 -16.526491 -16.677950  0.093569 -0.960658 0.261498  0.075325 0.861844 1 40 1.000000
0  -11.506062 -16.714558 -17.127340  0.082832 -0.916677 0.390951  0.067929 0.849049 1 40 1.000000
v_ic_base
0  -10.367402 -10.811569 -13.132813  0.674410 0.039309 -0.737310  0.032895 0.362822 1 38 1.000000
0  -11.374090 -10.947425 -13.750554  0.521030 0.019254 -0.853321  0.020944 0.362822 1 38 1.000000
0  -11.407918 -10.612963 -13.763661  0.521030 0.019253 -0.853321  0.020944 0.352720 1 38 1.000000
v_ic_base
0  -11.045451 -26.190077 -5.288413  -0.925084 -0.080222 0.371193  0.489702 0.575260 1 38 1.000000
0  -11.120016 -25.452824 -5.317309  -0.994930 -0.100392 0.006024  0.517444 0.575260 1 38 1.000000
0  -11.134390 -25.582510 -5.516061  -0.991970 -0.097154 0.080970  0.513015 0.568985 1 38 1.000000
v_ic_base
0  -11.083633 -26.084352 -5.496393  -0.992001 -0.097170 0.080576  0.494131 0.568985 1 38 1.000000
0  -11.134390 -25.582510 -5.516061  -0.991970 -0.097154 0.080970  0.513015 0.568985 1 38 1.000000
0  -11.151033 -25.476534 -5.730639  -0.956837 -0.085893 0.277644  0.517444 0.562710 1 38 1.000000
v_ic_base
0  -11.273219 -24.268457 -5.777988  -0.956479 -0.085806 0.278901  0.562902 0.562710 1 38 1.000000
0  -11.280384 -24.139021 -5.572639  -0.992001 -0.097171 0.080577  0.567331 0.568985 1 38 1.000000
0  -11.331141 -23.637178 -5.592309  -0.991970 -0.097154 0.080974  0.586215 0.568985 1 38 1.000000
v_ic_base
0  -11.242201 -24.244747 -5.364659  -0.994929 -0.100383 0.006286  0.562902 0.575260 1 38 1.000000
0  -11.316767 -23.507492 -5.393555  -0.994930 -0.100393 0.005991  0.590644 0.575260 1 38 1.000000
0  -11.331141 -23.637178 -5.592309  -0.991970 -0.097154 0.080974  0.586215 0.568985 1 38 1.000000
v_ic_base
0  -9.781600 -36.468086 -4.984968  0.084940 -0.565744 -0.820194  0.079224 0.561734 1 38 1.000000
0  -10.107789 -36.495941 -4.999547  0.084966 -0.565701 -0.820221  0.069091 0.561735 1 38 1.000000
0  -10.243854 -36.242752 -5.188266  0.084946 -0.565734 -0.820200  0.068072 0.547575 1 38 1.000000
v_ic_base
0  -9.506272 -28.603596 -15.153507  -0.276082 -0.160377 -0.947659  0.163517 0.012399 1 39 1.000000
0  -9.528179 -28.353828 -15.182141  -0.291208 -0.134134 -0.947210  0.163517 0.002734 1 39 1.000000
0  -8.306628 -27.904154 -15.621368  -0.127502 -0.391024 -0.911506  0.182723 0.002734 1 39 1.000000
v_ic_base
0  -22.841301 -16.827665 -3.753728  -0.090663 0.995846 0.008374  0.783485 0.623109 1 41 1.000000
0  -23.257019 -16.845150 -3.182384  0.083526 0.992327 0.091161  0.784291 0.615781 1 41 1.000000
0  -23.128717 -16.858904 -3.150217  0.049744 0.995923 0.075257  0.784966 0.618883 1 41 1.000000
v_ic_base
0  -10.746714 -29.549410 -5.351432  -0.994025 -0.077665 0.076694  0.366614 0.568985 1 38 1.000000
0  -10.762503 -29.434713 -5.572402  -0.951169 -0.068340 0.301012  0.371043 0.562710 1 38 1.000000
0  -10.694163 -30.237116 -5.514427  -0.962944 -0.062654 0.262322  0.343301 0.562710 1 38 1.000000
v_ic_base
0  -23.390572 -15.269782 -3.260957  0.187473 -0.966566 0.174942  0.744545 0.615781 1 41 1.000000
0  -22.969707 -15.251318 -3.826697  0.096006 -0.994618 0.038954  0.745459 0.623109 1 41 1.000000
0  -22.711779 -15.222526 -3.727240  0.110236 -0.992097 0.059923  0.744481 0.629126 1 41 1.000000
v_ic_base
0  -11.232765 -24.609842 -5.554186  -0.991970 -0.097154 0.080973  0.549615 0.568985 1 38 1.000000
0  -11.249410 -24.503868 -5.768762  -0.994643 -0.099499 0.028014  0.554044 0.562710 1 38 1.000000
0  -11.174844 -25.241123 -5.739864  -0.909809 -0.107315 -0.400913  0.526302 0.562710 1 38 1.000000
v_ic_base
0  -10.216371 -32.683659 -5.171884  0.967228 0.110279 0.228711  0.256824 0.568985 1 38 1.000000
0  -10.165483 -33.203701 -5.136419  0.967204 0.110241 0.228829  0.237941 0.568985 1 38 1.000000
0  -10.103574 -33.329170 -5.337387  0.931287 0.114569 0.345801  0.233511 0.562710 1 38 1.000000
v_ic_base
0  -10.233002 -35.897720 -4.335612  -0.869785 0.487664 0.075219  0.130379 0.584391 1 38 1.000000
0  -10.243854 -36.242752 -5.188266  -0.959097 -0.257953 0.116587  0.116291 0.559512 1 38 1.000000
0  -10.107789 -36.495941 -4.999547  -0.936026 -0.330411 0.121179  0.104482 0.564319 1 38 1.000000
v_ic_base
0  -11.403069 -16.708063 -14.379293  0.086335 -0.408877 -0.908496  0.068624 0.925719 1 38 1.000000
0  -11.684098 -16.738926 -14.392112  0.086342 -0.408877 -0.908496  0.060453 0.925719 1 38 1.000000
0  -11.636159 -16.637739 -14.433097  0.086340 -0.408877 -0.908496  0.065575 0.924136 1 40 1.000000
v_ic_base
0  -10.014446 -34.618660 -5.029245  0.964579 0.131900 0.228452  0.183624 0.568985 1 38 1.000000
0  -9.960206 -35.079330 -4.992477  0.964558 0.131852 0.228569  0.164740 0.568985 1 38 1.000000
0  -9.896137 -35.190262 -5.197897  0.962052 0.133008 0.238252  0.160311 0.562710 1 38 1.000000
v_ic_base
0  -11.747714 -16.106422 -14.452883  0.035844 0.265324 -0.963493  0.096422 0.924713 1 38 1.000000
0  -11.464389 -16.075077 -14.435492  0.031569 0.251351 -0.967381  0.090138 0.924796 1 38 1.000000
0  -11.509713 -16.176273 -14.463264  0.032931 0.255805 -0.966167  0.086954 0.923980 1 40 1.000000
v_ic_base
0  -10.791392 -29.042755 -5.378942  -0.992899 -0.088096 0.079942  0.384330 0.568985 1 38 1.000000
0  -10.840154 -28.513105 -5.400852  -0.992871 -0.088035 0.080362  0.403214 0.568985 1 38 1.000000
0  -10.856510 -28.403025 -5.615837  -0.995468 -0.090422 0.029446  0.407643 0.562710 1 38 1.000000
v_ic_base
0  -11.790023 -18.314928 -13.853038  -0.993734 -0.102277 -0.045069  0.019275 0.937478 1 38 1.000000
0  -11.807920 -18.135077 -13.866551  -0.993734 -0.102277 -0.045069  0.026599 0.935059 1 38 1.000000
0  -11.634964 -17.708376 -18.648375  -0.993735 -0.102271 -0.045070  0.049928 0.805766 1 38 1.000000
v_ic_base
0  -22.305275 -14.563458 -3.766310  -0.996424 -0.083791 0.010845  0.149841 0.764904 1 41 1.000000
0  -21.822575 -20.513849 -3.500027  -0.994581 -0.077583 0.069203  0.149841 0.644027 1 41 1.000000
0  -21.788744 -20.624617 -3.137994  -0.994746 -0.077883 0.066447  0.152735 0.641471 1 41 1.000000
v_ic_ammo
0  -10.851001 -21.473637 -13.173189  0.616578 -0.080944 -0.783122  0.308690 0.442542 1 42 1.000000
0  -11.844863 -21.625919 -13.353635  -0.211056 -0.211172 -0.954391  0.308690 0.563812 1 42 1.000000
0  -11.932300 -20.748404 -13.559708  -0.222142 -0.180489 -0.958163  0.454380 0.563812 1 42 1.000000
v_ic_base
0  -12.274234 -15.132216 -15.984775  -0.634893 -0.772594 0.003168  0.113574 0.884748 1 38 1.000000
0  -12.069826 -15.277282 -18.727671  -0.646884 -0.753387 -0.118106  0.112043 0.807665 1 38 1.000000
0  -11.920705 -15.405946 -18.723686  -0.646894 -0.754262 -0.112326  0.107188 0.807448 1 38 1.000000
v_ic_base
0  -9.423838 -16.540979 -7.647666  0.528008 -0.731112 0.432069  0.877554 0.047405 1 38 1.000000
0  -9.370156 -16.422096 -7.515389  0.536381 -0.724280 0.433260  0.886061 0.051327 1 38 1.000000
0  -9.563385 -16.432180 -7.293031  0.520471 -0.737145 0.430961  0.886133 0.070734 1 38 1.000000
v_ic_base
0  -8.103092 -36.194592 -5.911483  0.564817 0.122653 0.816050  0.212687 0.352544 1 38 1.000000
0  -9.295781 -36.282036 -5.417981  0.161085 0.080560 0.983647  0.212741 0.336285 1 38 1.000000
0  -9.267404 -36.501247 -5.404675  0.171341 0.081777 0.981812  0.223337 0.336238 1 38 1.000000
v_ic_base
0  -8.906654 -36.021904 -13.215463  0.026921 0.914964 -0.402637  0.024035 0.405223 1 38 1.000000
0  -10.321473 -36.142712 -13.278697  -0.148607 0.900402 -0.408892  0.003755 0.405223 1 38 1.000000
0  -10.288111 -36.020657 -13.025249  -0.152177 0.896582 -0.415911  0.004621 0.401677 1 38 1.000000
v_ic_base
0  -8.924520 -36.448742 -12.934731  0.178747 -0.919926 -0.348979  0.023169 0.418853 1 38 1.000000
0  -10.218394 -36.559223 -12.992559  0.013715 -0.934945 -0.354529  0.004621 0.418853 1 38 1.000000
0  -10.280541 -36.458912 -13.259503  0.011095 -0.935177 -0.354006  0.003755 0.415307 1 38 1.000000
v_ic_base
0  -14.859702 -11.260282 -12.329504  -0.469876 -0.851956 -0.231058  0.053924 0.362822 1 38 1.000000
0  -14.001405 -11.210643 -13.298572  -0.281267 -0.852243 -0.441102  0.032878 0.362822 1 38 1.000000
0  -13.844924 -11.374104 -13.076007  -0.288128 -0.856223 -0.428795  0.037215 0.368571 1 38 1.000000
v_ic_base
0  -7.793327 -24.117939 -11.926430  0.312872 0.924892 -0.216071  0.117851 0.166786 1 39 1.000000
0  -8.704528 -24.254196 -13.067318  0.163892 0.918877 -0.358892  0.117851 0.144202 1 39 1.000000
0  -8.905745 -24.088266 -12.734379  0.179905 0.919904 -0.348442  0.124583 0.144202 1 39 1.000000
v_ic_base
0  -10.276961 -31.521406 -5.431061  -0.080446 0.012907 0.996675  0.154623 0.597484 1 38 1.000000
0  -10.300654 -31.264433 -5.436277  -0.080510 0.012808 0.996671  0.167555 0.597484 1 38 1.000000
0  -10.604120 -31.303123 -5.460294  -0.080430 0.012933 0.996676  0.167555 0.615933 1 38 1.000000
v_ic_base
0  -12.024534 -38.333553 -8.205908  -0.926903 -0.373856 -0.032907  0.459248 0.901109 1 38 1.000000
0  -11.833607 -38.290077 -7.165609  -0.885505 -0.347029 0.308951  0.439038 0.901109 1 38 1.000000
0  -12.243364 -37.205845 -7.122182  -0.868411 -0.320824 0.378066  0.439038 0.809234 1 38 1.000000
v_ic_base
0  -23.718758 -14.938457 -4.697001  -0.180925 0.977100 0.111987  0.728502 0.599013 1 41 1.000000
0  -23.948275 -15.094422 -3.678043  -0.175246 0.978329 0.110276  0.738523 0.600817 1 41 1.000000
0  -23.263649 -15.020369 -3.247040  -0.181241 0.977031 0.112082  0.738523 0.618883 1 41 1.000000
v_ic_base
0  -10.718168 -35.964588 -5.246959  -0.290879 0.020317 0.956544  0.175914 0.378778 1 38 1.000000
0  -11.963409 -36.086662 -5.900532  -0.653020 -0.038629 0.756355  0.162249 0.378778 1 38 1.000000
0  -11.922477 -36.402863 -5.881341  -0.641142 -0.036473 0.766555  0.161442 0.390341 1 38 1.000000
v_ic_ammo
0  -12.632311 -21.355410 -11.824620  -0.895542 0.085886 0.436610  0.308690 0.810723 1 42 1.000000
0  -12.640260 -21.578773 -12.775608  -0.894487 -0.142345 -0.423829  0.308690 0.688292 1 42 1.000000
0  -12.593811 -22.186113 -12.488070  -0.997681 -0.064231 0.022526  0.240010 0.697748 1 42 1.000000
v_ic_base
0  -9.870850 -36.458023 -4.317505  0.153419 -0.987352 0.039978  0.104515 0.583528 1 38 1.000000
0  -9.855965 -36.459606 -4.425309  0.155545 -0.987174 0.035967  0.104515 0.580425 1 38 1.000000
0  -9.602912 -36.379238 -4.392588  0.307054 -0.946096 0.103055  0.107509 0.580864 1 38 1.000000
v_ic_base
0  -7.510726 -29.525398 -9.541841  -0.020368 0.027592 0.999412  0.394177 0.030183 1 39 1.000000
0  -8.124896 -23.702822 -9.715950  -0.018433 0.027942 0.999440  0.273228 0.030178 1 39 1.000000
0  -8.581761 -23.575228 -9.727942  -0.018559 0.027919 0.999438  0.271439 0.025923 1 39 1.000000
v_ic_base
0  -6.899348 -36.150116 -8.071661  0.984387 0.134322 0.113754  0.212687 0.406124 1 38 1.000000
0  -7.247813 -36.147518 -6.858571  0.864767 0.141198 0.481914  0.212687 0.376805 1 38 1.000000
0  -7.219437 -36.366726 -6.845265  0.863648 0.141173 0.483923  0.223350 0.376805 1 38 1.000000
v_ic_base
0  -11.584715 -36.554527 -12.719872  -0.564821 -0.122641 -0.816049  0.028534 0.390341 1 38 1.000000
0  -12.519937 -36.606010 -11.684258  -0.731989 -0.135285 -0.667751  0.049845 0.390341 1 38 1.000000
0  -12.560869 -36.289810 -11.703449  -0.731989 -0.135284 -0.667750  0.049845 0.378778 1 38 1.000000
v_ic_base
0  -23.087940 -19.004868 -3.075688  -0.503718 -0.012357 0.863780  0.838747 0.615781 1 41 1.000000
0  -23.060196 -19.383411 -3.064607  -0.494401 -0.006570 0.869209  0.848285 0.615781 1 41 1.000000
0  -22.936296 -19.346233 -3.043696  -0.173544 0.015191 0.984709  0.847644 0.618883 1 41 1.000000
v_ic_base
0  -13.861629 -10.637953 -12.968140  -0.321498 0.886472 -0.332877  0.040009 0.346622 1 38 1.000000
0  -13.007588 -10.566662 -13.437543  -0.193614 0.897161 -0.397008  0.029384 0.346622 1 38 1.000000
0  -12.972207 -10.784748 -13.835012  -0.135791 0.829593 -0.541605  0.020928 0.352720 1 38 1.000000
v_ic_ammo
0  -12.669097 -20.714571 -12.985153  -0.897867 -0.092365 -0.430468  0.454380 0.688292 1 42 1.000000
0  -12.662359 -20.526062 -12.094006  -0.894166 0.158026 0.418922  0.454380 0.810722 1 42 1.000000
0  -12.641600 -20.173660 -12.233343  -0.900471 0.204899 0.383625  0.497289 0.800838 1 42 1.000000
v_ic_base
0  -10.955891 -29.682287 -13.300272  0.112038 -0.970455 0.213691  0.008733 0.099722 1 39 1.000000
0  -9.567677 -29.558157 -13.239433  0.044031 -0.976201 0.212353  0.008733 0.122657 1 39 1.000000
0  -9.620644 -29.486179 -12.895963  0.039208 -0.976767 0.210686  0.003827 0.122657 1 39 1.000000
v_ic_base
0  -12.792436 -36.185833 -7.014999  -0.913540 -0.094242 0.395681  0.142881 0.378778 1 38 1.000000
0  -13.041051 -36.242443 -8.369624  -0.991693 -0.127221 0.018995  0.114790 0.378778 1 38 1.000000
0  -13.000119 -36.558643 -8.350431  -0.991587 -0.126772 0.026167  0.114723 0.390341 1 38 1.000000
v_ic_base
0  -9.105762 -23.840757 -12.429355  -0.041286 -0.026694 -0.998791  0.625040 0.168373 1 38 1.000000
0  -9.212607 -23.852066 -12.424600  0.129629 -0.001652 -0.991561  0.625040 0.161122 1 38 1.000000
0  -9.619085 -19.064669 -12.611938  -0.037449 -0.042101 -0.998411  0.759457 0.161122 1 38 1.000000
v_ic_base
0  -8.182946 -28.337345 -12.988767  0.630030 0.065446 -0.773808  0.033500 0.144202 1 39 1.000000
0  -9.513778 -28.495773 -13.664284  0.241203 0.008582 -0.970437  0.033500 0.122657 1 39 1.000000
0  -10.018576 -24.405138 -13.735767  0.249612 0.014030 -0.968244  0.117851 0.122657 1 39 1.000000
v_ic_base
0  -10.178886 -32.565357 -5.387350  -0.083465 0.053143 0.995093  0.154623 0.597484 1 38 1.000000
0  -10.202607 -32.316071 -5.402627  -0.083534 0.053033 0.995093  0.167555 0.597484 1 38 1.000000
0  -10.512974 -32.354252 -5.426646  -0.083442 0.053180 0.995093  0.167555 0.615933 1 38 1.000000
v_ic_base
0  -15.073944 -11.091307 -7.989079  -0.463308 -0.843208 0.272664  0.144840 0.362822 1 38 1.000000
0  -15.302203 -11.170593 -9.224756  -0.447429 -0.892638 0.054821  0.119233 0.362822 1 38 1.000000
0  -14.986818 -11.326324 -9.214571  -0.450534 -0.890937 0.057009  0.118593 0.368571 1 38 1.000000
v_ic_base
0  -12.166930 -29.691576 -12.483577  0.547489 0.073147 0.833610  0.407334 0.025805 1 39 1.000000
0  -12.670768 -24.482706 -12.605015  0.548770 0.072278 0.832843  0.473713 0.025805 1 39 1.000000
0  -13.533270 -24.520073 -11.715166  0.714404 0.085559 0.694483  0.473713 0.046961 1 39 1.000000
v_ic_base
0  -21.488638 -13.533807 -4.389745  0.283822 0.777240 -0.561554  0.881727 0.697904 1 41 1.000000
0  -23.892088 -13.806083 -5.981365  0.283822 0.777243 -0.561551  0.939069 0.754498 1 41 1.000000
0  -24.223270 -13.644258 -5.924770  0.283822 0.777242 -0.561551  0.951661 0.755231 1 41 1.000000
v_ic_base
0  -10.656005 -28.355616 -5.192503  -0.080920 0.828217 -0.554535  0.154623 0.597484 1 38 1.000000
0  -10.596752 -28.481323 -5.387633  -0.077785 0.827183 -0.556523  0.141735 0.599618 1 38 1.000000
0  -10.840154 -28.513105 -5.400852  -0.080341 0.828027 -0.554903  0.141735 0.613800 1 38 1.000000
v_ic_base
0  -9.295781 -36.282036 -5.417981  0.150424 -0.900306 0.408439  0.175141 0.394407 1 38 1.000000
0  -8.103092 -36.194592 -5.911483  0.301526 -0.888017 0.347143  0.161366 0.394407 1 38 1.000000
0  -7.958244 -36.064362 -5.704165  0.303417 -0.887914 0.345756  0.161463 0.390341 1 38 1.000000
v_ic_ammo
0  -12.421673 -21.520845 -11.872561  0.883239 -0.222834 -0.412595  0.122522 0.810723 1 42 1.000000
0  -12.428549 -21.697664 -12.644799  0.897672 0.011725 0.440507  0.122522 0.688292 1 42 1.000000
0  -12.565299 -20.445999 -12.959080  0.887376 0.201726 0.414573  0.004878 0.688292 1 42 1.000000
v_ic_base
0  -23.060196 -19.383411 -3.064607  0.202437 -0.961782 0.184376  0.848285 0.615781 1 41 1.000000
0  -22.635736 -19.361525 -3.637851  0.097486 -0.994649 0.034211  0.849102 0.623109 1 41 1.000000
0  -22.378975 -19.333395 -3.551643  0.114821 -0.991646 0.058766  0.848140 0.629126 1 41 1.000000
v_ic_base
0  -9.945606 -36.431843 -4.062836  0.991267 0.092120 0.094359  0.105644 0.591561 1 38 1.000000
0  -10.001415 -35.903397 -3.974970  0.990910 0.087684 0.102024  0.128893 0.594970 1 38 1.000000
0  -10.021415 -35.917221 -3.768846  0.991036 0.089149 0.099495  0.128124 0.600865 1 38 1.000000
v_ic_base
0  -10.619438 -35.997826 -3.278581  -0.818600 -0.472538 0.326499  0.124069 0.615395 1 38 1.000000
0  -10.428405 -36.342560 -3.312487  -0.829388 -0.486596 0.274480  0.110423 0.613907 1 38 1.000000
0  -10.407150 -36.333317 -3.231881  -0.827908 -0.484550 0.282452  0.110625 0.616185 1 38 1.000000
v_ic_base
0  -11.901025 -10.337082 -6.328044  0.165198 0.059745 0.984449  0.207207 0.408475 1 38 1.000000
0  -13.213725 -10.481238 -6.387919  -0.259423 0.016849 0.965617  0.183827 0.408475 1 38 1.000000
0  -13.188116 -10.816602 -6.375187  -0.267944 0.015141 0.963315  0.183681 0.401068 1 38 1.000000
v_ic_base
0  -10.649682 -10.285229 -12.821634  0.154543 0.939563 -0.305512  0.040034 0.346624 1 38 1.000000
0  -11.453651 -10.396014 -13.366663  0.021502 0.922700 -0.384919  0.029409 0.346624 1 38 1.000000
0  -11.686321 -10.204676 -12.640326  -0.029094 0.964078 -0.264022  0.044943 0.341039 2 38 0.750000 44 0.250000
v_ic_base
0  -11.014954 -24.022894 -13.626172  0.090978 -0.423454 -0.901338  0.625070 0.082617 1 38 1.000000
0  -12.214081 -24.144413 -13.451194  -0.246092 -0.464720 -0.850573  0.625070 0.055663 1 38 1.000000
0  -12.262483 -23.914688 -13.560490  -0.241985 -0.457964 -0.855402  0.635660 0.054086 1 38 1.000000
v_ic_base
0  -11.858978 -10.670641 -6.314560  0.187591 -0.751460 0.632549  0.176789 0.362822 1 38 1.000000
0  -11.879898 -10.873447 -6.548965  0.188145 -0.750983 0.632950  0.171778 0.368571 1 38 1.000000
0  -10.798986 -10.777040 -7.003491  0.429545 -0.733265 0.527080  0.161249 0.368571 1 38 1.000000
v_ic_base
0  -10.798986 -10.777040 -7.003491  0.575049 0.095923 0.812476  0.994655 0.429417 1 38 1.000000
0  -11.879898 -10.873447 -6.548965  0.165130 0.064394 0.984167  0.994655 0.471130 1 38 1.000000
0  -10.924991 -12.511268 -6.786485  0.428752 0.102595 0.897578  0.942604 0.440736 1 38 1.000000
v_ic_base
0  -9.341815 -17.351965 -7.615880  0.846093 0.153207 0.510543  0.788857 0.390142 1 38 1.000000
0  -9.423838 -16.540979 -7.647666  0.880240 0.107146 0.462274  0.813746 0.390142 1 38 1.000000
0  -9.652339 -16.548519 -7.387748  0.729460 0.100076 0.676663  0.813915 0.401927 1 38 1.000000
v_ic_base
0  -9.178298 -14.219270 -9.630883  0.034368 0.042612 0.998500  0.605568 0.105422 1 38 1.000000
0  -9.517861 -14.354321 -9.613431  0.034367 0.042612 0.998500  0.600271 0.109319 1 38 1.000000
0  -9.061830 -18.863237 -9.436705  0.034374 0.042612 0.998500  0.445680 0.109319 1 38 1.000000
v_ic_base
0  -8.594217 -23.586308 -9.934862  0.269549 0.960682 -0.066580  0.268679 0.044160 1 39 1.000000
0  -8.581761 -23.575228 -9.727942  0.270015 0.960473 -0.067700  0.268679 0.028829 1 39 1.000000
0  -8.124896 -23.702822 -9.715950  0.268847 0.960995 -0.064891  0.273228 0.030178 1 39 1.000000
v_ic_base
0  -10.443754 -22.249390 -6.224666  0.404522 0.081036 0.910931  0.642166 0.461612 1 38 1.000000
0  -9.985063 -22.208511 -6.418301  0.348316 0.075602 0.934323  0.642166 0.444868 1 38 1.000000
0  -9.883249 -19.831221 -6.648618  0.517416 0.066766 0.853125  0.714189 0.429335 1 38 1.000000
v_ic_base
0  -11.411901 -16.578066 -15.725192  0.994025 0.099099 0.045745  0.075006 0.888239 1 40 1.000000
0  -11.427181 -16.359098 -15.868175  0.994056 0.099130 0.045011  0.082609 0.884473 1 40 1.000000
0  -11.462111 -16.228029 -15.395464  0.994042 0.098977 0.045651  0.086430 0.897858 1 40 1.000000
v_ic_base
0  -14.405251 -19.344807 -6.708747  0.814878 0.110562 0.568991  0.327177 0.652175 1 41 1.000000
0  -16.424490 -19.486982 -3.746619  0.821986 0.087544 0.562739  0.262222 0.652175 1 41 1.000000
0  -16.539021 -20.024734 -3.495511  0.821254 0.090266 0.563377  0.259337 0.648031 1 41 1.000000
v_ic_base
0  -10.263562 -32.185051 -5.202157  0.133703 -0.863848 -0.485685  0.180440 0.599618 1 38 1.000000
0  -10.301200 -32.310486 -4.987661  0.138428 -0.865312 -0.481739  0.167555 0.597484 1 38 1.000000
0  -10.480853 -32.333580 -4.997801  0.134396 -0.864065 -0.485107  0.167555 0.615933 1 38 1.000000
v_ic_base
0  -10.465498 -29.395514 -5.549164  -0.083276 0.038854 0.995769  0.154623 0.597484 1 38 1.000000
0  -10.488353 -29.141827 -5.560917  -0.083436 0.038617 0.995765  0.167555 0.597484 1 38 1.000000
0  -10.784904 -29.181129 -5.584240  -0.083238 0.038909 0.995770  0.167555 0.615933 1 38 1.000000
v_ic_base
0  -12.746496 -24.446161 -12.902127  0.012050 0.992734 0.119721  0.124583 0.078522 1 39 1.000000
0  -13.668990 -24.484951 -11.930832  0.125958 0.988634 0.082085  0.124583 0.056934 1 39 1.000000
0  -13.533270 -24.520073 -11.715166  0.186441 0.981577 0.041779  0.129734 0.056934 1 39 1.000000
v_ic_ammo
0  -10.607427 -21.413668 -12.297018  -0.921379 -0.380061 0.081329  0.122786 0.318615 1 42 1.000000
0  -10.973636 -21.611715 -12.985187  -0.577577 -0.125794 0.806586  0.122786 0.442542 1 42 1.000000
0  -10.741561 -22.071138 -12.911023  -0.798253 -0.316011 0.512765  0.224107 0.417353 1 42 1.000000
v_ic_base
0  -14.503770 -14.537867 -7.967009  -0.568201 -0.089529 -0.818005  0.884551 0.580677 1 38 1.000000
0  -13.972919 -19.786549 -7.761292  -0.568212 -0.089530 -0.817997  0.736377 0.580677 1 38 1.000000
0  -14.286924 -19.810629 -7.540537  -0.568212 -0.089530 -0.817998  0.743658 0.577118 1 38 1.000000
v_ic_base
0  -10.547481 -29.011002 -5.365709  0.142469 -0.858842 -0.492029  0.180440 0.599618 1 38 1.000000
0  -10.583776 -29.133951 -5.159531  0.148455 -0.860638 -0.487097  0.167555 0.597484 1 38 1.000000
0  -10.753784 -29.157764 -5.169271  0.143425 -0.859132 -0.491244  0.167555 0.615933 1 38 1.000000
v_ic_base
0  -11.036015 -26.555174 -5.477940  -0.991970 -0.097153 0.080973  0.476414 0.568985 1 38 1.000000
0  -11.052659 -26.449200 -5.692514  -0.956839 -0.085891 0.277637  0.480844 0.562710 1 38 1.000000
0  -10.978093 -27.186455 -5.663618  -0.956483 -0.085819 0.278882  0.453102 0.562710 1 38 1.000000
v_ic_base
0  -11.798165 -35.965591 -6.106202  -0.644824 -0.017520 0.764131  0.231112 0.429209 1 38 1.000000
0  -10.659372 -35.853954 -5.508497  -0.469997 0.002980 0.882663  0.231112 0.471390 1 38 1.000000
0  -11.053959 -35.209885 -5.720780  -0.475067 0.002062 0.879947  0.254981 0.461612 1 38 1.000000
v_ic_base
0  -10.753906 -27.374603 -5.231280  0.968913 0.105281 0.223882  0.444254 0.575260 1 38 1.000000
0  -10.679460 -28.113962 -5.202226  0.966652 0.106278 0.233000  0.416512 0.575260 1 38 1.000000
0  -10.643718 -27.998346 -5.406905  0.967815 0.106568 0.227984  0.420941 0.568985 1 38 1.000000
v_ic_display
0  -10.281288 -18.268082 -5.968452  0.761154 0.102086 0.640487  0.003778 0.002015 1 38 1.000000
0  -10.463505 -16.466448 -6.039066  0.761154 0.102086 0.640487  0.996852 0.002015 1 38 1.000000
0  -11.371002 -16.540712 -4.948762  0.761154 0.102086 0.640487  0.996852 0.997558 1 38 1.000000
v_ic_base
0  -12.141658 -19.364731 -13.247762  0.047144 -0.014451 -0.998784  0.763940 0.063918 1 38 1.000000
0  -12.075191 -18.966612 -13.250384  0.047144 -0.014450 -0.998783  0.784500 0.066754 1 38 1.000000
0  -10.672005 -18.812519 -13.186381  0.326683 0.034531 -0.944503  0.784500 0.100125 1 38 1.000000
v_ic_base
0  -16.886772 -20.722698 -3.420279  -0.087295 0.995439 -0.038485  0.766210 0.650416 1 41 1.000000
0  -16.697748 -20.695269 -3.139499  -0.087295 0.995439 -0.038485  0.762166 0.640691 1 41 1.000000
0  -14.167684 -20.612558 -6.739995  -0.087293 0.995439 -0.038473  0.664740 0.736405 1 41 1.000000
v_ic_base
0  -20.980677 -21.778952 -2.629176  0.551340 0.009666 -0.834225  0.895737 0.650416 1 41 1.000000
0  -24.469313 -22.174164 -4.939430  0.551346 0.009651 -0.834221  0.987198 0.740767 1 41 1.000000
0  -24.485037 -21.973061 -4.947494  0.551346 0.009652 -0.834221  0.981036 0.743277 1 41 1.000000
v_ic_base
0  -21.840681 -21.612961 -6.511999  0.087291 -0.995440 0.038473  0.896020 0.772108 1 41 1.000000
0  -20.487898 -21.459711 -5.616155  0.087290 -0.995440 0.038474  0.863745 0.740254 1 41 1.000000
0  -20.833672 -21.428675 -4.028614  0.087291 -0.995440 0.038473  0.881743 0.697904 1 41 1.000000
v_ic_base
0  -9.896137 -35.190262 -5.197897  0.060285 -0.872693 0.484533  0.167555 0.597484 1 38 1.000000
0  -9.960206 -35.079330 -4.992477  0.063858 -0.869641 0.489538  0.180440 0.599618 1 38 1.000000
0  -10.234849 -35.107700 -5.007049  0.059222 -0.873593 0.483040  0.180440 0.613800 1 38 1.000000
v_ic_base
0  -10.321473 -36.142712 -13.278697  -0.148607 0.900402 -0.408892  0.016708 0.378778 1 38 1.000000
0  -11.625647 -36.238327 -12.739063  -0.251247 0.925857 -0.282248  0.028534 0.378778 1 38 1.000000
0  -11.583441 -36.178871 -12.584051  -0.286699 0.899151 -0.330654  0.031619 0.376907 1 38 1.000000
v_ic_base
0  -9.113049 -36.682114 -10.473643  0.146666 0.615214 -0.774597  0.207195 0.781546 1 38 1.000000
0  -8.156753 -36.588364 -9.971725  0.439981 0.659959 -0.608991  0.225643 0.781546 1 38 1.000000
0  -7.920838 -36.921917 -10.162756  0.450009 0.661722 -0.599680  0.225643 0.809234 1 38 1.000000
v_ic_base
0  -11.148562 -13.422095 -16.488914  0.584382 0.811376 0.012918  0.167570 0.870739 1 38 1.000000
0  -11.099277 -13.593380 -18.621832  0.592063 0.790914 -0.154647  0.164816 0.810894 1 38 1.000000
0  -11.251832 -13.479833 -18.625170  0.593364 0.793288 -0.136430  0.169175 0.811120 1 38 1.000000
v_ic_base
0  -18.899942 -14.424424 -5.221818  -0.033000 -0.997892 -0.055881  0.976684 0.979393 1 41 1.000000
0  -16.986147 -14.352777 -8.056107  -0.028291 -0.998616 -0.044346  0.976684 0.950153 1 41 1.000000
0  -14.774862 -14.466382 -6.908582  -0.031386 -0.998158 -0.051926  0.996707 0.950153 1 41 1.000000
v_ic_base
0  -10.001487 -34.289906 -5.267799  0.952244 0.123053 0.279444  0.196911 0.562710 1 38 1.000000
0  -10.079165 -33.566936 -5.320845  0.942242 0.120033 0.312684  0.224653 0.562710 1 38 1.000000
0  -10.117018 -33.679245 -5.102011  0.966038 0.120486 0.228590  0.220224 0.568985 1 38 1.000000
v_ic_base
0  -11.045972 -18.051401 -13.831797  0.993736 0.102263 0.045068  0.026544 0.935058 1 38 1.000000
0  -11.028075 -18.231253 -13.818284  0.993736 0.102263 0.045068  0.019359 0.937454 1 38 1.000000
0  -10.845516 -17.831432 -18.750847  0.987701 0.152946 -0.032482  0.043131 0.801695 1 38 1.000000
v_ic_base
0  -11.374090 -10.947425 -13.750554  0.987659 0.087211 -0.130089  0.268241 0.948758 1 38 1.000000
0  -10.672005 -18.812519 -13.186381  0.988601 0.079058 -0.128129  0.001389 0.956039 1 38 1.000000
0  -10.791222 -18.406670 -13.845071  0.988222 0.078882 -0.131127  0.016392 0.938182 1 38 1.000000
v_ic_base
0  -12.410499 -13.560677 -16.546474  -0.994001 -0.101711 -0.040216  0.167546 0.870739 1 38 1.000000
0  -12.274234 -15.132216 -15.984775  -0.995611 -0.092160 -0.016316  0.113574 0.884748 1 38 1.000000
0  -12.255425 -15.130623 -14.968163  -0.980553 -0.087153 0.175842  0.112053 0.913136 1 38 1.000000
v_ic_base
0  -9.227853 -19.670965 -7.173899  0.712536 0.294525 0.636826  0.775833 0.032258 1 38 1.000000
0  -9.034623 -19.660883 -7.396256  0.715030 0.293166 0.634654  0.775811 0.012895 1 38 1.000000
0  -9.177770 -18.973930 -7.552306  0.845841 0.154377 0.510608  0.832103 0.009682 1 38 1.000000
v_ic_base
0  -10.436956 -10.999853 -12.920560  0.565491 -0.699085 -0.437608  0.037240 0.368571 1 38 1.000000
0  -11.342325 -11.122657 -13.490191  0.436514 -0.720824 -0.538394  0.026199 0.368571 1 38 1.000000
0  -11.374090 -10.947425 -13.750554  0.433074 -0.725553 -0.534808  0.020944 0.362822 1 38 1.000000
v_ic_base
0  -10.649682 -10.285229 -12.821634  0.154543 0.939563 -0.305512  0.040034 0.346624 1 38 1.000000
0  -9.977978 -10.172810 -11.917453  0.295900 0.937842 -0.181373  0.058290 0.346624 1 38 1.000000
0  -9.642241 -10.349144 -12.103086  0.356635 0.909209 -0.214828  0.053940 0.352720 1 38 1.000000
v_ic_base
0  -9.856483 -10.180169 -7.762664  0.867397 0.106777 0.486027  0.144856 0.352720 1 38 1.000000
0  -10.713516 -10.230803 -6.819173  0.568750 0.089565 0.817619  0.165394 0.352720 1 38 1.000000
0  -10.679690 -10.565266 -6.806064  0.568267 0.090403 0.817863  0.165394 0.362822 1 38 1.000000
v_ic_base
0  -9.976279 -34.513477 -5.250671  -0.083376 0.066868 0.994272  0.154640 0.597484 1 38 1.000000
0  -10.001487 -34.289906 -5.267799  -0.083432 0.066765 0.994274  0.167572 0.597484 1 38 1.000000
0  -10.326737 -34.326019 -5.292667  -0.083341 0.066931 0.994271  0.167572 0.615933 1 38 1.000000
v_ic_base
0  -23.176338 -17.926821 -3.135332  0.797764 0.093326 0.595704  0.811549 0.615781 1 41 1.000000
0  -22.749361 -17.908480 -3.710011  0.797763 0.093332 0.595704  0.810744 0.623109 1 41 1.000000
0  -22.798407 -17.328588 -3.735178  0.797763 0.093327 0.595704  0.797845 0.623109 1 41 1.000000
v_ic_base
0  -16.986147 -14.352777 -8.056107  -0.464215 -0.000942 0.885722  0.976684 0.950153 1 41 1.000000
0  -16.517456 -20.102806 -7.846666  -0.472492 -0.006412 0.881312  0.941597 0.950153 1 41 1.000000
0  -14.405251 -19.344807 -6.708747  -0.469556 -0.004468 0.882892  0.941597 0.931862 1 41 1.000000
v_ic_base
0  -12.435765 -19.539518 -5.922288  0.103172 -0.993576 0.046508  0.743658 0.513098 1 38 1.000000
0  -13.588826 -19.693794 -6.600828  0.107066 -0.993281 0.043930  0.743658 0.544822 1 38 1.000000
0  -13.274819 -19.669712 -6.821578  0.107061 -0.993282 0.043927  0.736377 0.541433 1 38 1.000000
v_ic_base
0  -12.024534 -38.333553 -8.205908  0.083886 -0.996130 0.026233  0.459248 0.901109 1 38 1.000000
0  -11.731911 -38.335743 -9.224595  0.086365 -0.996031 0.021515  0.477879 0.901109 1 38 1.000000
0  -11.182773 -38.281906 -8.936376  0.083196 -0.996212 0.025280  0.477879 0.919290 1 38 1.000000
v_ic_base
0  -9.865051 -10.032679 -9.025829  0.335894 0.941648 0.021769  0.118616 0.346624 1 38 1.000000
0  -10.173779 -10.018378 -7.950620  0.245708 0.956159 0.159332  0.141381 0.346624 1 38 1.000000
0  -9.856483 -10.180169 -7.762664  0.343448 0.915829 0.208089  0.144856 0.352720 1 38 1.000000
v_ic_base
0  -13.041051 -36.242443 -8.369624  -0.991693 -0.127221 0.018995  0.114790 0.378778 1 38 1.000000
0  -12.560869 -36.289810 -11.703449  -0.980936 -0.135443 -0.139358  0.049845 0.378778 1 38 1.000000
0  -12.519937 -36.606010 -11.684258  -0.980935 -0.135443 -0.139359  0.049845 0.390341 1 38 1.000000
v_ic_base
0  -10.277790 -32.559994 -4.971581  -0.073380 0.840091 -0.537458  0.154623 0.597484 1 38 1.000000
0  -10.216371 -32.683659 -5.171884  -0.070273 0.839026 -0.539534  0.141735 0.599618 1 38 1.000000
0  -10.474809 -32.714142 -5.185626  -0.072979 0.839955 -0.537727  0.141735 0.613800 1 38 1.000000
v_ic_ammo
0  -10.710816 -20.048349 -12.696486  0.850265 -0.513839 0.114104  0.502438 0.328529 1 42 1.000000
0  -11.099249 -20.251204 -13.433897  0.540696 -0.678859 -0.496788  0.497289 0.431275 1 42 1.000000
0  -11.024556 -20.077219 -13.590278  0.549715 -0.676386 -0.490220  0.513297 0.441924 1 42 1.000000
v_ic_base
0  -7.063953 -35.696686 -6.758973  0.249179 0.955764 0.156283  0.142901 0.378778 1 38 1.000000
0  -6.786809 -35.682468 -8.094972  0.220788 0.974918 0.028045  0.115451 0.377720 1 38 1.000000
0  -6.969578 -35.611320 -8.093965  0.353072 0.931769 0.084542  0.117036 0.370180 1 38 1.000000
v_ic_base
0  -12.792436 -36.185833 -7.014999  -0.429387 0.893700 0.130103  0.142881 0.378778 1 38 1.000000
0  -11.963409 -36.086662 -5.900532  -0.327662 0.905464 0.269765  0.162249 0.378778 1 38 1.000000
0  -11.798165 -35.965591 -6.106202  -0.327148 0.905517 0.270208  0.162787 0.370180 1 38 1.000000
v_ic_base
0  -14.859702 -11.260282 -12.329504  -0.984943 -0.104998 -0.137344  0.053924 0.362822 1 38 1.000000
0  -15.302203 -11.170593 -9.224756  -0.994723 -0.099647 0.024405  0.119233 0.362822 1 38 1.000000
0  -15.336030 -10.836131 -9.237863  -0.994701 -0.099603 0.025472  0.119233 0.352720 1 38 1.000000
v_ic_base
0  -11.453651 -10.396014 -13.366663  0.021502 0.922700 -0.384919  0.029409 0.346624 1 38 1.000000
0  -10.649682 -10.285229 -12.821634  0.154543 0.939563 -0.305512  0.040034 0.346624 1 38 1.000000
0  -10.401229 -10.477109 -13.145924  0.215730 0.900707 -0.377079  0.032895 0.352720 1 38 1.000000
v_ic_base
0  -10.334439 -36.439461 -4.340364  -0.130501 -0.988304 0.078903  0.107476 0.583995 1 38 1.000000
0  -10.361311 -36.443996 -4.426483  -0.125661 -0.987876 0.091163  0.107476 0.580864 1 38 1.000000
0  -10.088914 -36.479500 -4.435721  0.008198 -0.999410 0.033348  0.104482 0.580425 1 38 1.000000
v_ic_base
0  -9.902507 -38.197811 -9.836946  0.166877 0.048953 0.984762  0.122871 0.482360 1 38 1.000000
0  -9.093655 -38.128746 -9.800795  -0.264038 0.003812 0.964505  0.122871 0.458584 1 38 1.000000
0  -11.889845 -11.333033 -10.672173  -0.263050 0.003942 0.964774  0.060438 0.458584 1 38 1.000000
v_ic_base
0  -8.924520 -36.448742 -12.934731  0.256092 -0.025501 -0.966316  0.212732 0.515004 1 38 1.000000
0  -7.785727 -36.337101 -12.337027  0.641124 0.036466 -0.766570  0.212687 0.502431 1 38 1.000000
0  -7.757350 -36.556313 -12.323721  0.653008 0.038624 -0.756365  0.223350 0.502431 1 38 1.000000
v_ic_base
0  -6.791454 -36.116863 -11.428229  0.797693 0.066880 -0.599344  0.049866 0.390341 1 38 1.000000
0  -7.620482 -36.216026 -12.542696  0.653023 0.038626 -0.756352  0.028555 0.390341 1 38 1.000000
0  -7.661413 -35.899826 -12.561888  0.641134 0.036467 -0.766562  0.028555 0.378778 1 38 1.000000
v_ic_base
0  -9.513778 -28.495773 -13.664284  0.241203 0.008582 -0.970437  0.033500 0.122657 1 39 1.000000
0  -11.064639 -28.721558 -13.685308  0.017308 -0.025817 -0.999517  0.033500 0.099722 1 39 1.000000
0  -11.510605 -24.544170 -13.800933  0.038374 -0.015160 -0.999148  0.117851 0.099722 1 39 1.000000
v_ic_base
0  -9.262419 -36.159981 -5.164534  0.193331 0.084270 0.977508  0.175941 0.390341 1 38 1.000000
0  -7.958244 -36.064362 -5.704165  0.568689 0.122983 0.813307  0.161463 0.390341 1 38 1.000000
0  -7.999176 -35.748161 -5.723357  0.564828 0.122649 0.816044  0.162269 0.378778 1 38 1.000000
v_ic_base
0  -7.063953 -35.696686 -6.758973  0.864770 0.141196 0.481909  0.142901 0.378778 1 38 1.000000
0  -7.999176 -35.748161 -5.723357  0.564828 0.122649 0.816044  0.162269 0.378778 1 38 1.000000
0  -7.958244 -36.064362 -5.704165  0.568689 0.122983 0.813307  0.161463 0.390341 1 38 1.000000
v_ic_base
0  -10.855554 -25.436712 -5.707402  -0.082472 0.030696 0.996121  0.154623 0.597484 1 38 1.000000
0  -10.879363 -25.201303 -5.716628  -0.082471 0.030698 0.996120  0.167555 0.597484 1 38 1.000000
0  -11.174844 -25.241123 -5.739864  -0.082472 0.030695 0.996121  0.167555 0.615933 1 38 1.000000
v_ic_base
0  -11.052659 -26.449200 -5.692514  -0.146754 0.879045 0.453590  0.154623 0.615933 1 38 1.000000
0  -11.036015 -26.555174 -5.477940  -0.139862 0.883453 0.447157  0.141735 0.613800 1 38 1.000000
0  -10.792825 -26.523363 -5.464725  -0.147961 0.878261 0.454713  0.141735 0.599618 1 38 1.000000
v_ic_base
0  -8.451860 -29.358719 -12.320925  -0.623144 -0.047260 0.780678  0.407334 0.046961 1 39 1.000000
0  -9.000805 -24.140430 -12.444730  -0.621384 -0.046246 0.782140  0.473713 0.046961 1 39 1.000000
0  -10.155439 -24.272018 -13.009894  -0.245924 -0.003814 0.969282  0.473713 0.025805 1 39 1.000000
v_ic_ammo
0  -11.641883 -22.238874 -13.187242  -0.163861 -0.140007 0.976498  0.224107 0.539462 1 42 1.000000
0  -10.957026 -22.131021 -13.057882  -0.162103 -0.141885 0.976520  0.224107 0.466452 1 42 1.000000
0  -10.973636 -21.611715 -12.985187  -0.577577 -0.125794 0.806586  0.123556 0.442542 1 42 1.000000
v_ic_base
0  -10.120918 -13.058164 -7.148913  0.935907 0.072272 -0.344754  0.798860 0.484087 1 38 1.000000
0  -10.180725 -13.105145 -7.320974  0.935832 0.072136 -0.344985  0.796638 0.467153 1 38 1.000000
0  -10.221157 -12.677052 -7.341138  0.936038 0.072514 -0.344345  0.824191 0.467153 1 38 1.000000
v_ic_base
0  -9.507540 -10.196070 -8.972010  0.987824 0.104433 0.115316  0.119249 0.352720 1 38 1.000000
0  -9.856483 -10.180169 -7.762664  0.867397 0.106777 0.486027  0.144856 0.352720 1 38 1.000000
0  -9.822657 -10.514630 -7.749555  0.867556 0.106783 0.485741  0.144856 0.362822 1 38 1.000000
v_ic_base
0  -11.484763 -37.222404 -10.151340  -0.604531 -0.571462 -0.554953  0.503267 0.809234 1 38 1.000000
0  -10.995284 -38.283386 -9.592003  -0.604527 -0.571461 -0.554958  0.501114 0.901109 1 38 1.000000
0  -11.242314 -38.296741 -9.309155  -0.604529 -0.571461 -0.554957  0.491656 0.901109 1 38 1.000000
v_ic_base
0  -12.410499 -13.560677 -16.546474  -0.994001 -0.101711 -0.040216  0.167546 0.870739 1 38 1.000000
0  -12.232774 -13.717856 -18.673534  -0.979161 -0.090251 -0.181928  0.164792 0.810894 1 38 1.000000
0  -12.069826 -15.277282 -18.727671  -0.980531 -0.098410 -0.169927  0.112043 0.807665 1 38 1.000000
v_ic_base
0  -11.916107 -37.245716 -9.657454  -0.697776 -0.363109 -0.617463  0.490417 0.809234 1 38 1.000000
0  -11.573373 -38.326199 -9.488537  -0.803242 -0.332101 -0.494480  0.485410 0.901109 1 38 1.000000
0  -11.731911 -38.335743 -9.224595  -0.847265 -0.361683 -0.389008  0.477879 0.901109 1 38 1.000000
v_ic_base
0  -12.061323 -15.116974 -14.411376  -0.527306 -0.811125 0.253031  0.110984 0.926929 1 38 1.000000
0  -12.255425 -15.130623 -14.968163  -0.647727 -0.753619 0.111839  0.112053 0.913136 1 38 1.000000
0  -12.104305 -15.259025 -14.956311  -0.635422 -0.759438 0.139618  0.107188 0.913136 1 38 1.000000
v_ic_base
0  -11.756527 -16.099340 -14.274623  -0.993115 -0.101829 -0.057906  0.090136 0.929003 1 38 1.000000
0  -11.747714 -16.106422 -14.452883  -0.993533 -0.104251 -0.044977  0.090122 0.924796 1 38 1.000000
0  -11.684098 -16.738926 -14.392112  -0.990791 -0.094364 -0.097102  0.068622 0.925719 1 38 1.000000
v_ic_base
0  -7.967111 -36.821484 -6.176160  0.713123 -0.352112 0.606195  0.321565 0.809234 1 38 1.000000
0  -8.170987 -37.966785 -6.601584  0.713120 -0.352118 0.606196  0.319924 0.901109 1 38 1.000000
0  -7.923957 -37.953434 -6.884431  0.713121 -0.352116 0.606195  0.310528 0.901109 1 38 1.000000
v_ic_base
0  -8.633510 -35.004383 -5.841225  0.344523 0.093794 0.934081  0.254962 0.444868 1 38 1.000000
0  -9.128265 -35.041790 -5.631812  0.409641 0.095706 0.907212  0.254962 0.461612 1 38 1.000000
0  -9.365498 -35.743469 -5.450670  0.391991 0.105802 0.913865  0.231094 0.471390 1 38 1.000000
v_ic_base
0  -11.607464 -17.915108 -18.785601  -0.988319 -0.104311 -0.111107  0.043107 0.801695 1 38 1.000000
0  -11.634964 -17.708376 -18.648375  -0.993735 -0.102271 -0.045070  0.049928 0.805766 1 38 1.000000
0  -11.636255 -17.630430 -18.796757  -0.979495 -0.106605 -0.170951  0.052764 0.801695 1 38 1.000000
v_ic_base
0  -23.237118 -21.700951 -5.620231  0.416427 -0.760133 -0.498785  0.939085 0.754498 1 41 1.000000
0  -20.833672 -21.428675 -4.028614  0.416421 -0.760127 -0.498799  0.881743 0.697904 1 41 1.000000
0  -20.765017 -21.599083 -3.711606  0.416422 -0.760127 -0.498798  0.881031 0.685444 1 41 1.000000
v_ic_base
0  -10.078088 -34.509571 -4.822839  0.970829 0.126620 0.203615  0.188053 0.575260 1 38 1.000000
0  -9.998850 -35.186771 -4.766394  0.966570 0.132012 0.219808  0.160311 0.575260 1 38 1.000000
0  -9.960206 -35.079330 -4.992477  0.964558 0.131852 0.228569  0.164740 0.568985 1 38 1.000000
v_ic_ammo
0  -11.837816 -20.193682 -12.671129  0.113766 -0.971247 0.209134  0.705812 0.675411 1 42 1.000000
0  -11.324917 -20.364058 -13.256987  0.035024 -0.950994 0.307220  0.692298 0.616221 1 42 1.000000
0  -11.013795 -20.200802 -12.666342  -0.009668 -0.977617 0.210172  0.744208 0.625747 1 42 1.000000
v_ic_base
0  -10.301200 -32.310486 -4.987661  0.063563 -0.058436 -0.996265  0.167555 0.597484 1 38 1.000000
0  -10.277790 -32.559994 -4.971581  0.063280 -0.058271 -0.996293  0.154623 0.597484 1 38 1.000000
0  -10.458744 -32.582973 -4.981730  0.063469 -0.058381 -0.996275  0.154623 0.615933 1 38 1.000000
v_ic_base
0  -11.439253 -16.451996 -15.408161  0.097002 -0.972073 0.213692  0.079013 0.897258 1 40 1.000000
0  -11.608787 -16.470613 -15.415894  0.096977 -0.971997 0.214050  0.075859 0.897258 1 40 1.000000
0  -11.581433 -16.596684 -15.732925  0.096981 -0.972005 0.214010  0.071500 0.888239 1 40 1.000000
v_ic_base
0  -11.465527 -16.429691 -14.879432  0.115266 -0.978428 -0.171442  0.079077 0.912093 1 40 1.000000
0  -11.635061 -16.448309 -14.887164  0.115273 -0.978384 -0.171690  0.075957 0.912093 1 40 1.000000
0  -11.608787 -16.470613 -15.415894  0.096977 -0.971997 0.214050  0.075859 0.897258 1 40 1.000000
v_ic_base
0  -19.325329 -13.234641 -6.439377  -0.087291 0.995440 -0.038472  0.805399 0.743625 1 41 1.000000
0  -21.009380 -13.370363 -6.130120  -0.087291 0.995440 -0.038472  0.856446 0.743690 1 41 1.000000
0  -21.449240 -13.330001 -4.087744  -0.087291 0.995440 -0.038473  0.881015 0.685444 1 41 1.000000
v_ic_base
0  -9.642241 -10.349144 -12.103086  0.993983 0.098662 -0.047585  0.053940 0.352720 1 38 1.000000
0  -9.507540 -10.196070 -8.972010  0.987824 0.104433 0.115316  0.119249 0.352720 1 38 1.000000
0  -9.473712 -10.530530 -8.958901  0.987926 0.104410 0.114457  0.119249 0.362822 1 38 1.000000
v_ic_base
0  -11.376263 -16.507874 -16.670218  0.994035 0.098923 0.045912  0.078635 0.861844 1 40 1.000000
0  -11.396312 -16.287279 -16.711750  0.994038 0.098920 0.045868  0.086159 0.860922 1 40 1.000000
0  -11.417937 -16.264627 -16.286337  0.994123 0.098518 0.044864  0.086365 0.872863 1 40 1.000000
v_ic_base
0  -12.949021 -14.304753 -6.484390  -0.107032 0.993284 -0.043939  0.884551 0.513073 1 38 1.000000
0  -13.805670 -14.421029 -7.027297  -0.107042 0.993284 -0.043910  0.884551 0.541433 1 38 1.000000
0  -14.119678 -14.445110 -6.806549  -0.107049 0.993283 -0.043926  0.877468 0.545434 1 38 1.000000
v_ic_base
0  -8.518167 -37.997696 -6.665148  0.083882 -0.996131 0.026219  0.335406 0.919290 1 38 1.000000
0  -7.983499 -37.968266 -7.257213  0.084575 -0.996046 0.027203  0.294537 0.919290 1 38 1.000000
0  -7.923957 -37.953434 -6.884431  0.088997 -0.995708 0.025399  0.310528 0.901109 1 38 1.000000
v_ic_base
0  -13.805670 -14.421029 -7.027297  -0.107042 0.993284 -0.043910  0.884551 0.541433 1 38 1.000000
0  -14.503770 -14.537867 -7.967009  -0.107073 0.993279 -0.043958  0.884551 0.580677 1 38 1.000000
0  -14.817775 -14.561947 -7.746260  -0.107073 0.993279 -0.043956  0.877468 0.577118 1 38 1.000000
v_ic_base
0  -13.077146 -23.958639 -13.128448  0.980174 0.076779 -0.182656  0.635660 0.035515 1 38 1.000000
0  -13.566240 -19.943174 -14.077683  0.980485 0.076627 -0.181046  0.734911 0.035515 1 38 1.000000
0  -13.326556 -19.707806 -12.680011  0.980415 0.076662 -0.181408  0.724067 0.043563 1 38 1.000000
v_ic_base
0  -11.531206 -37.120655 -6.164824  -0.552009 0.605151 0.573654  0.401667 0.809234 1 38 1.000000
0  -10.461510 -37.015789 -5.603385  -0.251554 0.641327 0.724859  0.379364 0.809234 1 38 1.000000
0  -10.428081 -36.672283 -5.895707  -0.257836 0.640604 0.723289  0.379364 0.781546 1 38 1.000000
v_ic_base
0  -9.973129 -35.395584 -4.749578  -0.068391 0.888889 -0.452988  0.154623 0.597484 1 38 1.000000
0  -9.908623 -35.498348 -4.959386  -0.065614 0.888014 -0.455112  0.141735 0.599618 1 38 1.000000
0  -10.185863 -35.526417 -4.974182  -0.068330 0.888870 -0.453035  0.141735 0.613800 1 38 1.000000
v_ic_base
0  -11.513979 -13.528483 -14.492871  0.891162 0.110287 0.440076  0.162366 0.926929 1 38 1.000000
0  -11.363523 -15.040343 -14.379548  0.902352 0.120812 0.413722  0.111008 0.926929 1 38 1.000000
0  -11.121930 -15.006146 -14.916462  0.955399 0.112796 0.272929  0.112077 0.913136 1 38 1.000000
v_ic_base
0  -9.960206 -35.079330 -4.992477  0.118018 -0.903312 -0.412431  0.180440 0.599618 1 38 1.000000
0  -9.998850 -35.186771 -4.766394  0.121773 -0.904387 -0.408969  0.167555 0.597484 1 38 1.000000
0  -10.194697 -35.208256 -4.777197  0.118320 -0.903399 -0.412153  0.167555 0.615933 1 38 1.000000
v_ic_base
0  -10.084720 -36.476280 -4.327064  -0.069712 -0.193020 0.978715  0.019414 0.590487 1 38 1.000000
0  -10.219088 -35.893734 -4.228681  -0.052469 -0.178051 0.982621  0.058954 0.591626 1 38 1.000000
0  -10.577868 -35.927254 -4.253913  -0.059412 -0.184087 0.981113  0.058951 0.618481 1 38 1.000000
v_ic_base
0  -9.227853 -19.670965 -7.173899  0.530512 -0.724360 0.440296  0.775833 0.032258 1 38 1.000000
0  -9.324212 -19.792345 -7.260590  0.581682 -0.647200 0.492726  0.767327 0.032368 1 38 1.000000
0  -9.095726 -19.784914 -7.520566  0.539075 -0.716643 0.442516  0.766874 0.009679 1 38 1.000000
v_ic_base
0  -7.593703 -37.917763 -6.705426  0.083409 -0.995994 0.032232  0.303810 0.901109 1 38 1.000000
0  -7.923957 -37.953434 -6.884431  0.088997 -0.995708 0.025399  0.310528 0.901109 1 38 1.000000
0  -7.983499 -37.968266 -7.257213  0.084575 -0.996046 0.027203  0.294537 0.919290 1 38 1.000000
v_ic_base
0  -11.652623 -36.781235 -6.117032  -0.355636 -0.786889 0.504309  0.029099 0.427545 1 38 1.000000
0  -10.536865 -36.671852 -5.531416  -0.100859 -0.767116 0.633530  0.015587 0.455602 1 38 1.000000
0  -10.561276 -36.611729 -5.462503  -0.101370 -0.767166 0.633388  0.009918 0.454708 1 38 1.000000
v_ic_base
0  -7.208680 -36.836731 -9.205398  0.639176 0.700765 -0.316831  0.261749 0.809234 1 38 1.000000
0  -7.920838 -36.921917 -10.162756  0.450009 0.661722 -0.599680  0.225643 0.809234 1 38 1.000000
0  -8.156753 -36.588364 -9.971725  0.439981 0.659959 -0.608991  0.225643 0.781546 1 38 1.000000
v_ic_base
0  -10.018576 -24.405138 -13.735767  0.012555 0.909534 -0.415440  0.117851 0.122657 1 39 1.000000
0  -11.510605 -24.544170 -13.800933  -0.144060 0.894998 -0.422167  0.117851 0.099722 1 39 1.000000
0  -11.483727 -24.354673 -13.408362  -0.149855 0.894376 -0.421468  0.124583 0.099722 1 39 1.000000
v_ic_base
0  -11.988210 -10.157525 -6.675058  -0.039000 0.943678 0.328559  0.169769 0.346624 1 38 1.000000
0  -10.931526 -10.062936 -7.111638  0.115065 0.955054 0.273189  0.159637 0.346624 1 38 1.000000
0  -11.181894 -9.945061 -7.971590  0.028735 0.991434 0.127412  0.142034 0.341039 2 38 0.750000 44 0.250000
v_ic_base
0  -9.902507 -38.197811 -9.836946  0.083886 -0.996130 0.026237  0.535463 0.919290 1 38 1.000000
0  -10.648106 -38.252476 -9.528437  0.083887 -0.996130 0.026240  0.516893 0.919290 1 38 1.000000
0  -11.013698 -38.296207 -10.019905  0.078484 -0.996564 0.026478  0.516893 0.901109 1 38 1.000000
v_ic_ammo
0  -10.831074 -21.068064 -11.449040  0.604524 0.316885 0.730845  0.308690 0.195457 1 42 1.000000
0  -11.827002 -21.124022 -11.216784  -0.223553 0.288486 0.931021  0.308690 0.075409 1 42 1.000000
0  -11.632491 -21.770542 -11.102523  0.210358 0.228857 0.950460  0.240009 0.085588 1 42 1.000000
v_ic_base
0  -14.815177 -10.528080 -8.162326  -0.457498 0.880200 0.126268  0.141356 0.346622 1 38 1.000000
0  -15.016613 -10.598404 -9.260805  -0.527856 0.849153 -0.017547  0.118591 0.346622 1 38 1.000000
0  -15.336030 -10.836131 -9.237863  -0.598174 0.800988 -0.024603  0.119233 0.352720 1 38 1.000000
v_ic_base
0  -10.120918 -13.058164 -7.148913  0.741496 0.107177 0.662341  0.798860 0.484087 1 38 1.000000
0  -10.155673 -12.689257 -7.165547  0.731128 0.099316 0.674973  0.822707 0.484087 1 38 1.000000
0  -10.340004 -12.516199 -6.991344  0.732700 0.106635 0.672146  0.833261 0.496479 1 38 1.000000
v_ic_ammo
0  -12.428549 -21.697664 -12.644799  0.897672 0.011725 0.440507  0.122297 0.688292 1 42 1.000000
0  -11.784114 -21.738108 -13.139967  0.218383 0.052298 0.974461  0.122297 0.563812 1 42 1.000000
0  -12.015403 -20.473185 -13.387269  0.234104 0.226810 0.945385  0.004878 0.563812 1 42 1.000000
v_ic_ammo
0  -12.640260 -21.578773 -12.775608  -0.894487 -0.142345 -0.423829  0.308690 0.688292 1 42 1.000000
0  -12.632311 -21.355410 -11.824620  -0.895542 0.085886 0.436610  0.308690 0.810723 1 42 1.000000
0  -12.662359 -20.526062 -12.094006  -0.894166 0.158026 0.418922  0.454380 0.810722 1 42 1.000000
v_ic_base
0  -9.505861 -15.729997 -7.679451  0.846187 0.153462 0.510310  0.942782 0.047405 1 38 1.000000
0  -9.772822 -15.745433 -7.377945  0.734539 0.146497 0.662564  0.942782 0.073820 1 38 1.000000
0  -9.563385 -16.432180 -7.293031  0.713118 0.292251 0.637222  0.886133 0.070734 1 38 1.000000
v_ic_base
0  -11.083430 -16.273195 -5.522507  0.236040 0.939391 0.248655  0.317432 0.757040 1 38 1.000000
0  -10.824368 -16.256031 -5.833111  0.235479 0.939613 0.248347  0.299732 0.757040 1 38 1.000000
0  -10.874019 -16.236883 -5.858481  0.235532 0.939593 0.248376  0.299732 0.752560 1 38 1.000000
v_ic_base
0  -10.286016 -34.647354 -5.043645  -0.991501 -0.103955 0.078230  0.183613 0.568985 1 38 1.000000
0  -10.303288 -34.549335 -5.275646  -0.959482 -0.082025 0.269566  0.188036 0.562710 1 38 1.000000
0  -10.228234 -35.225410 -5.223216  -0.955513 -0.084918 0.282461  0.160300 0.562710 1 38 1.000000
v_ic_base
0  -10.136618 -35.959728 -3.180273  -0.035006 -0.109516 0.993368  0.058954 0.591626 1 38 1.000000
0  -10.071515 -36.358135 -3.221902  -0.035540 -0.110275 0.993266  0.019414 0.590487 1 38 1.000000
0  -10.015880 -36.353382 -3.219416  -0.033775 -0.109388 0.993425  0.019414 0.587248 1 38 1.000000
v_ic_base
0  -11.728447 -36.504158 -6.073512  -0.653013 -0.038618 0.756361  0.212662 0.352544 1 38 1.000000
0  -12.486608 -36.594852 -7.092711  -0.913543 -0.094245 0.395674  0.212662 0.376805 1 38 1.000000
0  -12.458230 -36.814060 -7.079405  -0.907979 -0.092738 0.408624  0.223324 0.376805 1 38 1.000000
v_ic_base
0  -6.832386 -35.800659 -11.447423  0.990956 0.125374 -0.047828  0.049866 0.378778 1 38 1.000000
0  -6.682916 -35.699528 -8.085456  0.984689 0.134218 0.111237  0.114810 0.378778 1 38 1.000000
0  -6.641985 -36.015728 -8.066263  0.983977 0.134479 0.117064  0.114744 0.390341 1 38 1.000000
v_ic_base
0  -10.594699 -14.044073 -6.328708  0.994916 0.100251 -0.009558  0.877468 0.447320 1 38 1.000000
0  -10.063851 -19.292711 -6.122988  0.994916 0.100251 -0.009557  0.743658 0.447931 1 38 1.000000
0  -10.066157 -19.313002 -6.575863  0.994916 0.100251 -0.009557  0.736377 0.440148 1 38 1.000000
v_ic_base
0  -10.280541 -36.458912 -13.259503  -0.161089 -0.080562 -0.983646  0.016708 0.390341 1 38 1.000000
0  -11.584715 -36.554527 -12.719872  -0.564821 -0.122641 -0.816049  0.028534 0.390341 1 38 1.000000
0  -11.625647 -36.238327 -12.739063  -0.568696 -0.122977 -0.813303  0.028534 0.378778 1 38 1.000000
v_ic_base
0  -10.218394 -36.559223 -12.992559  -0.171349 -0.081780 -0.981810  0.212732 0.546887 1 38 1.000000
0  -8.924520 -36.448742 -12.934731  0.256092 -0.025501 -0.966316  0.212732 0.515004 1 38 1.000000
0  -8.896142 -36.667953 -12.921425  0.269813 -0.023501 -0.962626  0.223339 0.515004 1 38 1.000000
v_ic_base
0  -11.400613 -38.280277 -8.178021  0.994097 0.098615 0.045237  0.122855 0.507365 1 38 1.000000
0  -11.182773 -38.281906 -8.936376  0.868775 0.102320 0.484520  0.122855 0.482360 1 38 1.000000
0  -13.811236 -11.505025 -9.878325  0.869156 0.102320 0.483837  0.060421 0.482360 1 38 1.000000
v_ic_base
0  -14.060827 -24.390577 -9.141249  0.005310 0.035519 0.999355  0.121850 0.008729 1 39 1.000000
0  -13.565959 -29.722174 -8.955563  -0.001896 0.034629 0.999398  0.014786 0.008729 1 39 1.000000
0  -13.412548 -29.647760 -8.957849  -0.001784 0.034643 0.999398  0.015834 0.005213 1 39 1.000000
v_ic_base
0  -11.391358 -14.117890 -6.056156  0.159316 0.179167 0.970833  0.877468 0.472364 1 38 1.000000
0  -12.966613 -14.290880 -6.128007  -0.324255 0.084246 0.942211  0.877468 0.510959 1 38 1.000000
0  -12.912698 -14.456521 -6.095082  -0.206275 0.154822 0.966168  0.870221 0.509709 1 38 1.000000
v_ic_base
0  -8.717525 -18.944382 -9.744313  0.064690 -0.034238 -0.997318  0.288509 0.120422 1 38 1.000000
0  -9.061384 -18.874704 -9.769092  0.064940 -0.034190 -0.997303  0.294112 0.118297 1 38 1.000000
0  -9.425041 -15.276040 -9.916141  0.061587 -0.034844 -0.997493  0.424161 0.118297 1 38 1.000000
v_ic_base
0  -11.398038 -16.717283 -14.148069  0.994981 0.099850 -0.006589  0.067954 0.931929 1 38 1.000000
0  -11.403069 -16.708063 -14.379293  0.995332 0.094836 -0.017876  0.068624 0.925719 1 38 1.000000
0  -11.464389 -16.075077 -14.435492  0.992735 0.116328 0.030748  0.090138 0.924796 1 38 1.000000
v_ic_base
0  -10.657351 -30.610384 -5.261588  -0.993420 -0.038658 0.107803  0.330014 0.568985 1 38 1.000000
0  -10.610686 -31.160761 -5.238612  -0.993816 -0.081097 0.075846  0.311130 0.568985 1 38 1.000000
0  -10.573271 -31.280281 -5.021045  -0.995751 -0.092045 0.002633  0.306701 0.575260 1 38 1.000000
v_ic_base
0  -10.428081 -36.672283 -5.895707  0.083888 -0.996130 0.026222  0.024898 0.457828 1 38 1.000000
0  -9.341556 -36.579506 -5.847146  0.083886 -0.996130 0.026224  0.024898 0.484518 1 38 1.000000
0  -9.269160 -36.563602 -5.474758  0.083887 -0.996130 0.026218  0.015587 0.486744 1 38 1.000000
v_ic_base
0  -10.454748 -30.063612 -5.292711  0.140270 -0.868320 -0.475757  0.180440 0.599618 1 38 1.000000
0  -10.492260 -30.189756 -5.071472  0.145979 -0.869845 -0.471232  0.167555 0.597484 1 38 1.000000
0  -10.663608 -30.213413 -5.080886  0.141453 -0.868640 -0.474822  0.167555 0.615933 1 38 1.000000
v_ic_base
0  -10.610686 -31.160761 -5.238612  0.068986 -0.834878 0.546095  0.180440 0.613800 1 38 1.000000
0  -10.604120 -31.303123 -5.460294  0.064163 -0.838827 0.540603  0.167555 0.615933 1 38 1.000000
0  -10.300654 -31.264433 -5.436277  0.069452 -0.834494 0.546623  0.167555 0.597484 1 38 1.000000
v_ic_base
0  -10.015880 -36.353382 -3.219416  0.154148 -0.981834 0.110637  0.108366 0.615876 1 38 1.000000
0  -10.009133 -36.361046 -3.298724  0.130035 -0.986060 0.103812  0.108097 0.613589 1 38 1.000000
0  -9.664167 -36.277302 -3.278331  0.232147 -0.962032 0.143535  0.110456 0.613907 1 38 1.000000
v_ic_base
0  -12.885101 -24.643757 -13.249908  -0.298737 0.876446 -0.377622  0.117851 0.078522 1 39 1.000000
0  -13.905224 -24.687468 -12.193374  -0.454347 0.855445 -0.248562  0.117851 0.056934 1 39 1.000000
0  -13.668990 -24.484951 -11.930832  -0.500115 0.842284 -0.201101  0.124583 0.056934 1 39 1.000000
v_ic_base
0  -18.149057 -13.064027 -4.693787  -0.578668 0.716175 -0.390175  0.780981 0.685444 1 41 1.000000
0  -16.255917 -13.002137 -7.387886  -0.578666 0.716177 -0.390174  0.710155 0.754925 1 41 1.000000
0  -16.552805 -13.214931 -7.338162  -0.578666 0.716177 -0.390174  0.722867 0.754363 1 41 1.000000
v_ic_base
0  -13.616920 -19.562126 -6.594281  -0.695124 -0.186213 0.694354  0.750073 0.545049 1 38 1.000000
0  -13.588826 -19.693794 -6.600828  -0.642347 -0.174169 0.746362  0.743658 0.544822 1 38 1.000000
0  -12.435765 -19.539518 -5.922288  -0.303389 -0.064031 0.950713  0.743658 0.513098 1 38 1.000000
v_ic_ammo
0  -12.445355 -21.982788 -11.578751  -0.156084 -0.833734 0.529647  0.224107 0.828369 1 42 1.000000
0  -11.893726 -21.833223 -11.181569  -0.146768 -0.841112 0.520568  0.224107 0.911758 1 42 1.000000
0  -11.902812 -21.817001 -11.157919  -0.147079 -0.840869 0.520872  0.240010 0.919001 1 42 1.000000
v_ic_base
0  -7.778955 -36.905968 -9.985714  0.755863 -0.183942 -0.628360  0.237621 0.809234 1 38 1.000000
0  -7.781207 -38.013603 -9.744792  0.598873 -0.171375 -0.782292  0.233672 0.901109 1 38 1.000000
0  -7.969325 -38.036251 -9.883842  0.548909 -0.204412 -0.810503  0.225643 0.901109 1 38 1.000000
v_ic_base
0  -9.731275 -14.817531 -7.352990  0.504419 -0.756531 0.416200  0.889715 0.114800 1 38 1.000000
0  -9.816380 -14.926606 -7.451318  0.497258 -0.761979 0.414877  0.882126 0.113847 1 38 1.000000
0  -9.587884 -14.919014 -7.711236  0.512499 -0.750270 0.417660  0.881686 0.091160 1 38 1.000000
v_ic_base
0  -10.179539 -33.562325 -4.898942  -0.071310 0.856497 -0.511202  0.154623 0.597484 1 38 1.000000
0  -10.117018 -33.679245 -5.102011  -0.068078 0.855379 -0.513509  0.141735 0.599618 1 38 1.000000
0  -10.382078 -33.708782 -5.116075  -0.071019 0.856397 -0.511410  0.141735 0.613800 1 38 1.000000
v_ic_base
0  -12.652642 -24.229856 -12.581909  -0.726214 -0.067506 -0.684146  0.625020 0.168373 1 38 1.000000
0  -11.583441 -36.178871 -12.584051  -0.742895 -0.066355 -0.666112  0.266344 0.168373 1 38 1.000000
0  -12.441940 -36.241768 -11.620326  -0.741774 -0.066435 -0.667351  0.266344 0.205982 1 38 1.000000
v_ic_base
0  -12.435765 -19.539518 -5.922288  0.103172 -0.993576 0.046508  0.743658 0.513098 1 38 1.000000
0  -12.418175 -19.553391 -6.278672  0.103911 -0.993621 0.043812  0.736377 0.513073 1 38 1.000000
0  -10.896843 -19.396660 -6.185170  0.111866 -0.991232 0.070317  0.736377 0.473470 1 38 1.000000
v_ic_base
0  -12.232774 -13.717856 -18.673534  -0.979161 -0.090251 -0.181928  0.164792 0.810894 1 38 1.000000
0  -12.125946 -13.753460 -18.983166  -0.945376 -0.072335 -0.317854  0.163672 0.802059 1 38 1.000000
0  -11.966991 -15.238531 -19.117979  -0.958908 -0.088848 -0.269448  0.113548 0.796652 1 38 1.000000
v_ic_base
0  -16.796902 -14.580958 -3.947668  0.812819 0.089046 0.575670  0.262222 0.758282 1 41 1.000000
0  -14.774862 -14.466382 -6.908582  0.822350 0.072180 0.564385  0.327177 0.758282 1 41 1.000000
0  -14.799472 -13.940911 -6.939926  0.821980 0.074467 0.564627  0.327177 0.762037 1 41 1.000000
v_ic_base
0  -10.791222 -18.406670 -13.845071  0.067196 -0.152704 -0.985985  0.603067 0.064695 1 38 1.000000
0  -11.982596 -18.537502 -13.899412  0.056407 -0.153810 -0.986489  0.603067 0.008905 1 38 1.000000
0  -11.707820 -16.751303 -14.162199  0.028156 -0.151056 -0.988124  0.533373 0.029546 1 38 1.000000
v_ic_base
0  -13.919508 -20.314644 -7.740591  -0.918611 -0.076917 0.387606  0.714206 0.390142 1 38 1.000000
0  -14.080645 -20.381952 -8.869126  -0.985217 -0.087398 0.147340  0.714209 0.344628 1 38 1.000000
0  -13.781776 -22.694464 -8.150982  -0.981834 -0.080577 0.171783  0.642185 0.370485 1 38 1.000000
v_ic_base
0  -7.262615 -36.431805 -6.886211  0.671756 -0.658801 0.338711  0.053446 0.534217 1 38 1.000000
0  -6.921198 -36.434353 -8.074766  0.776541 -0.623218 0.092643  0.083807 0.541147 1 38 1.000000
0  -6.870972 -36.369331 -8.058355  0.772437 -0.625053 0.112473  0.082057 0.545168 1 38 1.000000
v_ic_ammo
0  -11.784114 -21.738108 -13.139967  0.218383 0.052298 0.974461  0.123556 0.563812 1 42 1.000000
0  -10.973636 -21.611715 -12.985187  -0.577577 -0.125794 0.806586  0.123556 0.442542 1 42 1.000000
0  -11.324917 -20.364058 -13.256987  -0.565502 0.019925 0.824506  0.004878 0.442542 1 42 1.000000
v_ic_base
0  -11.336526 -16.695940 -17.119608  0.994009 0.098821 0.046694  0.072855 0.849049 1 40 1.000000
0  -11.360758 -16.468891 -17.083582  0.994018 0.098655 0.046861  0.080496 0.850307 1 40 1.000000
0  -11.396312 -16.287279 -16.711750  0.994038 0.098920 0.045868  0.086159 0.860922 1 40 1.000000
v_ic_base
0  -10.780988 -26.173967 -5.678505  0.075694 -0.839087 0.538705  0.167555 0.597484 1 38 1.000000
0  -10.840444 -26.052542 -5.483181  0.079750 -0.835492 0.543685  0.180440 0.599618 1 38 1.000000
0  -11.083633 -26.084352 -5.496393  0.075054 -0.839650 0.537917  0.180440 0.613800 1 38 1.000000
v_ic_base
0  -14.835246 -11.260464 -8.095467  -0.478813 -0.838440 0.260302  0.142249 0.368571 1 38 1.000000
0  -14.137146 -11.143627 -7.155754  -0.309653 -0.811811 0.495052  0.161223 0.368571 1 38 1.000000
0  -14.313693 -10.964338 -6.971820  -0.306305 -0.812123 0.496621  0.165378 0.362822 1 38 1.000000
v_ic_base
0  -11.120016 -25.452824 -5.317309  0.062183 -0.032804 -0.997526  0.154623 0.615933 1 38 1.000000
0  -11.143826 -25.217415 -5.326534  0.062176 -0.032801 -0.997526  0.167555 0.615933 1 38 1.000000
0  -10.974466 -25.193859 -5.316752  -0.424239 -0.004480 -0.905540  0.167555 0.597484 1 38 1.000000
v_ic_base
0  -10.753906 -27.374603 -5.231280  -0.082422 0.836352 -0.541962  0.154623 0.597484 1 38 1.000000
0  -10.694449 -27.496029 -5.426604  -0.079752 0.835490 -0.543687  0.141735 0.599618 1 38 1.000000
0  -10.937639 -27.527840 -5.439816  -0.081953 0.836201 -0.542265  0.141735 0.613800 1 38 1.000000
v_ic_base
0  -10.891200 -25.550699 -5.502850  -0.147960 0.878258 0.454720  0.141735 0.599618 1 38 1.000000
0  -10.855554 -25.436712 -5.707402  -0.154028 0.874276 0.460344  0.154623 0.597484 1 38 1.000000
0  -11.151033 -25.476534 -5.730639  -0.146751 0.879041 0.453597  0.154623 0.615933 1 38 1.000000
v_ic_base
0  -10.953929 -24.464046 -5.745525  -0.082469 0.030706 0.996121  0.154623 0.597484 1 38 1.000000
0  -10.977739 -24.228638 -5.754754  -0.082465 0.030712 0.996121  0.167555 0.597484 1 38 1.000000
0  -11.273219 -24.268457 -5.777988  -0.082470 0.030704 0.996121  0.167555 0.615933 1 38 1.000000
v_ic_base
0  -10.876090 -26.166525 -5.278628  0.062188 -0.032810 -0.997525  0.167555 0.597484 1 38 1.000000
0  -10.852281 -26.401937 -5.269403  0.062172 -0.032801 -0.997526  0.154623 0.597484 1 38 1.000000
0  -11.021641 -26.425491 -5.279184  0.062183 -0.032807 -0.997525  0.154623 0.615933 1 38 1.000000
v_ic_base
0  -11.147407 -23.483940 -5.383772  -0.082418 0.836354 -0.541959  0.154623 0.597484 1 38 1.000000
0  -11.087951 -23.605366 -5.579095  -0.079752 0.835490 -0.543687  0.141735 0.599618 1 38 1.000000
0  -11.331141 -23.637178 -5.592309  -0.081950 0.836203 -0.542263  0.141735 0.613800 1 38 1.000000
v_ic_base
0  -10.954283 -27.421865 -5.654393  -0.146752 0.879041 0.453598  0.154623 0.615933 1 38 1.000000
0  -10.937639 -27.527840 -5.439816  -0.139853 0.883445 0.447175  0.141735 0.613800 1 38 1.000000
0  -10.694449 -27.496029 -5.426604  -0.147961 0.878258 0.454720  0.141735 0.599618 1 38 1.000000
v_ic_base
0  -11.052303 -23.491381 -5.783647  -0.082472 0.030707 0.996120  0.154623 0.597484 1 38 1.000000
0  -11.076114 -23.255972 -5.792876  -0.082472 0.030710 0.996120  0.167555 0.597484 1 38 1.000000
0  -11.371594 -23.295792 -5.816111  -0.082472 0.030706 0.996120  0.167555 0.615933 1 38 1.000000
v_ic_base
0  -10.314081 -31.643627 -5.217991  -0.141493 0.872708 0.467291  0.141735 0.599618 1 38 1.000000
0  -10.276961 -31.521406 -5.431061  -0.147468 0.868819 0.472658  0.154623 0.597484 1 38 1.000000
0  -10.582028 -31.560080 -5.455153  -0.140452 0.873378 0.466352  0.154623 0.615933 1 38 1.000000
v_ic_base
0  -11.135570 -23.134546 -5.597549  0.143095 -0.873157 -0.465963  0.180440 0.599618 1 38 1.000000
0  -11.171216 -23.248528 -5.392998  0.148314 -0.874652 -0.461504  0.167555 0.597484 1 38 1.000000
0  -11.340576 -23.272083 -5.402782  0.143824 -0.873368 -0.465341  0.167555 0.615933 1 38 1.000000
v_ic_base
0  -10.746714 -29.549410 -5.351432  -0.994025 -0.077665 0.076694  0.366614 0.568985 1 38 1.000000
0  -10.700456 -30.095276 -5.305522  -0.994095 -0.077883 0.075562  0.347730 0.568985 1 38 1.000000
0  -10.663608 -30.213413 -5.080886  -0.996435 -0.084360 -0.000107  0.343301 0.575260 1 38 1.000000
v_ic_base
0  -10.454748 -30.063612 -5.292711  0.969495 0.103047 0.222397  0.347741 0.568985 1 38 1.000000
0  -10.502050 -29.517700 -5.338429  0.968737 0.102071 0.226120  0.366625 0.568985 1 38 1.000000
0  -10.561199 -29.387510 -5.144589  0.986952 0.096392 0.128972  0.371054 0.575260 1 38 1.000000
v_ic_base
0  -25.128555 -14.224643 -5.302755  -0.560636 0.000449 0.828062  0.086918 0.777593 1 41 1.000000
0  -24.525743 -21.452400 -4.968370  -0.559064 -0.017289 0.828944  0.087281 0.630839 1 41 1.000000
0  -23.887878 -20.861887 -4.525618  -0.555815 -0.022652 0.830998  0.102808 0.641471 1 41 1.000000
v_ic_base
0  -7.661413 -35.899826 -12.561888  0.136254 0.944438 -0.299119  0.028555 0.378778 1 38 1.000000
0  -8.906654 -36.021904 -13.215463  0.026921 0.914964 -0.402637  0.016729 0.378778 1 38 1.000000
0  -8.994237 -35.910175 -12.967421  0.023798 0.914842 -0.403109  0.021833 0.374714 1 38 1.000000
v_ic_base
0  -24.030310 -14.758799 -4.906640  -0.558546 -0.000685 0.829473  0.105700 0.764904 1 41 1.000000
0  -23.547609 -20.709187 -4.640356  -0.557169 -0.015589 0.830253  0.105700 0.644027 1 41 1.000000
0  -23.276091 -20.463057 -4.453415  -0.554317 -0.020469 0.832054  0.113116 0.648359 1 41 1.000000
v_ic_base
0  -10.480853 -32.333580 -4.997801  -0.996012 -0.088243 0.013151  0.270101 0.575260 1 38 1.000000
0  -10.550819 -31.537821 -5.019620  -0.996164 -0.087275 0.006352  0.297843 0.575260 1 38 1.000000
0  -10.566204 -31.674871 -5.231649  -0.993444 -0.084940 0.076515  0.293414 0.568985 1 38 1.000000
v_ic_base
0  -10.293618 -34.307858 -4.851883  -0.993172 -0.094248 0.068751  0.196900 0.575260 1 38 1.000000
0  -10.366000 -33.584782 -4.909312  -0.993195 -0.093982 0.068782  0.224642 0.575260 1 38 1.000000
0  -10.382078 -33.708782 -5.116075  -0.992579 -0.093073 0.078265  0.220213 0.568985 1 38 1.000000
v_ic_base
0  -9.781600 -36.468086 -4.984968  0.973431 -0.084190 0.212943  0.104515 0.564319 1 38 1.000000
0  -9.697915 -36.196175 -5.163866  0.978242 -0.005155 0.207406  0.116322 0.559512 1 38 1.000000
0  -9.875180 -35.867165 -4.319604  0.985286 0.002153 0.170900  0.130412 0.584391 1 38 1.000000
v_ic_base
0  -12.262483 -23.914688 -13.560490  -0.083126 0.996536 -0.002499  0.635660 0.054086 1 38 1.000000
0  -12.845530 -23.952587 -11.885629  -0.079013 0.996861 -0.004950  0.646859 0.043563 1 38 1.000000
0  -9.922563 -23.686024 -12.376932  -0.114151 0.993369 0.013701  0.646859 0.089754 1 38 1.000000
v_ic_base
0  -10.388706 -33.346970 -4.927295  -0.994952 -0.090878 0.042565  0.233500 0.575260 1 38 1.000000
0  -10.458744 -32.582973 -4.981730  -0.995678 -0.089307 0.025494  0.261242 0.575260 1 38 1.000000
0  -10.474809 -32.714142 -5.185626  -0.993245 -0.085373 0.078582  0.256813 0.568985 1 38 1.000000
v_ic_base
0  -11.053558 -16.119598 -19.153475  0.044218 0.012235 -0.998947  0.134382 0.709056 1 38 1.000000
0  -11.716576 -16.192408 -19.183716  0.044280 0.011665 -0.998951  0.120346 0.709056 1 38 1.000000
0  -11.966991 -15.238531 -19.117979  0.035906 0.086563 -0.995599  0.120346 0.700237 1 38 1.000000
v_ic_base
0  -9.967101 -36.411263 -3.851039  0.176794 -0.978122 0.109643  0.076956 0.606087 1 38 1.000000
0  -10.045985 -36.418003 -3.854565  -0.018322 -0.994523 0.102902  0.071519 0.606087 1 38 1.000000
0  -10.042122 -36.440075 -4.067149  0.079923 -0.991317 0.104416  0.071761 0.598744 1 38 1.000000
v_ic_base
0  -13.972919 -19.786549 -7.761292  0.107073 -0.993279 0.043952  0.736377 0.580678 1 38 1.000000
0  -13.274819 -19.669712 -6.821578  0.107061 -0.993282 0.043927  0.736377 0.541433 1 38 1.000000
0  -13.588826 -19.693794 -6.600828  0.107066 -0.993281 0.043930  0.743658 0.544823 1 38 1.000000
v_ic_base
0  -12.456931 -37.254475 -8.285844  -0.832428 0.551824 -0.050545  0.459248 0.809234 1 38 1.000000
0  -12.243364 -37.205845 -7.122182  -0.762648 0.573955 0.298234  0.439038 0.809234 1 38 1.000000
0  -12.021035 -36.842194 -7.253492  -0.764903 0.573529 0.293237  0.439038 0.781546 1 38 1.000000
v_ic_base
0  -11.187020 -24.895687 -5.046668  -0.050148 0.042135 0.997853  0.537903 0.592224 1 38 1.000000
0  -11.066740 -24.882479 -5.041181  -0.050135 0.042041 0.997857  0.537815 0.586929 1 38 1.000000
0  -11.270465 -22.868189 -5.120131  -0.066332 0.197826 0.977990  0.613585 0.586929 1 38 1.000000
v_ic_base
0  -11.048943 -15.811859 -18.848352  -0.029544 -0.141924 0.989436  0.280303 0.702267 1 38 1.000000
0  -11.810889 -15.895534 -18.883106  -0.029717 -0.140435 0.989644  0.265739 0.702267 1 38 1.000000
0  -11.636255 -17.630430 -18.796757  -0.050407 0.044586 0.997733  0.265739 0.710141 1 38 1.000000
v_ic_base
0  -11.430086 -13.338130 -14.988724  -0.115076 0.979689 0.164217  0.134382 0.653907 1 38 1.000000
0  -12.287740 -13.432314 -15.027843  -0.115081 0.979651 0.164439  0.120346 0.653907 1 38 1.000000
0  -12.211782 -13.605114 -14.524698  -0.117957 0.933568 0.338435  0.120346 0.649510 1 38 1.000000
v_ic_base
0  -10.873015 -17.624701 -18.613619  -0.117393 0.953051 0.279128  0.280303 0.712914 1 38 1.000000
0  -11.634964 -17.708376 -18.648375  -0.117388 0.953171 0.278721  0.265739 0.712914 1 38 1.000000
0  -11.807920 -18.135077 -13.866551  -0.112571 0.990063 0.084276  0.265739 0.757488 1 38 1.000000
v_ic_base
0  -11.087951 -23.605366 -5.579095  -0.147966 0.878256 0.454721  0.141735 0.599618 1 38 1.000000
0  -11.052303 -23.491381 -5.783647  -0.154033 0.874276 0.460343  0.154623 0.597484 1 38 1.000000
0  -11.347785 -23.531204 -5.806884  -0.146758 0.879039 0.453599  0.154623 0.615933 1 38 1.000000
v_ic_base
0  -11.298328 -13.313547 -16.532391  -0.107395 0.993510 -0.037469  0.134382 0.666526 1 38 1.000000
0  -11.251832 -13.479833 -18.625170  -0.090849 0.950587 -0.296869  0.134382 0.685187 1 38 1.000000
0  -12.107009 -13.573745 -18.664177  -0.090808 0.950429 -0.297387  0.120346 0.685187 1 38 1.000000
v_ic_base
0  -10.879363 -25.201303 -5.716628  0.075695 -0.839088 0.538703  0.167555 0.597484 1 38 1.000000
0  -10.938819 -25.079876 -5.521304  0.079753 -0.835499 0.543673  0.180440 0.599618 1 38 1.000000
0  -11.182009 -25.111687 -5.534516  0.075054 -0.839651 0.537916  0.180440 0.613800 1 38 1.000000
v_ic_base
0  -11.037193 -24.107210 -5.559426  0.143086 -0.873154 -0.465970  0.180440 0.599618 1 38 1.000000
0  -11.072841 -24.221195 -5.354875  0.148294 -0.874643 -0.461529  0.167555 0.597484 1 38 1.000000
0  -11.242201 -24.244747 -5.364659  0.143814 -0.873365 -0.465351  0.167555 0.615933 1 38 1.000000
v_ic_base
0  -10.777716 -27.139189 -5.240506  0.062184 -0.032805 -0.997525  0.167555 0.597484 1 38 1.000000
0  -10.753906 -27.374603 -5.231280  0.062185 -0.032806 -0.997525  0.154623 0.597484 1 38 1.000000
0  -10.923266 -27.398157 -5.241063  0.062184 -0.032805 -0.997525  0.154623 0.615933 1 38 1.000000
v_ic_base
0  -13.958419 -19.500687 -11.894424  -0.987204 -0.109724 -0.115710  0.759437 0.205982 1 38 1.000000
0  -14.287762 -20.405180 -8.889482  -0.984632 -0.101125 -0.142384  0.731799 0.322869 1 38 1.000000
0  -15.200900 -11.376721 -9.243348  -0.984628 -0.105054 -0.139537  0.989414 0.322860 1 38 1.000000
v_ic_base
0  -11.249410 -24.503868 -5.768762  -0.146748 0.879043 0.453594  0.154623 0.615933 1 38 1.000000
0  -11.232765 -24.609842 -5.554186  -0.139850 0.883457 0.447153  0.141735 0.613800 1 38 1.000000
0  -10.989575 -24.578033 -5.540973  -0.147957 0.878259 0.454719  0.141735 0.599618 1 38 1.000000
v_ic_base
0  -10.757178 -26.409378 -5.669279  -0.082474 0.030703 0.996120  0.154623 0.597484 1 38 1.000000
0  -10.780988 -26.173967 -5.678505  -0.082479 0.030698 0.996120  0.167555 0.597484 1 38 1.000000
0  -11.076468 -26.213789 -5.701743  -0.082472 0.030706 0.996120  0.167555 0.615933 1 38 1.000000
v_ic_base
0  -11.378760 -23.166357 -5.610763  0.075053 -0.839651 0.537915  0.180440 0.613800 1 38 1.000000
0  -11.371594 -23.295792 -5.816111  0.071595 -0.842660 0.533665  0.167555 0.615933 1 38 1.000000
0  -11.076114 -23.255972 -5.792876  0.075693 -0.839090 0.538700  0.167555 0.597484 1 38 1.000000
v_ic_base
0  -9.822657 -10.514630 -7.749555  0.607251 -0.722380 0.330777  0.144856 0.362822 1 38 1.000000
0  -10.679690 -10.565266 -6.806064  0.427924 -0.733435 0.528162  0.165394 0.362822 1 38 1.000000
0  -10.798986 -10.777040 -7.003491  0.429545 -0.733265 0.527080  0.161249 0.368571 1 38 1.000000
v_ic_base
0  -7.027567 -36.246410 -11.317828  0.991142 0.125698 -0.042878  0.212687 0.479737 1 38 1.000000
0  -6.899348 -36.150116 -8.071661  0.984387 0.134322 0.113754  0.212687 0.406124 1 38 1.000000
0  -6.870972 -36.369331 -8.058355  0.983676 0.134575 0.119464  0.223350 0.406163 1 38 1.000000
v_ic_base
0  -11.049030 -24.456604 -5.345648  -0.082425 0.836365 -0.541941  0.154623 0.597484 1 38 1.000000
0  -10.989575 -24.578033 -5.540973  -0.079744 0.835501 -0.543672  0.141735 0.599618 1 38 1.000000
0  -11.232765 -24.609842 -5.554186  -0.081954 0.836214 -0.542246  0.141735 0.613800 1 38 1.000000
v_ic_base
0  -8.337111 -23.715570 -11.472754  0.776686 0.064811 -0.626545  0.625040 0.205982 1 38 1.000000
0  -6.935642 -35.769520 -11.381665  0.781785 0.086229 -0.617557  0.266364 0.205982 1 38 1.000000
0  -7.692465 -35.829113 -12.348073  0.781109 0.086254 -0.618408  0.266364 0.168373 1 38 1.000000
v_ic_base
0  -10.977739 -24.228638 -5.754754  0.075696 -0.839090 0.538700  0.167555 0.597484 1 38 1.000000
0  -11.037193 -24.107210 -5.559426  0.079750 -0.835490 0.543688  0.180440 0.599618 1 38 1.000000
0  -11.280384 -24.139021 -5.572639  0.075056 -0.839654 0.537910  0.180440 0.613800 1 38 1.000000
v_ic_base
0  -8.337111 -23.715570 -11.472754  0.776686 0.064811 -0.626545  0.625040 0.205982 1 38 1.000000
0  -9.105762 -23.840757 -12.429355  0.773828 0.063962 -0.630159  0.625040 0.168373 1 38 1.000000
0  -9.508322 -19.052935 -12.616587  0.804663 0.057559 -0.590935  0.759457 0.168373 1 38 1.000000
v_ic_base
0  -10.561199 -29.387510 -5.144589  -0.078934 0.818143 -0.569571  0.154623 0.597484 1 38 1.000000
0  -10.502050 -29.517700 -5.338429  -0.075497 0.816962 -0.571728  0.141735 0.599618 1 38 1.000000
0  -10.746714 -29.549410 -5.351432  -0.078296 0.817925 -0.569973  0.141735 0.613800 1 38 1.000000
v_ic_base
0  -10.395303 -30.198223 -5.491234  0.069308 -0.819858 0.568357  0.167555 0.597484 1 38 1.000000
0  -10.454748 -30.063612 -5.292711  0.075023 -0.814768 0.574913  0.180440 0.599618 1 38 1.000000
0  -10.700456 -30.095276 -5.305522  0.068625 -0.820459 0.567571  0.180440 0.613800 1 38 1.000000
v_ic_base
0  -10.679460 -28.113962 -5.202226  0.062319 -0.034104 -0.997473  0.167555 0.597484 1 38 1.000000
0  -10.656005 -28.355616 -5.192503  0.062298 -0.034088 -0.997475  0.154623 0.597484 1 38 1.000000
0  -10.825473 -28.379332 -5.202276  0.062312 -0.034098 -0.997474  0.154623 0.615933 1 38 1.000000
v_ic_base
0  -10.584352 -28.121574 -5.602149  0.074774 -0.835736 0.544017  0.167555 0.597484 1 38 1.000000
0  -10.643718 -27.998346 -5.406905  0.078978 -0.832010 0.549110  0.180440 0.599618 1 38 1.000000
0  -10.886915 -28.030153 -5.420120  0.074130 -0.836302 0.543234  0.180440 0.613800 1 38 1.000000
v_ic_base
0  -11.341678 -36.920860 -12.412613  -0.288752 -0.836052 -0.466519  0.188226 0.427545 1 38 1.000000
0  -12.179655 -36.966988 -11.484681  -0.545661 -0.808672 -0.219782  0.163879 0.408129 1 38 1.000000
0  -12.237984 -36.912956 -11.538664  -0.504284 -0.818728 -0.274557  0.166730 0.404505 1 38 1.000000
v_ic_base
0  -10.950656 -25.429272 -5.307525  -0.082419 0.836357 -0.541953  0.154623 0.597484 1 38 1.000000
0  -10.891200 -25.550699 -5.502850  -0.079756 0.835492 -0.543683  0.141735 0.599618 1 38 1.000000
0  -11.134390 -25.582510 -5.516061  -0.081951 0.836206 -0.542258  0.141735 0.613800 1 38 1.000000
v_ic_base
0  -9.303351 -35.843777 -5.183726  -0.008327 0.937737 0.347247  0.175936 0.378778 1 38 1.000000
0  -9.365498 -35.743469 -5.450670  -0.011009 0.935196 0.353959  0.175387 0.370180 1 38 1.000000
0  -9.754951 -35.793224 -5.426808  -0.082172 0.934281 0.346940  0.178063 0.370878 1 38 1.000000
v_ic_base
0  -9.113049 -36.682114 -10.473643  0.083886 -0.996130 0.026236  0.141837 0.484518 1 38 1.000000
0  -10.199573 -36.774891 -10.522203  0.083887 -0.996130 0.026237  0.141837 0.457828 1 38 1.000000
0  -10.173114 -36.835186 -12.896132  0.083887 -0.996130 0.026233  0.201738 0.455602 1 38 1.000000
v_ic_base
0  -10.488353 -29.141827 -5.560917  0.070497 -0.822094 0.564970  0.167555 0.597484 1 38 1.000000
0  -10.547481 -29.011002 -5.365709  0.075472 -0.817614 0.570799  0.180440 0.599618 1 38 1.000000
0  -10.791392 -29.042755 -5.378942  0.069821 -0.822698 0.564175  0.180440 0.613800 1 38 1.000000
v_ic_base
0  -10.583776 -29.133951 -5.159531  0.064228 -0.053375 -0.996507  0.167555 0.597484 1 38 1.000000
0  -10.561199 -29.387510 -5.144589  0.063641 -0.053061 -0.996561  0.154623 0.597484 1 38 1.000000
0  -10.731471 -29.411310 -5.154195  0.064001 -0.053253 -0.996528  0.154623 0.615933 1 38 1.000000
v_ic_base
0  -15.892101 -13.641531 -11.172136  0.977523 0.071868 -0.198201  0.413325 0.777593 1 41 1.000000
0  -15.034563 -13.967826 -7.102904  0.976711 0.078979 -0.199496  0.331521 0.765458 1 41 1.000000
0  -14.567627 -19.940094 -6.863434  0.978153 0.070884 -0.195430  0.331543 0.644193 1 41 1.000000
v_ic_base
0  -12.179655 -36.966988 -11.484681  -0.545661 -0.808672 -0.219782  0.163879 0.408129 1 38 1.000000
0  -12.618212 -36.920815 -8.329387  -0.629501 -0.776586 0.025364  0.083807 0.401200 1 38 1.000000
0  -12.685592 -36.865833 -8.318232  -0.627279 -0.777571 0.043641  0.082057 0.397178 1 38 1.000000
v_ic_base
0  -11.502936 -16.515821 -4.985296  -0.264927 0.010998 0.964206  0.437889 0.978750 1 38 1.000000
0  -11.317514 -18.349142 -4.913439  -0.264928 0.010997 0.964206  0.334265 0.978750 1 38 1.000000
0  -11.193717 -18.293589 -4.880058  -0.264928 0.010997 0.964206  0.342640 0.972065 1 38 1.000000
v_ic_base
0  -14.080645 -20.381952 -8.869126  -0.100466 0.026110 0.994598  0.732180 0.333455 1 38 1.000000
0  -14.287762 -20.405180 -8.889482  -0.100961 0.026034 0.994550  0.732180 0.325045 1 38 1.000000
0  -12.935200 -36.193657 -8.367050  -0.035851 0.029122 0.998933  0.266551 0.325045 1 38 1.000000
v_ic_base
0  -10.173779 -10.018378 -7.950620  0.245708 0.956159 0.159332  0.141381 0.346624 1 38 1.000000
0  -10.931526 -10.062936 -7.111638  0.115065 0.955054 0.273189  0.159637 0.346624 1 38 1.000000
0  -10.713516 -10.230803 -6.819173  0.194476 0.906549 0.374631  0.165394 0.352720 1 38 1.000000
v_ic_base
0  -11.474418 -11.399919 -14.681187  -0.053897 0.759874 -0.647833  0.679308 0.130022 1 38 1.000000
0  -12.665792 -11.530751 -14.735528  -0.053898 0.759873 -0.647834  0.679308 0.156091 1 38 1.000000
0  -12.972207 -10.784748 -13.835012  -0.135791 0.829593 -0.541605  0.635321 0.158744 1 38 1.000000
v_ic_base
0  -11.134910 -15.143857 -15.896675  0.779935 -0.622301 0.066653  0.108963 0.885627 1 38 1.000000
0  -11.055737 -15.310959 -18.684233  0.798397 -0.600431 -0.045222  0.107212 0.807448 1 38 1.000000
0  -10.936331 -15.152805 -18.675970  0.797962 -0.600550 -0.050960  0.112067 0.807665 1 38 1.000000
v_ic_base
0  -10.173114 -36.835186 -12.896132  -0.034372 -0.828622 -0.558752  0.201738 0.455602 1 38 1.000000
0  -11.341678 -36.920860 -12.412613  -0.288752 -0.836052 -0.466519  0.188226 0.427545 1 38 1.000000
0  -11.382706 -36.865875 -12.485752  -0.271114 -0.836281 -0.476583  0.192477 0.425038 1 38 1.000000
v_ic_base
0  -7.941989 -29.747555 -9.544532  0.457846 -0.888960 -0.011258  0.398650 0.029146 1 39 1.000000
0  -7.955645 -29.751919 -9.753030  0.457799 -0.888983 -0.011365  0.398650 0.043847 1 39 1.000000
0  -7.524987 -29.529846 -9.776369  0.457923 -0.888923 -0.011082  0.394176 0.042842 1 39 1.000000
v_ic_base
0  -9.155970 -34.740238 -6.743855  0.029968 0.964898 0.260911  0.265430 0.449565 1 38 1.000000
0  -9.467515 -34.764938 -6.620297  0.027005 0.964960 0.261005  0.265430 0.457353 1 38 1.000000
0  -9.128265 -35.041790 -5.631812  0.035329 0.964764 0.260735  0.254962 0.461612 1 38 1.000000
v_ic_base
0  -10.063851 -19.292711 -6.122988  0.119937 -0.991483 0.050766  0.743658 0.447931 1 38 1.000000
0  -10.860512 -19.366529 -5.850438  0.111478 -0.990773 0.077087  0.743658 0.473892 1 38 1.000000
0  -10.896843 -19.396660 -6.185170  0.111866 -0.991232 0.070317  0.736377 0.473470 1 38 1.000000
v_ic_base
0  -10.054562 -35.948597 -3.253389  -0.087135 0.994764 0.053402  0.126277 0.615588 1 38 1.000000
0  -10.060315 -35.953213 -3.176864  -0.087137 0.994762 0.053433  0.126008 0.617775 1 38 1.000000
0  -9.609854 -35.914928 -3.156721  -0.085088 0.995366 0.044789  0.123900 0.617644 1 38 1.000000
v_ic_base
0  -10.199573 -36.774891 -10.522203  -0.188576 0.576362 -0.795139  0.188211 0.781546 1 38 1.000000
0  -9.113049 -36.682114 -10.473643  0.146666 0.615214 -0.774597  0.207195 0.781546 1 38 1.000000
0  -8.990535 -37.026783 -10.724195  0.157246 0.616639 -0.771382  0.207195 0.809234 1 38 1.000000
v_ic_ammo
0  -12.560526 -20.302980 -12.294860  0.905970 -0.042431 -0.421211  0.004878 0.810723 1 42 1.000000
0  -12.004676 -20.151819 -11.894775  0.256564 -0.324845 -0.910302  0.004878 0.931075 1 42 1.000000
0  -11.768660 -21.340796 -11.404760  0.219090 -0.446732 -0.867427  0.122877 0.931075 1 42 1.000000
v_ic_base
0  -9.899056 -35.866409 -4.214357  0.002248 -0.180573 0.983559  0.058954 0.586158 1 38 1.000000
0  -9.870850 -36.458023 -4.317505  0.022254 -0.170686 0.985074  0.019414 0.587248 1 38 1.000000
0  -9.638154 -36.380009 -4.309245  0.013848 -0.174852 0.984497  0.024173 0.567379 1 38 1.000000
v_ic_base
0  -10.609369 -22.619246 -6.856733  0.256145 -0.860145 0.441067  0.632346 0.457353 1 38 1.000000
0  -10.270077 -22.588614 -6.991012  0.253390 -0.859334 0.444228  0.632346 0.449565 1 38 1.000000
0  -9.985063 -22.208511 -6.418301  0.258580 -0.860851 0.438261  0.642166 0.444868 1 38 1.000000
v_ic_base
0  -10.136618 -35.959728 -3.180273  -0.088216 0.994698 0.052857  0.125975 0.617775 1 38 1.000000
0  -10.136407 -35.955585 -3.257047  -0.088026 0.994670 0.053685  0.126244 0.615588 1 38 1.000000
0  -10.619438 -35.997826 -3.278581  -0.087584 0.995157 0.044625  0.124069 0.615395 1 38 1.000000
v_ic_base
0  -11.218391 -24.480160 -5.355431  -0.994930 -0.100393 0.005990  0.554044 0.575260 1 38 1.000000
0  -11.232765 -24.609842 -5.554186  -0.991970 -0.097154 0.080973  0.549615 0.568985 1 38 1.000000
0  -11.143826 -25.217415 -5.326534  -0.994929 -0.100378 0.006288  0.526302 0.575260 1 38 1.000000
v_ic_base
0  -9.535958 -35.838284 -4.207329  0.802632 -0.279754 0.526801  0.127619 0.586963 1 38 1.000000
0  -9.638154 -36.380009 -4.309245  0.894997 -0.239623 0.376246  0.107509 0.583995 1 38 1.000000
0  -9.602912 -36.379238 -4.392588  0.883889 -0.245687 0.397968  0.107509 0.580864 1 38 1.000000
v_ic_base
0  -7.195488 -35.155499 -9.368444  0.156942 -0.006469 -0.987587  0.294688 0.275251 1 38 1.000000
0  -8.506080 -23.746655 -9.650763  0.154572 -0.006692 -0.987959  0.619288 0.275251 1 38 1.000000
0  -8.233828 -23.630634 -9.608954  0.154622 -0.006687 -0.987951  0.625040 0.278015 1 38 1.000000
v_ic_base
0  -6.085664 -28.021946 -10.188215  0.773467 0.086371 0.627924  0.301494 0.012399 1 39 1.000000
0  -6.106547 -27.799538 -10.193123  0.795146 0.079424 0.601194  0.301494 0.002734 1 39 1.000000
0  -7.193849 -28.101078 -9.018063  0.696362 0.091326 0.711857  0.341764 0.002734 1 39 1.000000
v_ic_base
0  -10.824368 -16.256031 -5.833111  -0.459440 -0.015452 0.888074  0.294956 0.752560 1 38 1.000000
0  -10.940904 -15.129357 -5.874202  -0.453632 -0.014421 0.891073  0.294956 0.657251 1 38 1.000000
0  -10.985534 -15.161035 -5.897435  -0.453776 -0.014446 0.890998  0.299732 0.657251 1 38 1.000000
v_ic_base
0  -9.395773 -18.057556 -7.233961  0.512450 -0.746840 0.423821  0.881678 0.030540 1 38 1.000000
0  -9.488299 -18.170435 -7.324176  0.505478 -0.752195 0.422722  0.873817 0.030379 1 38 1.000000
0  -9.259792 -18.162947 -7.584093  0.520453 -0.740583 0.425047  0.873369 0.007692 1 38 1.000000
v_ic_base
0  -12.665313 -22.503006 -6.544160  -0.427528 -0.001113 0.904001  0.642185 0.444868 1 38 1.000000
0  -12.228371 -22.445484 -6.308650  -0.505894 -0.009711 0.862541  0.642185 0.461612 1 38 1.000000
0  -12.172829 -20.060360 -6.249222  -0.236664 -0.017029 0.971442  0.714209 0.471487 1 38 1.000000
v_ic_base
0  -10.784524 -38.191216 -6.766440  0.645261 0.032309 -0.763279  0.122855 0.458584 1 38 1.000000
0  -11.258478 -38.247913 -7.403583  0.911794 0.073205 -0.404070  0.122855 0.435233 1 38 1.000000
0  -13.880865 -11.450109 -8.467704  0.911819 0.073172 -0.404019  0.060421 0.435233 1 38 1.000000
v_ic_base
0  -9.423986 -22.531660 -7.765072  0.502527 -0.851194 0.151444  0.632346 0.384751 1 38 1.000000
0  -9.335094 -22.536873 -8.099463  0.502115 -0.852257 0.146761  0.632346 0.375778 1 38 1.000000
0  -8.710382 -22.137430 -7.917197  0.502988 -0.849940 0.156860  0.642166 0.370485 1 38 1.000000
v_ic_base
0  -13.845996 -29.574677 -9.297609  -0.433241 -0.900563 -0.035886  0.016109 0.016847 1 39 1.000000
0  -13.427069 -29.653440 -12.061401  -0.336948 -0.922846 -0.186603  0.016109 0.056934 1 39 1.000000
0  -13.166264 -29.802301 -11.791555  -0.378602 -0.915318 -0.137306  0.008733 0.056934 1 39 1.000000
v_ic_base
0  -14.505946 -20.644865 -6.808395  0.818887 0.107612 0.563776  0.331063 0.630839 1 41 1.000000
0  -14.567627 -19.940094 -6.863434  0.818851 0.115573 0.562251  0.331543 0.644193 1 41 1.000000
0  -16.759630 -20.049992 -3.648449  0.775451 0.069369 0.627586  0.254883 0.644192 1 41 1.000000
v_ic_base
0  -10.940904 -15.129357 -5.874202  0.437053 -0.843926 0.311084  0.299732 0.653614 1 38 1.000000
0  -11.201388 -15.148994 -5.561514  0.437068 -0.843904 0.311123  0.317432 0.653614 1 38 1.000000
0  -11.228986 -15.179389 -5.605193  0.437067 -0.843906 0.311119  0.317432 0.657251 1 38 1.000000
v_ic_base
0  -7.673376 -29.238308 -11.338950  -0.777379 -0.066747 0.625481  0.407334 0.046961 1 39 1.000000
0  -8.230021 -24.025469 -11.483546  -0.774653 -0.065273 0.629009  0.473713 0.046961 1 39 1.000000
0  -9.000805 -24.140430 -12.444730  -0.621384 -0.046246 0.782140  0.473713 0.025805 1 39 1.000000
v_ic_base
0  -10.045985 -36.418003 -3.854565  -0.985213 -0.171323 0.002213  0.106347 0.597674 1 38 1.000000
0  -10.129607 -35.926460 -3.773682  -0.985503 -0.169348 0.010278  0.128091 0.600865 1 38 1.000000
0  -10.133790 -35.914700 -3.980888  -0.985420 -0.169959 0.007789  0.128860 0.594970 1 38 1.000000
v_ic_base
0  -15.165190 -12.695346 -7.171720  -0.978577 -0.068729 0.194072  0.674436 0.740327 1 41 1.000000
0  -15.948531 -12.919765 -11.201078  -0.978577 -0.068722 0.194071  0.674436 0.867912 1 41 1.000000
0  -15.932808 -13.120869 -11.193012  -0.978577 -0.068723 0.194071  0.680578 0.865364 1 41 1.000000
v_ic_base
0  -13.905224 -24.687468 -12.193374  -0.454347 0.855445 -0.248562  0.117851 0.056934 1 39 1.000000
0  -14.317664 -24.598066 -9.470087  -0.536714 0.836726 -0.108754  0.117851 0.016847 1 39 1.000000
0  -14.060827 -24.390577 -9.141249  -0.541501 0.833643 -0.108698  0.124583 0.013907 1 39 1.000000
v_ic_base
0  -9.423986 -22.531660 -7.765072  0.448659 0.015932 -0.893561  0.632346 0.384751 1 38 1.000000
0  -8.844916 -22.132017 -7.467149  0.448709 0.015941 -0.893536  0.642166 0.390139 1 38 1.000000
0  -7.409206 -34.935532 -6.974601  0.447549 0.015716 -0.894121  0.254962 0.390139 1 38 1.000000
v_ic_base
0  -10.287890 -35.925312 -5.207680  -0.101506 0.932519 0.346561  0.178492 0.378060 1 38 1.000000
0  -10.269394 -35.837154 -5.449800  -0.090768 0.937981 0.334594  0.178037 0.370878 1 38 1.000000
0  -10.659372 -35.853954 -5.508497  -0.187655 0.921274 0.340647  0.175364 0.370180 1 38 1.000000
v_ic_base
0  -11.258478 -38.247913 -7.403583  0.911794 0.073205 -0.404070  0.122855 0.435233 1 38 1.000000
0  -11.400613 -38.280277 -8.178021  0.994097 0.098615 0.045237  0.122855 0.507365 1 38 1.000000
0  -14.011587 -11.495746 -9.180564  0.994144 0.098544 0.044358  0.060421 0.507365 1 38 1.000000
v_ic_base
0  -8.337111 -23.715570 -11.472754  0.992555 0.107892 -0.056508  0.625040 0.205982 1 38 1.000000
0  -8.256499 -23.644388 -9.981956  0.992307 0.108162 -0.060228  0.625040 0.264571 1 38 1.000000
0  -6.920861 -35.196392 -9.706241  0.993153 0.104925 -0.051354  0.290482 0.264571 1 38 1.000000
v_ic_base
0  -10.840444 -26.052542 -5.483181  0.143087 -0.873156 -0.465967  0.180440 0.599618 1 38 1.000000
0  -10.876090 -26.166525 -5.278628  0.148299 -0.874647 -0.461519  0.167555 0.597484 1 38 1.000000
0  -11.045451 -26.190077 -5.288413  0.143815 -0.873367 -0.465347  0.167555 0.615933 1 38 1.000000
v_ic_base
0  -12.424440 -19.395985 -5.909534  -0.183544 -0.133482 0.973907  0.750073 0.512229 1 38 1.000000
0  -12.435765 -19.539518 -5.922288  -0.303389 -0.064031 0.950713  0.743658 0.513098 1 38 1.000000
0  -10.860512 -19.366529 -5.850438  0.194736 -0.092336 0.976500  0.743658 0.473892 1 38 1.000000
v_ic_base
0  -14.346690 -10.629751 -6.984078  -0.418092 0.840129 0.345518  0.165378 0.352720 1 38 1.000000
0  -13.213725 -10.481238 -6.387919  -0.227205 0.863502 0.450268  0.176772 0.352720 1 38 1.000000
0  -13.134541 -10.283411 -6.727345  -0.195725 0.926650 0.320955  0.169744 0.346622 1 38 1.000000
v_ic_base
0  -11.033445 -29.165529 -13.690903  -0.689908 -0.047645 -0.722328  0.132615 0.012399 1 39 1.000000
0  -11.064639 -28.721558 -13.685308  -0.692390 -0.039571 -0.720438  0.132615 0.002734 1 39 1.000000
0  -9.528179 -28.353828 -15.182141  -0.662296 -0.128032 -0.738222  0.163517 0.002734 1 39 1.000000
v_ic_base
0  -23.176338 -17.926821 -3.135332  -0.497286 0.015153 0.867455  0.811549 0.615781 1 41 1.000000
0  -23.138367 -18.408920 -3.101512  -0.507585 0.006311 0.861579  0.823749 0.615781 1 41 1.000000
0  -23.016186 -18.361185 -3.079120  -0.201481 0.052292 0.978096  0.822778 0.618883 1 41 1.000000
v_ic_base
0  -10.361406 -31.129263 -5.225178  0.972068 0.091979 0.215925  0.311141 0.568985 1 38 1.000000
0  -10.410464 -30.578741 -5.248664  0.971610 0.100023 0.214403  0.330025 0.568985 1 38 1.000000
0  -10.507565 -30.744400 -4.718611  0.974299 0.098673 0.202496  0.324101 0.586929 1 38 1.000000
v_ic_base
0  -10.818904 -12.729607 -6.431194  -0.547996 -0.006342 0.836457  0.822016 0.535355 1 38 1.000000
0  -11.144082 -12.752870 -6.645332  -0.549740 -0.004768 0.835322  0.823886 0.550797 1 38 1.000000
0  -11.093328 -13.164995 -6.614281  -0.547997 -0.006341 0.836456  0.797027 0.550797 1 38 1.000000
v_ic_base
0  -7.327588 -28.208736 -11.894494  0.778509 0.086715 -0.621614  0.033500 0.166786 1 39 1.000000
0  -8.182946 -28.337345 -12.988767  0.630030 0.065446 -0.773808  0.033500 0.144202 1 39 1.000000
0  -8.704528 -24.254196 -13.067318  0.625241 0.063468 -0.777847  0.117851 0.144202 1 39 1.000000
v_ic_base
0  -10.027377 -35.922394 -3.689265  -0.005085 -0.150060 0.988664  0.058938 0.586158 1 38 1.000000
0  -9.974457 -36.402805 -3.763052  -0.009846 -0.152864 0.988198  0.019397 0.587248 1 38 1.000000
0  -9.787146 -36.320179 -3.748405  -0.007887 -0.151711 0.988393  0.024157 0.567379 1 38 1.000000
v_ic_base
0  -11.215515 -38.306854 -9.898283  -0.494482 -0.352581 -0.794465  0.507955 0.901109 1 38 1.000000
0  -11.484763 -37.222404 -10.151340  -0.670192 -0.322391 -0.668511  0.503267 0.809234 1 38 1.000000
0  -11.326227 -37.212700 -10.314955  -0.503437 -0.337860 -0.795237  0.516893 0.809234 1 38 1.000000
v_ic_base
0  -10.060315 -35.953213 -3.176864  -0.034375 -0.110101 0.993326  0.058938 0.586158 1 38 1.000000
0  -10.015880 -36.353382 -3.219416  -0.033775 -0.109388 0.993425  0.019397 0.587248 1 38 1.000000
0  -9.694665 -36.272480 -3.200039  -0.033720 -0.110718 0.993280  0.024157 0.567379 1 38 1.000000
v_ic_base
0  -9.902324 -36.454067 -4.066827  0.990406 0.028442 0.135226  0.104515 0.590740 1 38 1.000000
0  -9.870850 -36.458023 -4.317505  0.991933 0.025649 0.124137  0.104515 0.583528 1 38 1.000000
0  -9.899056 -35.866409 -4.214357  0.986628 0.034507 0.159295  0.130412 0.587433 1 38 1.000000
v_ic_base
0  -8.905409 -36.726936 -12.839475  0.083886 -0.996130 0.026234  0.201738 0.486744 1 38 1.000000
0  -7.789649 -36.617554 -12.253860  0.083886 -0.996130 0.026236  0.188226 0.514800 1 38 1.000000
0  -8.156753 -36.588364 -9.971725  0.083890 -0.996130 0.026235  0.130256 0.508565 1 38 1.000000
v_ic_base
0  -11.072841 -24.221195 -5.354875  0.062184 -0.032811 -0.997525  0.167555 0.597484 1 38 1.000000
0  -11.049030 -24.456604 -5.345648  0.062186 -0.032809 -0.997525  0.154623 0.597484 1 38 1.000000
0  -11.218391 -24.480160 -5.355431  0.062185 -0.032810 -0.997525  0.154623 0.615933 1 38 1.000000
v_ic_base
0  -16.830341 -21.444462 -3.391339  -0.814173 -0.086670 -0.574118  0.766227 0.650416 1 41 1.000000
0  -16.846064 -21.243361 -3.399402  -0.814172 -0.086669 -0.574118  0.768787 0.656492 1 41 1.000000
0  -14.465239 -21.165529 -6.787519  -0.814182 -0.086676 -0.574103  0.680709 0.742866 1 41 1.000000
v_ic_base
0  -15.200900 -11.376721 -9.243348  -0.223368 0.973052 -0.057247  0.989425 0.322741 1 38 1.000000
0  -14.986818 -11.326324 -9.214571  -0.221521 0.973494 -0.056900  0.994200 0.322741 1 38 1.000000
0  -14.632446 -11.420412 -12.204058  -0.275211 0.950448 -0.144593  0.994200 0.205863 1 38 1.000000
v_ic_base
0  -14.142211 -19.536989 -7.280733  -0.814912 -0.111527 0.568753  0.756767 0.567476 1 38 1.000000
0  -14.593253 -14.764745 -7.398660  -0.827683 0.043320 0.559522  0.861260 0.567476 1 38 1.000000
0  -14.817775 -14.561947 -7.746260  -0.838896 -0.005744 0.544262  0.877468 0.577118 1 38 1.000000
v_ic_base
0  -9.855965 -36.459606 -4.425309  0.061824 0.164555 -0.984429  0.104515 0.580425 1 38 1.000000
0  -9.875180 -35.867165 -4.319604  0.041338 0.176799 -0.983378  0.130412 0.584391 1 38 1.000000
0  -9.471764 -35.827782 -4.295565  0.050551 0.171307 -0.983920  0.127900 0.584093 1 38 1.000000
v_ic_base
0  -15.302203 -11.170593 -9.224756  -0.994723 -0.099647 0.024405  0.119233 0.362822 1 38 1.000000
0  -15.073944 -11.091307 -7.989079  -0.911526 -0.076314 0.404099  0.144840 0.362822 1 38 1.000000
0  -15.107772 -10.756846 -8.002189  -0.910677 -0.076191 0.406032  0.144840 0.352720 1 38 1.000000
v_ic_base
0  -10.560864 -28.363356 -5.592585  -0.082557 0.031386 0.996092  0.154623 0.597484 1 38 1.000000
0  -10.584352 -28.121574 -5.602149  -0.082559 0.031381 0.996092  0.167555 0.597484 1 38 1.000000
0  -10.879875 -28.161329 -5.625391  -0.081877 0.031455 0.996146  0.167555 0.615933 1 38 1.000000
v_ic_base
0  -13.105865 -11.008079 -6.604885  -0.264923 0.013542 0.964175  0.994616 0.511540 1 38 1.000000
0  -14.137146 -11.143627 -7.155754  -0.648614 -0.035802 0.760275  0.994578 0.550766 1 38 1.000000
0  -13.805670 -14.421029 -7.027297  -0.672744 -0.028581 0.739323  0.891401 0.550766 1 38 1.000000
v_ic_ammo
0  -11.844863 -21.625919 -13.353635  -0.211056 -0.211172 -0.954391  0.308690 0.563812 1 42 1.000000
0  -12.640260 -21.578773 -12.775608  -0.894487 -0.142345 -0.423829  0.308690 0.688292 1 42 1.000000
0  -12.669097 -20.714571 -12.985153  -0.897867 -0.092365 -0.430468  0.454380 0.688292 1 42 1.000000
v_ic_ammo
0  -11.917157 -20.324823 -11.557318  -0.238162 0.389913 0.889520  0.454380 0.075409 1 42 1.000000
0  -11.827002 -21.124022 -11.216784  -0.223553 0.288486 0.931021  0.308690 0.075409 1 42 1.000000
0  -10.831074 -21.068064 -11.449040  0.604524 0.316885 0.730845  0.308690 0.195457 1 42 1.000000
v_ic_base
0  -9.808665 -10.890682 -11.984032  0.666927 -0.724296 -0.174937  0.056215 0.368571 1 38 1.000000
0  -10.436956 -10.999853 -12.920560  0.565491 -0.699085 -0.437608  0.037240 0.368571 1 38 1.000000
0  -10.367402 -10.811569 -13.132813  0.518405 -0.721340 -0.459266  0.032895 0.362822 1 38 1.000000
v_ic_base
0  -13.321323 -24.192410 -12.833268  -0.555005 -0.368203 -0.745920  0.625070 0.028740 1 38 1.000000
0  -13.831695 -19.742449 -13.872821  -0.699678 -0.237649 -0.673776  0.746501 0.028740 1 38 1.000000
0  -13.566240 -19.943174 -14.077683  -0.697365 -0.238163 -0.675988  0.734911 0.035515 1 38 1.000000
v_ic_base
0  -7.260380 -34.927788 -7.458096  -0.280260 0.002760 0.959920  0.254962 0.370485 1 38 1.000000
0  -8.710382 -22.137430 -7.917197  -0.281567 0.002522 0.959538  0.642166 0.370485 1 38 1.000000
0  -9.335094 -22.536873 -8.099463  -0.281511 0.002532 0.959555  0.632346 0.375778 1 38 1.000000
v_ic_base
0  -9.185751 -14.078547 -9.431206  0.291910 -0.746581 0.597833  0.614502 0.122002 1 38 1.000000
0  -9.521461 -14.221642 -9.480079  0.194179 -0.692773 0.694521  0.607515 0.119144 1 38 1.000000
0  -9.517861 -14.354321 -9.613431  0.250338 -0.725266 0.641343  0.600271 0.109319 1 38 1.000000
v_ic_base
0  -12.551954 -35.631649 -9.608785  -0.975171 -0.087311 -0.203517  0.294669 0.275251 1 38 1.000000
0  -13.497563 -24.301313 -9.878215  -0.982630 -0.085920 -0.164485  0.619268 0.275251 1 38 1.000000
0  -13.445682 -24.311184 -10.182998  -0.982509 -0.085947 -0.165195  0.619268 0.267403 1 38 1.000000
v_ic_base
0  -15.434346 -14.831942 -3.926147  0.921749 0.159878 0.353296  0.702047 0.982332 1 38 1.000000
0  -14.714476 -14.770634 -6.969656  0.963419 0.136518 0.230623  0.676192 0.900534 1 38 1.000000
0  -14.770534 -14.454057 -6.922883  0.962393 0.142681 0.231173  0.681863 0.898434 1 38 1.000000
v_ic_base
0  -9.769386 -36.326412 -3.823258  0.384473 -0.910060 0.154824  0.109474 0.598269 1 38 1.000000
0  -9.787146 -36.320179 -3.748405  0.386925 -0.906804 0.167317  0.109693 0.600576 1 38 1.000000
0  -9.974457 -36.402805 -3.763052  0.183197 -0.976849 0.110472  0.106676 0.600211 1 38 1.000000
v_ic_base
0  -12.551954 -35.631649 -9.608785  -0.327466 0.942957 -0.059981  0.294669 0.275251 1 38 1.000000
0  -12.486030 -35.628716 -9.924808  -0.327962 0.942803 -0.059701  0.294669 0.267403 1 38 1.000000
0  -12.741087 -35.720158 -9.967755  -0.327601 0.942915 -0.059905  0.290463 0.264571 1 38 1.000000
v_ic_base
0  -11.009146 -29.518332 -13.698313  0.012034 -0.923913 -0.382414  0.016109 0.099722 1 39 1.000000
0  -9.501211 -29.382460 -13.632130  0.229720 -0.888073 -0.398190  0.016109 0.122657 1 39 1.000000
0  -9.567677 -29.558157 -13.239433  0.191904 -0.907609 -0.373389  0.008733 0.122657 1 39 1.000000
v_ic_base
0  -17.530291 -12.974277 -3.775539  -0.087292 0.995440 -0.038474  0.768771 0.656492 1 41 1.000000
0  -15.149468 -12.896445 -7.163656  -0.087291 0.995440 -0.038473  0.680693 0.742866 1 41 1.000000
0  -16.255917 -13.002137 -7.387886  -0.087291 0.995440 -0.038473  0.710155 0.754925 1 41 1.000000
v_ic_base
0  -8.905409 -36.726936 -12.839475  0.229541 -0.802071 -0.551356  0.201738 0.486744 1 38 1.000000
0  -10.173114 -36.835186 -12.896132  -0.034372 -0.828622 -0.558752  0.201738 0.455602 1 38 1.000000
0  -10.190017 -36.778435 -12.979253  -0.030856 -0.828386 -0.559308  0.206765 0.454708 1 38 1.000000
v_ic_base
0  -10.233002 -35.897720 -4.335612  0.009784 0.161847 -0.986767  0.130379 0.584391 1 38 1.000000
0  -10.088914 -36.479500 -4.435721  -0.011703 0.166756 -0.985929  0.104482 0.580425 1 38 1.000000
0  -10.361311 -36.443996 -4.426483  -0.002128 0.164578 -0.986362  0.107476 0.580864 1 38 1.000000
v_ic_base
0  -9.977978 -10.172810 -11.917453  0.295900 0.937842 -0.181373  0.058290 0.346624 1 38 1.000000
0  -10.649682 -10.285229 -12.821634  0.154543 0.939563 -0.305512  0.040034 0.346624 1 38 1.000000
0  -10.973981 -10.110254 -12.181036  0.082697 0.969697 -0.229887  0.053861 0.341039 2 38 0.750000 44 0.250000
v_ic_base
0  -19.125000 -13.401892 -6.339466  0.485759 0.796679 0.359641  0.798095 0.739947 1 41 1.000000
0  -18.188267 -13.371269 -7.672516  0.485759 0.796678 0.359642  0.765541 0.771914 1 41 1.000000
0  -18.359280 -13.203060 -7.814148  0.485759 0.796678 0.359642  0.769225 0.779114 1 41 1.000000
v_ic_base
0  -7.247813 -36.147518 -6.858571  0.415681 -0.883737 0.214986  0.140532 0.394407 1 38 1.000000
0  -6.899348 -36.150116 -8.071661  0.460943 -0.884447 0.072694  0.115354 0.394407 1 38 1.000000
0  -6.641985 -36.015728 -8.066263  0.460761 -0.885051 0.066212  0.114744 0.390341 1 38 1.000000
v_ic_base
0  -12.255425 -15.130623 -14.968163  -0.647727 -0.753619 0.111839  0.112053 0.913136 1 38 1.000000
0  -12.274234 -15.132216 -15.984775  -0.634893 -0.772594 0.003168  0.113574 0.884748 1 38 1.000000
0  -12.127077 -15.252813 -15.941930  -0.635508 -0.772077 0.005129  0.108939 0.885627 1 38 1.000000
v_ic_base
0  -11.342325 -11.122657 -13.490191  0.525894 0.020077 -0.850313  0.989434 0.127707 1 38 1.000000
0  -10.436956 -10.999853 -12.920560  0.530338 0.021350 -0.847517  0.989434 0.161122 1 38 1.000000
0  -9.619085 -19.064669 -12.611938  0.490174 0.041442 -0.870639  0.759457 0.161122 1 38 1.000000
v_ic_base
0  -11.398197 -16.461525 -16.291758  0.994118 0.098592 0.044821  0.079701 0.872496 1 40 1.000000
0  -11.417937 -16.264627 -16.286337  0.994123 0.098518 0.044864  0.086365 0.872863 1 40 1.000000
0  -11.427181 -16.359098 -15.868175  0.994056 0.099130 0.045011  0.082609 0.884473 1 40 1.000000
v_ic_ammo
0  -12.556446 -22.050663 -11.811670  0.969120 -0.242233 0.046139  0.224107 0.784623 1 42 1.000000
0  -12.561220 -22.192127 -12.470160  0.968738 -0.243902 0.045374  0.224107 0.708449 1 42 1.000000
0  -12.428549 -21.697664 -12.644799  0.897672 0.011725 0.440507  0.122522 0.688292 1 42 1.000000
v_ic_base
0  -11.474418 -11.399919 -14.681187  0.070485 -0.089207 -0.993516  0.679308 0.130022 1 38 1.000000
0  -11.513979 -13.528483 -14.492871  0.183864 -0.090013 -0.978821  0.750528 0.135435 1 38 1.000000
0  -12.211782 -13.605114 -14.524698  -0.071772 -0.116391 -0.990607  0.750528 0.150807 1 38 1.000000
v_ic_base
0  -6.563794 -27.645348 -14.668734  0.646437 -0.154099 -0.747243  0.212178 0.012399 1 39 1.000000
0  -8.292089 -28.056856 -15.550199  0.490052 -0.329476 -0.807028  0.182723 0.012399 1 39 1.000000
0  -8.306628 -27.904154 -15.621368  0.490690 -0.317330 -0.811495  0.182723 0.002734 1 39 1.000000
v_ic_base
0  -17.533297 -21.266138 -7.311384  0.611009 -0.674827 0.413856  0.765557 0.771914 1 41 1.000000
0  -18.470030 -21.296761 -5.978333  0.611003 -0.674833 0.413854  0.798111 0.739947 1 41 1.000000
0  -18.641102 -21.503723 -6.063239  0.611004 -0.674832 0.413855  0.805415 0.743625 1 41 1.000000
v_ic_base
0  -9.567677 -29.558157 -13.239433  0.044031 -0.976201 0.212353  0.008733 0.122657 1 39 1.000000
0  -8.345123 -29.424129 -12.614354  -0.034756 -0.977861 0.206348  0.009980 0.144202 1 39 1.000000
0  -8.451860 -29.358719 -12.320925  -0.051467 -0.978743 0.198529  0.003827 0.144202 1 39 1.000000
v_ic_base
0  -10.049099 -36.409176 -3.766387  -0.053962 -0.155947 0.986290  0.019397 0.590487 1 38 1.000000
0  -10.129750 -35.931133 -3.693843  -0.058571 -0.159431 0.985470  0.058938 0.591626 1 38 1.000000
0  -10.397845 -35.959652 -3.714391  -0.056709 -0.158024 0.985806  0.058935 0.618481 1 38 1.000000
v_ic_base
0  -12.713969 -36.646622 -8.331536  -0.295891 -0.954519 0.036623  0.115333 0.394407 1 38 1.000000
0  -12.486608 -36.594852 -7.092711  -0.266582 -0.947142 0.178484  0.140511 0.394407 1 38 1.000000
0  -12.751504 -36.502033 -6.995806  -0.268180 -0.947449 0.174411  0.142611 0.390341 1 38 1.000000
v_ic_base
0  -10.129607 -35.926460 -3.773682  0.011069 0.156692 -0.987586  0.128091 0.600865 1 38 1.000000
0  -10.045985 -36.418003 -3.854565  -0.005227 0.161498 -0.986859  0.106347 0.597674 1 38 1.000000
0  -10.263179 -36.368580 -3.845327  0.001494 0.159521 -0.987193  0.109441 0.598269 1 38 1.000000
v_ic_base
0  -11.573373 -38.326199 -9.488537  0.084356 -0.996230 0.020257  0.485410 0.901109 1 38 1.000000
0  -11.242314 -38.296741 -9.309155  0.078774 -0.996525 0.027073  0.491656 0.901109 1 38 1.000000
0  -11.182773 -38.281906 -8.936376  0.083196 -0.996212 0.025280  0.477879 0.919290 1 38 1.000000
v_ic_base
0  -13.445682 -24.311184 -10.182998  -0.217677 -0.975989 -0.007912  0.619268 0.267403 1 38 1.000000
0  -13.497563 -24.301313 -9.878215  -0.214752 -0.976656 -0.004918  0.619268 0.275251 1 38 1.000000
0  -13.759045 -24.243906 -9.860751  -0.216963 -0.976153 -0.007181  0.625020 0.278015 1 38 1.000000
v_ic_base
0  -12.141658 -19.364731 -13.247762  -0.132168 0.974242 -0.182711  0.763940 0.063918 1 38 1.000000
0  -12.906730 -19.698538 -14.358786  -0.139152 0.970715 -0.195830  0.746501 0.050658 1 38 1.000000
0  -13.831695 -19.742449 -13.872821  -0.164054 0.973433 -0.159734  0.746501 0.028740 1 38 1.000000
v_ic_base
0  -11.196947 -38.213924 -6.309744  -0.507160 -0.243580 0.826715  0.401666 0.901109 1 38 1.000000
0  -11.531206 -37.120655 -6.164824  -0.598085 -0.282287 0.750072  0.401667 0.809234 1 38 1.000000
0  -11.672922 -37.137913 -6.341787  -0.710539 -0.295287 0.638701  0.414719 0.809234 1 38 1.000000
v_ic_base
0  -10.165483 -33.203701 -5.136419  0.128273 -0.876673 -0.463671  0.180440 0.599618 1 38 1.000000
0  -10.203589 -33.324371 -4.916981  0.132805 -0.878057 -0.459760  0.167555 0.597484 1 38 1.000000
0  -10.388706 -33.346970 -4.927295  0.128861 -0.876854 -0.463164  0.167555 0.615933 1 38 1.000000
v_ic_base
0  -8.527777 -23.759914 -9.959062  0.070403 0.031932 0.997007  0.619288 0.267403 1 38 1.000000
0  -7.228587 -35.155437 -9.688620  0.061206 0.030655 0.997654  0.294688 0.267403 1 38 1.000000
0  -6.920861 -35.196392 -9.706241  0.061379 0.030679 0.997643  0.290482 0.264571 1 38 1.000000
v_ic_base
0  -22.495651 -13.718092 -6.873132  -0.437134 0.721756 0.536639  0.896004 0.772108 1 41 1.000000
0  -21.142868 -13.564843 -5.977289  -0.437138 0.721754 0.536640  0.863729 0.740254 1 41 1.000000
0  -21.009380 -13.370363 -6.130120  -0.437138 0.721754 0.536640  0.856446 0.743690 1 41 1.000000
v_ic_base
0  -23.257019 -16.845150 -3.182384  -0.500316 -0.002228 0.865840  0.784291 0.615781 1 41 1.000000
0  -23.225384 -17.346928 -3.160499  -0.504843 0.001839 0.863209  0.796923 0.615781 1 41 1.000000
0  -23.100250 -17.308393 -3.133284  -0.223873 0.027499 0.974230  0.796278 0.618883 1 41 1.000000
v_ic_base
0  -12.935200 -36.193657 -8.367050  -0.440365 0.897815 0.002600  0.115431 0.377720 1 38 1.000000
0  -12.441940 -36.241768 -11.620326  -0.301830 0.945610 -0.121324  0.051423 0.377484 1 38 1.000000
0  -12.560869 -36.289810 -11.703449  -0.291925 0.947318 -0.131785  0.049845 0.378778 1 38 1.000000
v_ic_base
0  -10.332987 -34.200523 -5.078795  -0.992475 -0.093036 0.079611  0.201329 0.568985 1 38 1.000000
0  -10.382078 -33.708782 -5.116075  -0.992579 -0.093073 0.078265  0.220213 0.568985 1 38 1.000000
0  -10.398754 -33.603870 -5.345380  -0.968457 -0.076928 0.237009  0.224642 0.562710 1 38 1.000000
v_ic_base
0  -10.594699 -14.044073 -6.328708  0.348554 0.113722 0.930364  0.877468 0.447320 1 38 1.000000
0  -11.391358 -14.117890 -6.056156  0.159316 0.179167 0.970833  0.877468 0.472364 1 38 1.000000
0  -11.451664 -14.395488 -5.994441  0.075758 0.201038 0.976650  0.861260 0.474563 1 38 1.000000
v_ic_base
0  -10.120918 -13.058164 -7.148913  0.781080 -0.619985 -0.074385  0.798860 0.484087 1 38 1.000000
0  -10.265914 -13.248782 -6.953803  0.785017 -0.619102 -0.021470  0.788750 0.495490 1 38 1.000000
0  -10.335829 -13.331383 -7.128334  0.783266 -0.619774 -0.048719  0.776173 0.486511 1 38 1.000000
v_ic_base
0  -12.266359 -36.693745 -11.551970  -0.261921 -0.956171 -0.130898  0.052117 0.394407 1 38 1.000000
0  -12.713969 -36.646622 -8.331536  -0.295891 -0.954519 0.036623  0.115333 0.394407 1 38 1.000000
0  -13.000119 -36.558643 -8.350431  -0.296213 -0.954628 0.030705  0.114723 0.390341 1 38 1.000000
v_ic_base
0  -8.125819 -36.829876 -6.012626  0.377767 0.708320 0.596301  0.335406 0.809234 1 38 1.000000
0  -7.322436 -36.785656 -6.902248  0.595548 0.725654 0.344601  0.294537 0.809234 1 38 1.000000
0  -7.621789 -36.466545 -7.056874  0.594532 0.725601 0.346461  0.294537 0.781546 1 38 1.000000
v_ic_ammo
0  -11.932300 -20.748404 -13.559708  -0.222142 -0.180489 -0.958163  0.454380 0.563812 1 42 1.000000
0  -12.669097 -20.714571 -12.985153  -0.897867 -0.092365 -0.430468  0.454380 0.688292 1 42 1.000000
0  -12.647616 -20.351690 -13.062486  -0.889582 -0.044084 -0.454644  0.497289 0.677911 1 42 1.000000
v_ic_base
0  -10.718168 -35.964588 -5.246959  -0.290879 0.020317 0.956544  0.175914 0.378778 1 38 1.000000
0  -10.677236 -36.280788 -5.227768  -0.278863 0.022170 0.960075  0.175920 0.390341 1 38 1.000000
0  -10.243854 -36.242752 -5.188266  -0.095009 0.047802 0.994328  0.178838 0.390322 1 38 1.000000
v_ic_base
0  -9.395773 -18.057556 -7.233961  0.713574 0.290499 0.637512  0.881678 0.030540 1 38 1.000000
0  -9.202543 -18.047474 -7.456319  0.716043 0.289142 0.635357  0.881589 0.011268 1 38 1.000000
0  -9.341815 -17.351965 -7.615880  0.846093 0.153207 0.510543  0.938598 0.007692 1 38 1.000000
v_ic_base
0  -8.506080 -23.746655 -9.650763  0.391521 -0.920104 0.010933  0.619288 0.275251 1 38 1.000000
0  -8.527777 -23.759914 -9.959062  0.392637 -0.919616 0.011915  0.619288 0.267403 1 38 1.000000
0  -8.256499 -23.644388 -9.981956  0.391699 -0.920027 0.011089  0.625040 0.264571 1 38 1.000000
v_ic_base
0  -8.726122 -18.946426 -9.901587  0.200173 0.979474 -0.023712  0.288509 0.108192 1 38 1.000000
0  -9.071066 -18.875746 -9.893511  0.200145 0.979477 -0.023799  0.294112 0.110334 1 38 1.000000
0  -9.061384 -18.874704 -9.769092  0.200154 0.979476 -0.023770  0.294112 0.118297 1 38 1.000000
v_ic_base
0  -6.935642 -35.769520 -11.381665  0.222425 0.968937 -0.108112  0.051298 0.377403 1 38 1.000000
0  -6.786809 -35.682468 -8.094972  0.220788 0.974918 0.028045  0.115451 0.377720 1 38 1.000000
0  -6.682916 -35.699528 -8.085456  0.162853 0.986642 0.003989  0.114810 0.378778 1 38 1.000000
v_ic_base
0  -9.535958 -35.838284 -4.207329  -0.096636 0.994665 0.036089  0.127619 0.586963 1 38 1.000000
0  -9.471764 -35.827782 -4.295565  -0.099758 0.993962 0.045687  0.127900 0.584093 1 38 1.000000
0  -9.875180 -35.867165 -4.319604  -0.080209 0.996680 -0.013965  0.130412 0.584391 1 38 1.000000
v_ic_base
0  -10.042122 -36.440075 -4.067149  -0.039494 -0.202871 0.978409  0.105611 0.591561 1 38 1.000000
0  -10.133790 -35.914700 -3.980888  -0.010880 -0.194731 0.980796  0.128860 0.594970 1 38 1.000000
0  -10.203435 -35.882023 -3.975172  -0.008854 -0.184832 0.982730  0.130542 0.594670 1 38 1.000000
v_ic_ammo
0  -11.024556 -20.077219 -13.590278  -0.274835 0.961399 0.013291  0.596875 0.938773 1 42 1.000000
0  -12.009111 -20.232321 -13.776171  -0.049117 0.997028 0.059349  0.563363 0.865727 1 42 1.000000
0  -11.934916 -20.245441 -13.494353  -0.066200 0.997802 -0.002899  0.586591 0.866137 1 42 1.000000
v_ic_base
0  -23.547609 -20.709187 -4.640356  0.294945 0.063381 0.953410  0.105700 0.644027 1 41 1.000000
0  -24.030310 -14.758799 -4.906640  0.347001 0.070002 0.935249  0.105700 0.764904 1 41 1.000000
0  -24.369404 -14.655188 -4.788583  0.344403 0.069674 0.936233  0.102808 0.767505 1 41 1.000000
v_ic_base
0  -8.865723 -36.338104 -13.196270  0.269820 -0.023501 -0.962624  0.024035 0.415307 1 38 1.000000
0  -10.280541 -36.458912 -13.259503  -0.161089 -0.080562 -0.983646  0.003755 0.415307 1 38 1.000000
0  -10.321473 -36.142712 -13.278697  -0.171357 -0.081780 -0.981809  0.003755 0.405223 1 38 1.000000
v_ic_base
0  -13.337366 -30.043089 -9.796771  -0.288832 -0.956261 -0.046278  0.394161 0.030184 1 39 1.000000
0  -13.299028 -30.043921 -10.029048  -0.288176 -0.956560 -0.044138  0.394160 0.042844 1 39 1.000000
0  -12.842858 -30.184168 -9.967915  -0.289886 -0.955769 -0.049724  0.398633 0.043849 1 39 1.000000
v_ic_base
0  -10.946552 -29.604994 -12.954030  0.156442 0.037205 0.986986  0.407334 0.025805 1 39 1.000000
0  -11.465235 -24.394175 -13.067100  0.159099 0.037250 0.986560  0.473713 0.025805 1 39 1.000000
0  -12.670768 -24.482706 -12.605015  0.548770 0.072278 0.832843  0.473713 0.046961 1 39 1.000000
v_ic_base
0  -11.340298 -19.968933 -6.211246  -0.060653 0.096110 0.993521  0.675364 0.588942 1 38 1.000000
0  -11.813985 -20.020954 -6.232853  -0.057570 0.112174 0.992019  0.723389 0.548429 1 38 1.000000
0  -11.390745 -22.881399 -5.125617  -0.066201 0.196523 0.978262  0.613581 0.586929 1 38 1.000000
v_ic_base
0  -9.154128 -38.027393 -5.759264  0.188347 -0.166850 0.967826  0.356946 0.901109 1 38 1.000000
0  -8.152574 -37.953972 -6.173679  0.455041 -0.136894 0.879885  0.335406 0.901109 1 38 1.000000
0  -8.125819 -36.829876 -6.012626  0.549509 -0.108814 0.828372  0.335406 0.809234 1 38 1.000000
v_ic_base
0  -8.345123 -29.424129 -12.614354  -0.034756 -0.977861 0.206348  0.009980 0.144202 1 39 1.000000
0  -7.514031 -29.296165 -11.544219  -0.152449 -0.975787 0.156839  0.008733 0.166786 1 39 1.000000
0  -7.673376 -29.238308 -11.338950  -0.216812 -0.970643 0.104138  0.003827 0.166786 1 39 1.000000
v_ic_base
0  -23.138367 -18.408920 -3.101512  0.241822 -0.938076 0.248063  0.823749 0.615781 1 41 1.000000
0  -22.717339 -18.391138 -3.676761  0.095739 -0.994630 0.039320  0.824672 0.623109 1 41 1.000000
0  -22.461180 -18.362968 -3.587911  0.120504 -0.989932 0.074246  0.823662 0.629126 1 41 1.000000
v_ic_base
0  -5.398387 -27.531540 -11.364637  0.861534 -0.117920 0.493816  0.278346 0.012399 1 39 1.000000
0  -5.381974 -27.357485 -11.345064  0.861303 -0.136261 0.489480  0.278346 0.002734 1 39 1.000000
0  -6.106547 -27.799538 -10.193123  0.795146 0.079424 0.601194  0.301494 0.002734 1 39 1.000000
v_ic_base
0  -14.986818 -11.326324 -9.214571  -0.138294 0.024803 0.990081  0.988773 0.333455 1 38 1.000000
0  -15.200900 -11.376721 -9.243348  -0.138897 0.024754 0.989997  0.988773 0.325045 1 38 1.000000
0  -14.287762 -20.405180 -8.889482  -0.100961 0.026034 0.994550  0.732180 0.325045 1 38 1.000000
v_ic_base
0  -9.731275 -14.817531 -7.352990  0.713982 0.288860 0.637800  0.889715 0.114800 1 38 1.000000
0  -9.538045 -14.807446 -7.575347  0.716460 0.287463 0.635649  0.889643 0.095479 1 38 1.000000
0  -9.669907 -14.108030 -7.743022  0.846346 0.152602 0.510304  0.946914 0.091160 1 38 1.000000
v_ic_base
0  -11.244042 -15.164557 -14.917072  0.108408 -0.993973 0.016297  0.280303 0.662531 1 38 1.000000
0  -12.104305 -15.259025 -14.956311  0.108408 -0.993973 0.016282  0.265739 0.662531 1 38 1.000000
0  -12.127077 -15.252813 -15.941930  0.107883 -0.993786 0.027399  0.265739 0.670404 1 38 1.000000
v_ic_base
0  -11.398038 -16.717283 -14.148069  0.110960 -0.992937 -0.041997  0.067954 0.931929 1 38 1.000000
0  -11.707820 -16.751303 -14.162199  0.110958 -0.992936 -0.042017  0.059342 0.931929 1 38 1.000000
0  -11.684098 -16.738926 -14.392112  0.110959 -0.992937 -0.042003  0.060453 0.925719 1 38 1.000000
v_ic_base
0  -10.334439 -36.439461 -4.340364  -0.821707 -0.480544 0.306391  0.107476 0.583995 1 38 1.000000
0  -10.577868 -35.927254 -4.253913  -0.759906 -0.441647 0.476959  0.127586 0.586963 1 38 1.000000
0  -10.636701 -35.927250 -4.347643  -0.768666 -0.447094 0.457449  0.127867 0.584092 1 38 1.000000
v_ic_ammo
0  -10.831074 -21.068064 -11.449040  0.604524 0.316885 0.730845  0.308690 0.195457 1 42 1.000000
0  -10.421476 -21.226057 -12.325188  0.987341 0.156308 -0.026925  0.308690 0.318615 1 42 1.000000
0  -10.589494 -20.385784 -12.592629  0.965480 0.251911 -0.066249  0.454380 0.318615 1 42 1.000000
v_ic_base
0  -7.398192 -36.859943 -9.455531  0.758134 -0.407499 -0.509095  0.250256 0.809234 1 38 1.000000
0  -7.811772 -38.003807 -9.155831  0.758133 -0.407499 -0.509096  0.249118 0.901109 1 38 1.000000
0  -8.029835 -38.030170 -9.459467  0.758133 -0.407499 -0.509095  0.239864 0.901109 1 38 1.000000
v_ic_base
0  -11.048943 -15.811859 -18.848352  -0.029544 -0.141924 0.989436  0.280303 0.702267 1 38 1.000000
0  -11.055737 -15.310959 -18.684233  -0.009140 -0.311459 0.950216  0.280303 0.696716 1 38 1.000000
0  -11.920705 -15.405946 -18.723686  -0.009141 -0.311459 0.950216  0.265739 0.696716 1 38 1.000000
v_ic_base
0  -11.275656 -19.746696 -14.604394  -0.016021 0.042985 -0.998947  0.734911 0.083405 1 38 1.000000
0  -12.882536 -19.910412 -14.389696  -0.298271 0.121879 -0.946668  0.734911 0.050033 1 38 1.000000
0  -12.906730 -19.698538 -14.358786  -0.317993 0.097534 -0.943063  0.746501 0.050658 1 38 1.000000
v_ic_base
0  -14.317664 -24.598066 -9.470087  -0.772243 -0.049688 0.633382  0.117851 0.016847 1 39 1.000000
0  -13.845996 -29.574677 -9.297609  -0.783722 -0.052831 0.618861  0.016109 0.016847 1 39 1.000000
0  -13.565959 -29.722174 -8.955563  -0.782873 -0.052596 0.619955  0.014786 0.008729 1 39 1.000000
v_ic_base
0  -12.258017 -22.807045 -7.084504  0.820522 0.098502 0.563063  0.632365 0.449565 1 38 1.000000
0  -12.665313 -22.503006 -6.544160  0.820523 0.098502 0.563062  0.642185 0.444868 1 38 1.000000
0  -11.525111 -35.256809 -5.974571  0.820505 0.098503 0.563088  0.254981 0.444868 1 38 1.000000
v_ic_base
0  -12.652642 -24.229856 -12.581909  0.133044 0.008940 -0.991070  0.625020 0.168373 1 38 1.000000
0  -12.544956 -24.217613 -12.567560  0.131095 0.008747 -0.991331  0.625020 0.161122 1 38 1.000000
0  -11.480800 -36.108101 -12.531746  0.431059 0.038718 -0.901493  0.266344 0.161122 1 38 1.000000
v_ic_base
0  -12.398472 -29.616650 -13.138632  -0.554021 -0.073498 -0.829252  0.016109 0.078522 1 39 1.000000
0  -13.427069 -29.653440 -12.061401  -0.718972 -0.087551 -0.689503  0.016109 0.056934 1 39 1.000000
0  -13.905224 -24.687468 -12.193374  -0.715732 -0.085875 -0.693075  0.117851 0.056934 1 39 1.000000
v_ic_base
0  -11.326227 -37.212700 -10.314955  -0.503437 -0.337860 -0.795237  0.516893 0.809234 1 38 1.000000
0  -10.205904 -37.130562 -10.778513  -0.144013 -0.320577 -0.936211  0.535463 0.809234 1 38 1.000000
0  -10.012144 -38.222778 -10.434323  -0.133879 -0.319381 -0.938122  0.535463 0.901109 1 38 1.000000
v_ic_base
0  -10.276961 -31.521406 -5.431061  0.969077 0.098023 0.226453  0.297854 0.562710 1 38 1.000000
0  -10.314081 -31.643627 -5.217991  0.969720 0.097036 0.224112  0.293425 0.568985 1 38 1.000000
0  -10.263562 -32.185051 -5.202157  0.968893 0.097434 0.227494  0.274541 0.568985 1 38 1.000000
v_ic_ammo
0  -12.526234 -20.216003 -13.033986  0.073651 0.990220 -0.118489  0.611286 0.812953 1 42 1.000000
0  -12.521088 -20.062330 -12.319725  0.074740 0.949799 -0.303803  0.667221 0.801181 1 42 1.000000
0  -11.724721 -20.133419 -12.673304  -0.113681 0.971292 -0.208968  0.652958 0.867668 1 42 1.000000
v_ic_ammo
0  -12.009111 -20.232321 -13.776171  -0.049117 0.997028 0.059349  0.563363 0.865727 1 42 1.000000
0  -12.793191 -20.193291 -13.165729  0.129338 0.987336 -0.091864  0.596741 0.794335 1 42 1.000000
0  -12.526234 -20.216003 -13.033986  0.073651 0.990220 -0.118489  0.611286 0.812953 1 42 1.000000
v_ic_base
0  -10.257363 -19.380224 -14.394395  0.368430 -0.021292 -0.929412  0.746501 0.108168 1 38 1.000000
0  -9.831654 -23.839481 -13.358703  0.375679 -0.294905 -0.878576  0.625904 0.108168 1 38 1.000000
0  -10.145997 -23.661592 -13.556168  0.351473 -0.345299 -0.870193  0.635660 0.097503 1 38 1.000000
v_ic_base
0  -18.207594 -13.269027 -4.983253  -0.087292 0.995440 -0.038473  0.780376 0.697892 1 41 1.000000
0  -16.552805 -13.214931 -7.338162  -0.087292 0.995440 -0.038474  0.722867 0.754363 1 41 1.000000
0  -18.188267 -13.371269 -7.672516  -0.087292 0.995440 -0.038473  0.765541 0.771914 1 41 1.000000
v_ic_base
0  -9.103213 -15.126907 -9.901537  0.233185 -0.508170 0.829089  0.431594 0.120422 1 38 1.000000
0  -9.425041 -15.276040 -9.916141  0.180671 -0.474260 0.861647  0.424161 0.118297 1 38 1.000000
0  -9.413900 -15.482591 -10.032163  0.216780 -0.497768 0.839782  0.419101 0.110334 1 38 1.000000
v_ic_base
0  -8.137654 -23.714746 -9.948986  0.992894 0.102943 -0.059696  0.273228 0.042849 1 39 1.000000
0  -8.124896 -23.702822 -9.715950  0.992898 0.102948 -0.059628  0.273228 0.030178 1 39 1.000000
0  -7.510726 -29.525398 -9.541841  0.992758 0.102750 -0.062247  0.394177 0.030183 1 39 1.000000
v_ic_base
0  -9.870199 -35.398998 -5.181919  -0.082766 0.065859 0.994390  0.154623 0.597484 1 38 1.000000
0  -9.896137 -35.190262 -5.197897  -0.082784 0.065832 0.994391  0.167555 0.597484 1 38 1.000000
0  -10.228234 -35.225410 -5.223216  -0.082752 0.065880 0.994390  0.167555 0.615933 1 38 1.000000
v_ic_base
0  -10.492260 -30.189756 -5.071472  0.067519 -0.093295 -0.993347  0.167555 0.597484 1 38 1.000000
0  -10.470414 -30.447474 -5.045765  0.067622 -0.093354 -0.993334  0.154623 0.597484 1 38 1.000000
0  -10.642172 -30.471062 -5.055241  0.067560 -0.093319 -0.993342  0.154623 0.615933 1 38 1.000000
v_ic_ammo
0  -12.647616 -20.351690 -13.062486  -0.654184 -0.730021 -0.197768  0.497289 0.698041 1 42 1.000000
0  -12.641600 -20.173660 -12.233343  -0.658301 -0.557769 0.505503  0.497289 0.800838 1 42 1.000000
0  -12.786366 -19.989519 -12.218627  -0.665470 -0.562500 0.490656  0.513297 0.811203 1 42 1.000000
v_ic_base
0  -10.856510 -28.403025 -5.615837  -0.146394 0.872574 0.466030  0.154623 0.615933 1 38 1.000000
0  -10.840154 -28.513105 -5.400852  -0.139486 0.877042 0.459718  0.141735 0.613800 1 38 1.000000
0  -10.596752 -28.481323 -5.387633  -0.147519 0.871836 0.467055  0.141735 0.599618 1 38 1.000000
v_ic_base
0  -10.084720 -36.476280 -4.327064  -0.974691 -0.219579 0.041990  0.104482 0.583528 1 38 1.000000
0  -10.078093 -36.469074 -4.074684  -0.976352 -0.213844 0.031746  0.104482 0.590740 1 38 1.000000
0  -10.203435 -35.882023 -3.975172  -0.971344 -0.229857 0.060474  0.130542 0.594670 1 38 1.000000
v_ic_base
0  -10.277790 -32.559994 -4.971581  0.967271 0.110232 0.228552  0.261253 0.575260 1 38 1.000000
0  -10.203589 -33.324371 -4.916981  0.967264 0.110223 0.228584  0.233511 0.575260 1 38 1.000000
0  -10.165483 -33.203701 -5.136419  0.967204 0.110241 0.228829  0.237941 0.568985 1 38 1.000000
v_ic_base
0  -8.696499 -18.915939 -9.241606  0.153691 -0.023175 -0.987847  0.440349 0.122002 1 38 1.000000
0  -9.052579 -18.857628 -9.298371  0.153692 -0.023175 -0.987847  0.445680 0.119144 1 38 1.000000
0  -9.521461 -14.221642 -9.480079  0.153688 -0.023174 -0.987848  0.607515 0.119144 1 38 1.000000
v_ic_base
0  -9.870850 -36.458023 -4.317505  0.153419 -0.987352 0.039978  0.078104 0.586744 1 38 1.000000
0  -10.084720 -36.476280 -4.327064  0.009845 -0.999524 0.029229  0.070219 0.586744 1 38 1.000000
0  -10.088914 -36.479500 -4.435721  0.008198 -0.999410 0.033348  0.069867 0.582181 1 38 1.000000
v_ic_ammo
0  -10.396229 -21.834585 -12.068486  0.474829 -0.802287 0.361764  0.240009 0.308031 1 42 1.000000
0  -10.707314 -21.737526 -11.444971  0.476013 -0.801398 0.362179  0.240010 0.205489 1 42 1.000000
0  -10.723254 -21.754429 -11.461416  0.475988 -0.801416 0.362170  0.224107 0.221099 1 42 1.000000
v_ic_base
0  -10.071515 -36.358135 -3.221902  -0.035540 -0.110275 0.993266  0.019397 0.590487 1 38 1.000000
0  -10.136618 -35.959728 -3.180273  -0.035006 -0.109516 0.993368  0.058938 0.591626 1 38 1.000000
0  -10.587033 -35.998367 -3.200395  -0.036167 -0.111195 0.993140  0.058935 0.618481 1 38 1.000000
v_ic_ammo
0  -11.993776 -19.774448 -11.648052  -0.047874 0.880157 -0.472263  0.732112 0.829839 1 42 1.000000
0  -11.012259 -19.710032 -11.883658  -0.281082 0.868542 -0.408201  0.732112 0.909964 1 42 1.000000
0  -11.183136 -19.851551 -12.067107  -0.239251 0.898640 -0.367703  0.712045 0.899050 1 42 1.000000
v_ic_base
0  -12.486608 -36.594852 -7.092711  -0.266582 -0.947142 0.178484  0.140511 0.394407 1 38 1.000000
0  -11.728447 -36.504158 -6.073512  -0.169723 -0.932108 0.319951  0.161345 0.394407 1 38 1.000000
0  -11.922477 -36.402863 -5.881341  -0.173760 -0.932656 0.316164  0.161442 0.390341 1 38 1.000000
v_ic_base
0  -15.092928 -13.414906 -7.134348  0.816365 0.129167 0.562906  0.331635 0.777593 1 41 1.000000
0  -17.489584 -13.494939 -3.754663  0.493288 0.134858 0.859349  0.249834 0.777593 1 41 1.000000
0  -17.226562 -14.077720 -3.887918  0.689423 0.144204 0.709860  0.254883 0.765458 1 41 1.000000
v_ic_base
0  -14.001405 -11.210643 -13.298572  -0.281267 -0.852243 -0.441102  0.032878 0.362822 1 38 1.000000
0  -12.938380 -11.119209 -13.821905  -0.212962 -0.792785 -0.571086  0.020928 0.362822 1 38 1.000000
0  -12.957324 -11.300009 -13.563855  -0.210755 -0.801645 -0.559417  0.026174 0.368571 1 38 1.000000
v_ic_base
0  -9.128265 -35.041790 -5.631812  0.949548 0.083401 -0.302329  0.254962 0.461612 1 38 1.000000
0  -9.467515 -34.764938 -6.620297  0.949491 0.083376 -0.302515  0.265430 0.457353 1 38 1.000000
0  -10.609369 -22.619246 -6.856733  0.950737 0.083928 -0.298423  0.632346 0.457353 1 38 1.000000
v_ic_base
0  -10.078088 -34.509571 -4.822839  -0.069780 0.874500 -0.479980  0.154623 0.597484 1 38 1.000000
0  -10.014446 -34.618660 -5.029245  -0.066722 0.873497 -0.482236  0.141735 0.599618 1 38 1.000000
0  -10.286016 -34.647354 -5.043645  -0.069623 0.874449 -0.480096  0.141735 0.613800 1 38 1.000000
v_ic_ammo
0  -12.632311 -21.355410 -11.824620  -0.895542 0.085886 0.436610  0.308690 0.810723 1 42 1.000000
0  -11.827002 -21.124022 -11.216784  -0.223553 0.288486 0.931021  0.308690 0.931075 1 42 1.000000
0  -11.917157 -20.324823 -11.557318  -0.238162 0.389913 0.889520  0.454380 0.931075 1 42 1.000000
v_ic_base
0  -10.180725 -13.105145 -7.320974  0.737953 0.098506 0.667624  0.919949 0.410443 1 38 1.000000
0  -10.335829 -13.331383 -7.128334  0.728607 0.099012 0.677738  0.913442 0.419341 1 38 1.000000
0  -9.936867 -14.123466 -7.441524  0.731832 0.146862 0.665473  0.888412 0.403373 1 38 1.000000
v_ic_base
0  -23.225384 -17.346928 -3.160499  0.199038 -0.961495 0.189505  0.796923 0.615781 1 41 1.000000
0  -22.798407 -17.328588 -3.735178  0.095801 -0.994619 0.039441  0.797845 0.623109 1 41 1.000000
0  -22.540466 -17.300049 -3.641987  0.113299 -0.991456 0.064637  0.796868 0.629126 1 41 1.000000
v_ic_base
0  -11.275656 -19.746696 -14.604394  0.119755 -0.983011 0.139096  0.734911 0.083405 1 38 1.000000
0  -10.408672 -19.441706 -13.170459  0.117810 -0.983410 0.137936  0.724067 0.089754 1 38 1.000000
0  -13.326556 -19.707806 -12.680011  0.115736 -0.982710 0.144518  0.724067 0.043563 1 38 1.000000
v_ic_ammo
0  -10.857838 -19.953171 -12.718977  -0.317374 0.927271 -0.198602  0.667302 0.935208 1 42 1.000000
0  -11.192410 -20.128469 -13.354161  -0.236941 0.970823 -0.036905  0.611389 0.920489 1 42 1.000000
0  -11.724721 -20.133419 -12.673304  -0.113681 0.971292 -0.208968  0.652958 0.867668 1 42 1.000000
v_ic_base
0  -11.498700 -15.164293 -14.381983  0.674945 -0.685529 0.272947  0.107347 0.926929 1 38 1.000000
0  -11.244042 -15.164557 -14.917072  0.769492 -0.595173 0.231629  0.107212 0.913136 1 38 1.000000
0  -11.121930 -15.006146 -14.916462  0.767758 -0.611690 0.190743  0.112077 0.913136 1 38 1.000000
v_ic_base
0  -21.639921 -13.829430 -2.992499  0.087292 -0.995439 0.038478  0.895720 0.650416 1 41 1.000000
0  -17.489584 -13.494939 -3.754663  0.087266 -0.995443 0.038444  0.766210 0.650416 1 41 1.000000
0  -17.300560 -13.467513 -3.473883  0.087289 -0.995440 0.038463  0.762166 0.640691 1 41 1.000000
v_ic_base
0  -15.571690 -21.271221 -7.011748  -0.446513 -0.830569 -0.332838  0.710171 0.754925 1 41 1.000000
0  -17.464828 -21.333109 -4.317648  -0.446511 -0.830569 -0.332841  0.780997 0.685444 1 41 1.000000
0  -17.552626 -21.163897 -4.622118  -0.446512 -0.830569 -0.332841  0.780392 0.697892 1 41 1.000000
v_ic_base
0  -11.879898 -10.873447 -6.548965  0.165130 0.064394 0.984167  0.994655 0.471130 1 38 1.000000
0  -13.105865 -11.008079 -6.604885  -0.264923 0.013542 0.964175  0.994616 0.511540 1 38 1.000000
0  -12.949021 -14.304753 -6.484390  -0.311777 0.019888 0.949947  0.891437 0.517105 1 38 1.000000
v_ic_base
0  -11.501687 -19.027302 -4.586479  0.761152 0.102085 0.640489  0.298389 0.992921 1 38 1.000000
0  -10.259208 -19.091602 -6.052787  0.473132 0.049623 0.879593  0.298577 0.923763 1 38 1.000000
0  -10.338531 -18.321110 -6.081328  0.540207 0.087391 0.836982  0.334265 0.923763 1 38 1.000000
v_ic_base
0  -10.203435 -35.882023 -3.975172  -0.091452 0.980666 0.173002  0.130575 0.594670 1 38 1.000000
0  -9.942664 -35.859756 -3.963518  -0.091467 0.980667 0.172994  0.130575 0.594670 1 38 1.000000
0  -9.971655 -35.821106 -4.197948  -0.091435 0.980708 0.172778  0.132645 0.588074 1 38 1.000000
v_ic_base
0  -13.497563 -24.301313 -9.878215  -0.073232 -0.029960 -0.996865  0.619268 0.275251 1 38 1.000000
0  -12.551954 -35.631649 -9.608785  -0.079189 -0.030303 -0.996399  0.294669 0.275251 1 38 1.000000
0  -12.818051 -35.722435 -9.584876  -0.079086 -0.030297 -0.996407  0.290463 0.278015 1 38 1.000000
v_ic_base
0  -11.411082 -36.646664 -12.499058  -0.137798 -0.947917 -0.287168  0.032628 0.394407 1 38 1.000000
0  -12.266359 -36.693745 -11.551970  -0.261921 -0.956171 -0.130898  0.052117 0.394407 1 38 1.000000
0  -12.519937 -36.606010 -11.684258  -0.259322 -0.956030 -0.136963  0.049845 0.390341 1 38 1.000000
v_ic_base
0  -9.089725 -15.346955 -10.049835  0.035591 0.044416 0.998379  0.423634 0.108192 1 38 1.000000
0  -9.413900 -15.482591 -10.032163  0.035843 0.044417 0.998370  0.419101 0.110334 1 38 1.000000
0  -9.071066 -18.875746 -9.893511  0.032645 0.044405 0.998480  0.294112 0.110334 1 38 1.000000
v_ic_base
0  -10.021415 -35.917221 -3.768846  -0.080083 0.995045 0.058928  0.128124 0.600865 1 38 1.000000
0  -10.027377 -35.922394 -3.689265  -0.080223 0.995123 0.057397  0.127827 0.603139 1 38 1.000000
0  -9.757029 -35.904930 -3.685753  -0.066234 0.995785 0.063446  0.125277 0.602683 1 38 1.000000
v_ic_base
0  -9.341556 -36.579506 -5.847146  0.083886 -0.996130 0.026224  0.024898 0.484518 1 38 1.000000
0  -8.340004 -36.506077 -6.261561  0.083885 -0.996130 0.026244  0.036478 0.508565 1 38 1.000000
0  -8.100595 -36.477928 -5.958279  0.083885 -0.996130 0.026238  0.029099 0.514800 1 38 1.000000
v_ic_base
0  -7.621789 -36.466545 -7.056874  0.083884 -0.996130 0.026240  0.057346 0.525207 1 38 1.000000
0  -7.329167 -36.468731 -8.075560  0.083888 -0.996130 0.026240  0.083367 0.531146 1 38 1.000000
0  -6.921198 -36.434353 -8.074766  0.083889 -0.996130 0.026237  0.083807 0.541147 1 38 1.000000
v_ic_base
0  -13.130665 -19.450403 -12.774506  0.136121 -0.024936 -0.990378  0.759437 0.168373 1 38 1.000000
0  -13.950079 -11.412080 -13.089456  0.135678 -0.024974 -0.990438  0.989414 0.168373 1 38 1.000000
0  -13.844924 -11.374104 -13.076007  0.135683 -0.024974 -0.990438  0.989414 0.161122 1 38 1.000000
v_ic_base
0  -16.796902 -14.580958 -3.947668  0.522030 0.009811 -0.852871  0.976684 0.997081 1 41 1.000000
0  -16.424490 -19.486982 -3.746619  0.532085 0.005693 -0.846672  0.941597 0.997081 1 41 1.000000
0  -18.431255 -20.174454 -5.012378  0.527997 0.007371 -0.849214  0.941597 0.979393 1 41 1.000000
v_ic_base
0  -10.203697 -35.433964 -5.207351  -0.118740 0.917529 0.379528  0.154623 0.615933 1 38 1.000000
0  -10.185863 -35.526417 -4.974182  -0.113151 0.920626 0.373692  0.141735 0.613800 1 38 1.000000
0  -9.908623 -35.498348 -4.959386  -0.120366 0.916614 0.381222  0.141735 0.599618 1 38 1.000000
v_ic_base
0  -11.326227 -37.212700 -10.314955  -0.505365 0.551042 -0.664048  0.517048 0.809234 1 38 1.000000
0  -12.129609 -37.256920 -9.425332  -0.739840 0.542989 -0.397240  0.477879 0.809234 1 38 1.000000
0  -11.919340 -36.887859 -9.312476  -0.737330 0.542982 -0.401890  0.477878 0.781546 1 38 1.000000
v_ic_base
0  -10.064521 -34.171478 -5.064547  0.122715 -0.890220 -0.438690  0.180440 0.599618 1 38 1.000000
0  -10.102962 -34.285839 -4.841333  0.127019 -0.891492 -0.434865  0.167555 0.597484 1 38 1.000000
0  -10.293618 -34.307858 -4.851883  0.123172 -0.890357 -0.438284  0.167555 0.615933 1 38 1.000000
v_ic_base
0  -9.609854 -35.914928 -3.156721  0.869667 -0.269215 0.413766  0.123900 0.617644 1 38 1.000000
0  -9.694665 -36.272480 -3.200039  0.895179 -0.256498 0.364504  0.110658 0.616185 1 38 1.000000
0  -9.664167 -36.277302 -3.278331  0.891037 -0.258724 0.372981  0.110456 0.613907 1 38 1.000000
v_ic_base
0  -7.789649 -36.617554 -12.253860  0.480834 -0.757432 -0.441697  0.188226 0.514800 1 38 1.000000
0  -8.905409 -36.726936 -12.839475  0.229541 -0.802071 -0.551356  0.201738 0.486744 1 38 1.000000
0  -8.896142 -36.667953 -12.921425  0.217851 -0.803642 -0.553806  0.206765 0.487639 1 38 1.000000
v_ic_ammo
0  -11.844863 -21.625919 -13.353635  -0.211056 -0.211172 -0.954391  0.308690 0.563812 1 42 1.000000
0  -10.851001 -21.473637 -13.173189  0.616578 -0.080944 -0.783122  0.308690 0.442542 1 42 1.000000
0  -10.939355 -22.122280 -13.087471  0.201596 -0.151159 -0.967734  0.240010 0.451716 1 42 1.000000
v_ic_base
0  -11.201388 -15.148994 -5.561514  0.821982 0.066891 -0.565571  0.323068 0.657251 1 38 1.000000
0  -11.083430 -16.273195 -5.522507  0.825051 0.067102 -0.561060  0.323068 0.752560 1 38 1.000000
0  -11.116147 -16.252878 -5.568188  0.824973 0.067097 -0.561175  0.317432 0.752560 1 38 1.000000
v_ic_base
0  -6.921198 -36.434353 -8.074766  0.776541 -0.623218 0.092643  0.083807 0.541147 1 38 1.000000
0  -7.046824 -36.528698 -11.255278  0.720542 -0.673373 -0.165496  0.163879 0.534217 1 38 1.000000
0  -6.999190 -36.465622 -11.304523  0.679403 -0.695557 -0.233691  0.166730 0.537840 1 38 1.000000
v_ic_base
0  -13.442198 -24.027832 -9.936812  -0.432834 0.896007 -0.099130  0.268662 0.028832 1 39 1.000000
0  -13.405813 -24.033714 -10.145829  -0.432080 0.896226 -0.100432  0.268663 0.044163 1 39 1.000000
0  -13.832474 -24.245363 -10.198930  -0.434027 0.895656 -0.097065  0.273211 0.042840 1 39 1.000000
v_ic_base
0  -10.398754 -33.603870 -5.345380  -0.129036 0.895172 0.426633  0.154623 0.615933 1 38 1.000000
0  -10.382078 -33.708782 -5.116075  -0.122487 0.899093 0.420272  0.141735 0.613800 1 38 1.000000
0  -10.117018 -33.679245 -5.102011  -0.130457 0.894309 0.428009  0.141735 0.599618 1 38 1.000000
v_ic_base
0  -10.270077 -22.588614 -6.991012  -0.873509 -0.070534 0.481670  0.632346 0.449565 1 38 1.000000
0  -9.155970 -34.740238 -6.743855  -0.872103 -0.070108 0.484274  0.265430 0.449565 1 38 1.000000
0  -8.633510 -35.004383 -5.841225  -0.872167 -0.070127 0.484157  0.254962 0.444868 1 38 1.000000
v_ic_base
0  -12.232774 -13.717856 -18.673534  -0.729152 0.650239 -0.213368  0.164792 0.810894 1 38 1.000000
0  -12.410499 -13.560677 -16.546474  -0.741454 0.669263 -0.048301  0.167546 0.870739 1 38 1.000000
0  -12.282842 -13.421663 -16.577297  -0.741874 0.667816 -0.060371  0.171787 0.869834 1 38 1.000000
v_ic_base
0  -12.061323 -15.116974 -14.411376  -0.937973 -0.078484 0.337709  0.110984 0.926929 1 38 1.000000
0  -12.211782 -13.605114 -14.524698  -0.928329 -0.064950 0.366041  0.162342 0.926929 1 38 1.000000
0  -12.412944 -13.573195 -15.029206  -0.981614 -0.087358 0.169715  0.164886 0.913136 1 38 1.000000
v_ic_ammo
0  -12.793191 -20.193291 -13.165729  0.129338 0.987336 -0.091864  0.596741 0.794335 1 42 1.000000
0  -12.786366 -19.989519 -12.218627  0.133809 0.936714 -0.323515  0.671826 0.778373 1 42 1.000000
0  -12.521088 -20.062330 -12.319725  0.074740 0.949799 -0.303803  0.667221 0.801181 1 42 1.000000
v_ic_base
0  -12.021035 -36.842194 -7.253492  0.083882 -0.996130 0.026238  0.057346 0.417139 1 38 1.000000
0  -11.384376 -36.766033 -6.397626  0.083891 -0.996130 0.026236  0.036478 0.433780 1 38 1.000000
0  -11.652623 -36.781235 -6.117032  0.083890 -0.996130 0.026236  0.029099 0.427545 1 38 1.000000
v_ic_ammo
0  -11.006788 -20.602079 -13.385018  0.594968 -0.023259 -0.803413  0.454380 0.442542 1 42 1.000000
0  -11.932300 -20.748404 -13.559708  -0.222142 -0.180489 -0.958163  0.454380 0.563812 1 42 1.000000
0  -11.961206 -20.386202 -13.596784  -0.226470 -0.117024 -0.966963  0.497289 0.554954 1 42 1.000000
v_ic_base
0  -10.112978 -24.226942 -13.348494  -0.129787 0.984867 0.114856  0.124583 0.122657 1 39 1.000000
0  -11.483727 -24.354673 -13.408362  -0.065360 0.990726 0.119119  0.124583 0.099722 1 39 1.000000
0  -11.465235 -24.394175 -13.067100  -0.060573 0.991165 0.117992  0.129734 0.099722 1 39 1.000000
v_ic_base
0  -10.398753 -31.256842 -5.010901  0.058053 -0.000440 -0.998313  0.167555 0.597484 1 38 1.000000
0  -10.375103 -31.514444 -5.009422  0.057998 -0.000408 -0.998317  0.154623 0.597484 1 38 1.000000
0  -10.550819 -31.537821 -5.019620  0.058032 -0.000428 -0.998315  0.154623 0.615933 1 38 1.000000
v_ic_base
0  -10.001415 -35.903397 -3.974970  -0.087519 0.994461 0.058208  0.087307 0.586811 1 38 1.000000
0  -10.133790 -35.914700 -3.980888  -0.087516 0.994460 0.058221  0.097086 0.586811 1 38 1.000000
0  -10.129607 -35.926460 -3.773682  -0.094683 0.993814 0.058039  0.096790 0.593726 1 38 1.000000
v_ic_base
0  -10.009133 -36.361046 -3.298724  0.033116 0.114878 -0.992827  0.108097 0.613589 1 38 1.000000
0  -10.054562 -35.948597 -3.253389  0.035073 0.113007 -0.992975  0.126277 0.615588 1 38 1.000000
0  -9.571278 -35.908325 -3.231735  0.032984 0.115004 -0.992817  0.124102 0.615395 1 38 1.000000
v_ic_ammo
0  -11.013795 -20.200802 -12.666342  -0.952640 -0.289047 0.094492  0.004878 0.318615 1 42 1.000000
0  -11.324917 -20.364058 -13.256987  -0.565502 0.019925 0.824506  0.004878 0.442542 1 42 1.000000
0  -10.973636 -21.611715 -12.985187  -0.577577 -0.125794 0.806586  0.122786 0.442542 1 42 1.000000
v_ic_ammo
0  -10.422937 -21.848085 -12.063376  -0.800732 -0.507981 -0.317463  0.224107 0.293643 1 42 1.000000
0  -10.723254 -21.754429 -11.461416  -0.801035 -0.505260 -0.321024  0.224107 0.221099 1 42 1.000000
0  -10.961246 -21.293097 -11.593661  -0.555646 -0.514408 -0.653179  0.123603 0.195457 1 42 1.000000
v_ic_ammo
0  -10.994645 -20.262392 -11.779226  0.573609 0.443110 0.688931  0.454380 0.195457 1 42 1.000000
0  -10.589494 -20.385784 -12.592629  0.965480 0.251911 -0.066249  0.454380 0.318615 1 42 1.000000
0  -10.710816 -20.048349 -12.696486  0.945802 0.309472 -0.098417  0.495573 0.315280 1 42 1.000000
v_ic_base
0  -16.424490 -19.486982 -3.746619  -0.252251 0.957752 -0.138134  0.922512 0.979393 1 41 1.000000
0  -14.405251 -19.344807 -6.708747  -0.268307 0.953523 -0.137134  0.922512 0.950153 1 41 1.000000
0  -16.517456 -20.102806 -7.846666  -0.258105 0.956243 -0.137774  0.941597 0.950153 1 41 1.000000
v_ic_base
0  -9.870850 -36.458023 -4.317505  0.153419 -0.987352 0.039978  0.078104 0.586744 1 38 1.000000
0  -9.902324 -36.454067 -4.066827  0.083875 -0.996131 0.026243  0.077777 0.597350 1 38 1.000000
0  -10.078093 -36.469074 -4.074684  0.083870 -0.996131 0.026246  0.070546 0.597350 1 38 1.000000
v_ic_base
0  -10.529111 -16.436796 -6.155185  0.131035 0.975721 0.175492  0.437889 0.923763 1 38 1.000000
0  -11.502936 -16.515821 -4.985296  0.134638 0.974792 0.177913  0.437889 0.978750 1 38 1.000000
0  -11.371002 -16.540712 -4.948762  0.134468 0.974836 0.177799  0.431378 0.972065 1 38 1.000000
v_ic_base
0  -10.218394 -36.559223 -12.992559  0.013715 -0.934945 -0.354529  0.021812 0.394407 1 38 1.000000
0  -11.411082 -36.646664 -12.499058  -0.137798 -0.947917 -0.287168  0.032628 0.394407 1 38 1.000000
0  -11.584715 -36.554527 -12.719872  -0.140670 -0.948147 -0.285006  0.028534 0.390341 1 38 1.000000
v_ic_base
0  -13.518669 -19.215633 -3.928980  0.116510 0.050274 0.991916  0.007176 0.959123 1 38 1.000000
0  -13.973649 -14.717106 -4.105298  0.117645 0.050770 0.991757  0.208798 0.959123 1 38 1.000000
0  -15.434346 -14.831942 -3.926147  0.117352 0.050642 0.991798  0.211434 0.996692 1 38 1.000000
v_ic_base
0  -10.436956 -10.999853 -12.920560  -0.035930 -0.041834 -0.998478  0.989434 0.161122 1 38 1.000000
0  -10.323719 -11.013846 -12.924048  -0.035915 -0.041832 -0.998479  0.989434 0.168373 1 38 1.000000
0  -9.508322 -19.052935 -12.616587  -0.037424 -0.042096 -0.998412  0.759457 0.168373 1 38 1.000000
v_ic_base
0  -10.012144 -38.222778 -10.434323  0.083886 -0.996130 0.026237  0.188211 0.901109 1 38 1.000000
0  -8.925619 -38.130001 -10.385761  0.083886 -0.996130 0.026238  0.207195 0.901109 1 38 1.000000
0  -9.093655 -38.128746 -9.800795  0.083885 -0.996130 0.026237  0.207195 0.919290 1 38 1.000000
v_ic_base
0  -9.262419 -36.159981 -5.164534  0.193331 0.084270 0.977508  0.175941 0.390341 1 38 1.000000
0  -9.303351 -35.843777 -5.183726  0.184140 0.083279 0.979366  0.175936 0.378778 1 38 1.000000
0  -9.736130 -35.878197 -5.183020  -0.003320 0.059901 0.998199  0.178858 0.378705 1 38 1.000000
v_ic_base
0  -12.056526 -10.025463 -7.599136  -0.069504 0.986815 0.146167  0.204025 0.416887 2 38 0.750000 44 0.250000
0  -13.005050 -10.129626 -7.642399  -0.159102 0.977021 0.141833  0.187131 0.416887 2 38 0.750000 44 0.250000
0  -13.134541 -10.283411 -6.727345  -0.195725 0.926650 0.320955  0.185306 0.412944 1 38 1.000000
v_ic_base
0  -11.201127 -36.848320 -10.107789  0.083888 -0.996130 0.026235  0.130256 0.433780 1 38 1.000000
0  -12.179655 -36.966988 -11.484681  0.083885 -0.996130 0.026235  0.163879 0.408129 1 38 1.000000
0  -11.341678 -36.920860 -12.412613  0.083887 -0.996130 0.026234  0.188226 0.427545 1 38 1.000000
v_ic_base
0  -10.014446 -34.618660 -5.029245  -0.124860 0.907254 0.401623  0.141752 0.599618 1 38 1.000000
0  -9.976279 -34.513477 -5.250671  -0.130223 0.904077 0.407046  0.154640 0.597484 1 38 1.000000
0  -10.303288 -34.549335 -5.275646  -0.123311 0.908158 0.400054  0.154640 0.615933 1 38 1.000000
v_ic_base
0  -11.683152 -34.990749 -7.604975  -0.372102 0.927697 0.030315  0.265449 0.384751 1 38 1.000000
0  -11.731874 -35.000763 -7.917250  -0.371953 0.927821 0.028257  0.265449 0.375778 1 38 1.000000
0  -12.727273 -35.406261 -7.705523  -0.372424 0.927407 0.034869  0.254981 0.370485 1 38 1.000000
v_ic_ammo
0  -12.662359 -20.526062 -12.094006  -0.894166 0.158026 0.418922  0.454380 0.810722 1 42 1.000000
0  -11.917157 -20.324823 -11.557318  -0.238162 0.389913 0.889520  0.454380 0.931075 1 42 1.000000
0  -11.947685 -19.986164 -11.733714  -0.242667 0.430833 0.869193  0.497289 0.924094 1 42 1.000000
v_ic_base
0  -9.855965 -36.459606 -4.425309  0.155545 -0.987174 0.035967  0.078455 0.582181 1 38 1.000000
0  -10.088914 -36.479500 -4.435721  0.008198 -0.999410 0.033348  0.069867 0.582181 1 38 1.000000
0  -10.107789 -36.495941 -4.999547  0.083893 -0.996129 0.026242  0.069091 0.561735 1 38 1.000000
v_ic_base
0  -10.762503 -29.434713 -5.572402  -0.144778 0.870722 0.469981  0.154623 0.615933 1 38 1.000000
0  -10.746714 -29.549410 -5.351432  -0.138065 0.874998 0.464022  0.141735 0.613800 1 38 1.000000
0  -10.502050 -29.517700 -5.338429  -0.145637 0.870168 0.470741  0.141735 0.599618 1 38 1.000000
v_ic_base
0  -22.410700 -18.958973 -3.563686  0.741934 0.048272 0.668734  0.838692 0.629126 1 41 1.000000
0  -22.961092 -19.018148 -3.051876  0.675321 0.069349 0.734256  0.839399 0.618883 1 41 1.000000
0  -22.936296 -19.346233 -3.043696  0.681675 0.074878 0.727814  0.847644 0.618883 1 41 1.000000
v_ic_ammo
0  -12.786366 -19.989519 -12.218627  0.133809 0.936714 -0.323515  0.671826 0.778373 1 42 1.000000
0  -11.993776 -19.774448 -11.648052  -0.047874 0.880157 -0.472263  0.732112 0.829839 1 42 1.000000
0  -11.923352 -19.900131 -11.889423  -0.065646 0.908388 -0.412942  0.711912 0.839511 1 42 1.000000
v_ic_base
0  -11.531810 -16.487675 -17.091385  -0.993440 -0.105742 -0.043533  0.080480 0.850307 1 40 1.000000
0  -11.506062 -16.714558 -17.127340  -0.993428 -0.105850 -0.043543  0.072839 0.849049 1 40 1.000000
0  -11.545795 -16.526491 -16.677950  -0.993435 -0.105580 -0.044051  0.078618 0.861844 1 40 1.000000
v_ic_base
0  -14.815177 -10.528080 -8.162326  -0.457498 0.880200 0.126268  0.141356 0.346622 1 38 1.000000
0  -14.143474 -10.415662 -7.258143  -0.342262 0.905440 0.251067  0.159612 0.346622 1 38 1.000000
0  -13.839595 -10.236919 -8.092814  -0.253670 0.960564 0.113877  0.142009 0.341039 2 38 0.750000 44 0.250000
v_ic_base
0  -11.982596 -18.537502 -13.899412  -0.967821 -0.122398 -0.219866  0.016368 0.938182 1 38 1.000000
0  -12.075191 -18.966612 -13.250384  -0.968484 -0.122332 -0.216965  0.001365 0.956039 1 38 1.000000
0  -12.938380 -11.119209 -13.821905  -0.969040 -0.114173 -0.218920  0.268217 0.948758 1 38 1.000000
v_ic_base
0  -10.064521 -34.171478 -5.064547  0.966015 0.120440 0.228710  0.201340 0.568985 1 38 1.000000
0  -10.117018 -33.679245 -5.102011  0.966038 0.120486 0.228590  0.220224 0.568985 1 38 1.000000
0  -10.179539 -33.562325 -4.898942  0.981037 0.112726 0.157670  0.224653 0.575260 1 38 1.000000
v_ic_base
0  -9.473712 -10.530530 -8.958901  0.840958 -0.519430 0.151597  0.119249 0.362822 1 38 1.000000
0  -9.822657 -10.514630 -7.749555  0.607251 -0.722380 0.330777  0.144856 0.362822 1 38 1.000000
0  -10.011464 -10.730733 -7.875441  0.619044 -0.711944 0.331542  0.142274 0.368571 1 38 1.000000
v_ic_ammo
0  -12.641600 -20.173660 -12.233343  -0.658301 -0.557769 0.505503  0.497289 0.821099 1 42 1.000000
0  -11.947685 -19.986164 -11.733714  -0.116961 -0.394163 0.911567  0.497289 0.924094 1 42 1.000000
0  -11.993776 -19.774448 -11.648052  -0.109808 -0.393404 0.912784  0.513297 0.931113 1 42 1.000000
v_ic_ammo
0  -11.099249 -20.251204 -13.433897  0.540696 -0.678859 -0.496788  0.497289 0.452146 1 42 1.000000
0  -11.961206 -20.386202 -13.596784  -0.111413 -0.768835 -0.629666  0.497289 0.554954 1 42 1.000000
0  -12.009111 -20.232321 -13.776171  -0.100977 -0.768172 -0.632231  0.513297 0.564988 1 42 1.000000
v_ic_base
0  -12.141658 -19.364731 -13.247762  -0.132168 0.974242 -0.182711  0.763940 0.063918 1 38 1.000000
0  -10.526660 -19.187378 -13.174096  -0.064141 0.983429 -0.169570  0.762458 0.102651 1 38 1.000000
0  -10.257363 -19.380224 -14.394395  -0.085267 0.980234 -0.178525  0.746501 0.108168 1 38 1.000000
v_ic_base
0  -11.028075 -18.231253 -13.818284  0.112276 -0.990755 -0.076152  0.134382 0.759388 1 38 1.000000
0  -11.790023 -18.314928 -13.853038  0.112276 -0.990755 -0.076152  0.120346 0.759388 1 38 1.000000
0  -11.607464 -17.915108 -18.785601  0.117000 -0.960450 -0.252679  0.120346 0.723178 1 38 1.000000
v_ic_ammo
0  -8.645645 -20.367254 -10.456572  0.125359 -0.991616 -0.031364  0.538306 0.853958 1 38 1.000000
0  -8.424695 -20.235662 -10.737015  0.139489 -0.706221 -0.694114  0.602784 0.811862 1 38 1.000000
0  -8.399426 -20.336218 -10.437136  0.124823 -0.992044 0.016377  0.578732 0.871517 1 38 1.000000
v_ic_ammo
0  -9.931238 -12.964686 -6.719186  -0.147249 -0.767305 -0.624148  0.174196 0.048492 1 38 1.000000
0  -9.813329 -12.853045 -6.830452  -0.367863 0.222770 -0.902801  0.209164 0.072765 1 38 1.000000
0  -9.839235 -13.012607 -6.752605  -0.620093 -0.630883 -0.466338  0.174197 0.072765 1 38 1.000000
v_ic_ammo
0  -7.460327 -24.927153 -10.437298  0.281827 0.636056 -0.718336  0.869816 0.959077 1 39 1.000000
0  -7.912515 -25.313873 -10.704490  0.255385 0.019498 -0.966643  0.839357 0.989164 1 39 1.000000
0  -7.928243 -24.822914 -10.528667  0.283793 0.634322 -0.719095  0.869816 0.989164 1 39 1.000000
v_ic_ammo
0  -8.229698 -14.202326 -8.584661  0.932921 0.262204 -0.246794  0.042436 0.218066 1 38 1.000000
0  -8.445040 -13.971081 -8.608409  0.289805 0.754290 -0.589117  0.005096 0.195399 1 38 1.000000
0  -8.297789 -14.003264 -8.443563  0.839208 0.540500 -0.059915  0.042436 0.195399 1 38 1.000000
v_ic_ammo
0  -10.593697 -25.190704 -13.617136  -0.656630 0.637050 -0.403738  0.936782 0.007150 1 39 1.000000
0  -10.036971 -25.054661 -13.899285  -0.073628 0.969355 -0.234371  0.903920 0.032574 1 39 1.000000
0  -10.389538 -25.259876 -14.064801  -0.708860 0.580906 -0.400083  0.936782 0.032574 1 39 1.000000
v_ic_ammo
0  -8.441999 -19.908880 -10.326899  0.944988 0.326946 0.010164  0.691435 0.876770 1 38 1.000000
0  -8.480762 -19.830496 -10.603148  0.940888 0.321786 -0.105755  0.721671 0.825656 1 38 1.000000
0  -8.469345 -19.830986 -10.270209  0.947107 0.319079 0.034300  0.726655 0.892497 1 38 1.000000
v_ic_ammo
0  -10.674748 -25.669857 -13.693968  -0.886261 -0.164820 -0.432869  0.967106 0.007150 1 39 1.000000
0  -10.389538 -25.259876 -14.064801  -0.708860 0.580906 -0.400083  0.936782 0.032574 1 39 1.000000
0  -10.469639 -25.647215 -14.133836  -0.882855 -0.181344 -0.433222  0.967106 0.032574 1 39 1.000000
v_ic_ammo
0  -8.155382 -22.386755 -10.120752  0.997478 -0.002863 0.070923  0.631652 0.898866 1 38 1.000000
0  -8.193903 -22.203577 -9.963855  0.977006 0.194676 0.086953  0.682148 0.934511 1 38 1.000000
0  -8.164431 -22.439602 -10.001991  0.995700 0.027159 0.088567  0.612254 0.926710 1 38 1.000000
v_ic_ammo
0  -8.555751 -21.394535 -10.716080  0.101032 -0.686555 -0.720024  0.589903 0.772089 1 38 1.000000
0  -8.330976 -21.130056 -10.789148  -0.022394 0.252684 -0.967290  0.668521 0.789412 1 38 1.000000
0  -8.300493 -21.361662 -10.705013  0.125355 -0.714809 -0.687992  0.602784 0.811862 1 38 1.000000
v_ic_ammo
0  -7.699162 -22.380581 -10.198246  0.260721 -0.962737 0.071841  0.078754 0.925594 1 38 1.000000
0  -7.483357 -22.245567 -10.294862  0.742949 -0.459977 -0.486260  0.042286 0.909602 1 38 1.000000
0  -7.518862 -22.304350 -10.114652  0.532064 -0.826751 0.182731  0.078754 0.909602 1 38 1.000000
v_ic_ammo
0  -9.959372 -12.764928 -6.283977  -0.062473 0.370468 0.926742  0.078959 0.048492 1 38 1.000000
0  -9.667764 -12.979855 -6.375070  0.176142 -0.562893 0.807543  0.115438 0.072765 1 38 1.000000
0  -9.599507 -12.812204 -6.359673  0.447975 0.318738 0.835299  0.078959 0.072765 1 38 1.000000
v_ic_ammo
0  -8.419983 -22.464867 -10.000683  0.069218 -0.610969 0.788623  0.572806 0.947237 1 38 1.000000
0  -8.166675 -22.568363 -10.292083  0.123260 -0.986298 0.109654  0.578732 0.871517 1 38 1.000000
0  -8.164431 -22.439602 -10.001991  0.067137 -0.607067 0.791810  0.612254 0.926710 1 38 1.000000
v_ic_ammo
0  -10.295783 -13.059655 -6.630666  0.047641 -0.975850 0.213183  0.148973 0.012291 1 38 1.000000
0  -9.931238 -12.964686 -6.719186  -0.147249 -0.767305 -0.624148  0.174196 0.048492 1 38 1.000000
0  -9.931648 -13.017229 -6.506989  -0.128326 -0.976741 0.171783  0.148972 0.048492 1 38 1.000000
v_ic_ammo
0  -8.664175 -20.032307 -10.055406  -0.005431 0.238849 0.971042  0.675449 0.976479 1 38 1.000000
0  -8.404116 -20.236544 -10.137078  0.073316 -0.706460 0.703945  0.612254 0.926710 1 38 1.000000
0  -8.435233 -20.011696 -10.062789  0.019187 0.239477 0.970712  0.682148 0.934511 1 38 1.000000
v_ic_ammo
0  -10.205577 -24.948221 -13.417129  -0.018868 0.978290 -0.206379  0.903920 0.007150 1 39 1.000000
0  -9.618472 -25.151779 -13.734248  0.573741 0.818969 0.010512  0.869816 0.032574 1 39 1.000000
0  -10.036971 -25.054661 -13.899285  -0.073628 0.969355 -0.234371  0.903920 0.032574 1 39 1.000000
v_ic_ammo
0  -8.299411 -21.119722 -10.019114  0.982808 0.157084 0.097016  0.682148 0.934511 1 38 1.000000
0  -8.263444 -21.292170 -10.199305  0.996018 -0.016051 0.087693  0.631652 0.898866 1 38 1.000000
0  -8.283693 -21.141756 -10.154881  0.980001 0.180257 0.084294  0.669537 0.900978 1 38 1.000000
v_ic_ammo
0  -10.366452 -12.695642 -6.604473  0.610818 0.446040 0.654179  0.736744 0.685949 1 38 1.000000
0  -10.207387 -12.636214 -6.846081  0.785166 0.373878 0.493690  0.750583 0.646594 1 38 1.000000
0  -10.425470 -12.620354 -6.601217  0.591184 0.438725 0.676773  0.755957 0.691393 1 38 1.000000
v_ic_ammo
0  -8.004666 -21.070770 -10.034757  -0.756782 -0.229337 0.612115  0.148892 0.901032 1 38 1.000000
0  -8.303443 -21.023138 -10.296939  -0.318433 0.913023 0.254929  0.174128 0.970239 1 38 1.000000
0  -8.283693 -21.141756 -10.154881  -0.424442 0.207262 0.881414  0.148892 0.970239 1 38 1.000000
v_ic_ammo
0  -9.166721 -25.582958 -15.397056  -0.425305 -0.086798 -0.900878  0.967106 0.220910 1 39 1.000000
0  -8.200495 -25.131269 -15.402820  0.017887 0.683786 -0.729464  0.936782 0.308299 1 39 1.000000
0  -8.114325 -25.419853 -15.543062  0.165847 0.028247 -0.985747  0.967106 0.308299 1 39 1.000000
v_ic_ammo
0  -8.344157 -20.940634 -10.581799  0.944306 0.305291 -0.122816  0.721671 0.825656 1 38 1.000000
0  -8.303443 -21.023138 -10.296939  0.956116 0.292824 0.009795  0.691435 0.876770 1 38 1.000000
0  -8.307820 -21.025635 -10.518501  0.935864 0.338942 -0.096311  0.688196 0.842003 1 38 1.000000
v_ic_ammo
0  -8.427526 -20.027590 -10.687334  0.245034 0.319225 -0.915453  0.236831 0.970239 1 38 1.000000
0  -8.051079 -19.861549 -10.400801  -0.125865 0.942587 -0.309334  0.209092 0.925620 1 38 1.000000
0  -7.940352 -19.970621 -10.549353  0.275391 0.267830 -0.923270  0.236831 0.925620 1 38 1.000000
v_ic_ammo
0  -8.330976 -21.130056 -10.789148  0.958827 0.160031 -0.234609  0.668521 0.789412 1 38 1.000000
0  -8.307820 -21.025635 -10.518501  0.935864 0.338942 -0.096311  0.688196 0.842003 1 38 1.000000
0  -8.293527 -21.147369 -10.652728  0.951051 0.194106 -0.240467  0.663530 0.821169 1 38 1.000000
v_ic_ammo
0  -8.039100 -20.128294 -10.102049  -0.119872 -0.727572 0.675478  0.115225 0.925594 1 38 1.000000
0  -7.774353 -20.120646 -10.198958  0.541381 -0.817169 0.197840  0.078754 0.909602 1 38 1.000000
0  -7.943080 -20.104380 -10.061440  0.024922 -0.825584 0.563728  0.115225 0.909602 1 38 1.000000
v_ic_ammo
0  -7.762293 -18.947838 -8.440583  0.965061 0.090483 -0.245905  0.042286 0.530100 1 38 1.000000
0  -7.705656 -19.971251 -8.192477  0.781180 0.091293 0.617594  0.078754 0.625072 1 38 1.000000
0  -7.657825 -19.974634 -8.413954  0.964765 0.094101 -0.245711  0.042286 0.625072 1 38 1.000000
v_ic_ammo
0  -9.379114 -12.804966 -6.685474  0.619858 0.784044 0.032422  0.042436 0.097112 1 38 1.000000
0  -9.716242 -12.710511 -6.724860  0.072580 0.881667 -0.466257  0.005096 0.072765 1 38 1.000000
0  -9.621083 -12.692335 -6.515345  0.351181 0.911054 0.215991  0.042436 0.072765 1 38 1.000000
v_ic_ammo
0  -7.518862 -22.304350 -10.114652  0.532064 -0.826751 0.182731  0.078754 0.909602 1 38 1.000000
0  -7.414279 -22.141289 -10.200445  0.970339 -0.019287 -0.240979  0.042286 0.895117 1 38 1.000000
0  -7.460801 -22.216322 -10.021276  0.742606 -0.584749 0.326505  0.078754 0.895117 1 38 1.000000
v_ic_ammo
0  -5.338435 -25.025713 -12.190289  0.946430 0.219528 -0.236806  0.967106 0.640945 1 39 1.000000
0  -7.306437 -25.012894 -14.972069  0.367821 0.764291 -0.529686  0.936782 0.391175 1 39 1.000000
0  -5.503291 -24.777950 -12.152910  0.572922 0.803725 -0.160582  0.936782 0.640945 1 39 1.000000
v_ic_ammo
0  -8.396478 -20.176775 -10.638395  0.300601 -0.594784 -0.745567  0.042286 0.970239 1 38 1.000000
0  -7.940352 -19.970621 -10.549353  0.275391 0.267830 -0.923270  0.005096 0.925594 1 38 1.000000
0  -7.866058 -20.102552 -10.468909  0.431504 -0.653577 -0.621805  0.042286 0.925594 1 38 1.000000
v_ic_ammo
0  -7.773133 -19.919228 -10.464726  0.531076 0.339213 -0.776462  0.236831 0.909602 1 38 1.000000
0  -7.965663 -19.787331 -10.324380  -0.329734 0.783833 -0.526194  0.209092 0.895117 1 38 1.000000
0  -7.748366 -19.804527 -10.337181  0.537012 0.678569 -0.501162  0.236831 0.895117 1 38 1.000000
v_ic_ammo
0  -7.739069 -20.013376 -10.068289  0.672014 -0.634282 0.382208  0.078754 0.895117 1 38 1.000000
0  -7.943080 -20.104380 -10.061440  0.024922 -0.825584 0.563728  0.115225 0.909602 1 38 1.000000
0  -7.774353 -20.120646 -10.198958  0.541381 -0.817169 0.197840  0.078754 0.909602 1 38 1.000000
v_ic_ammo
0  -7.844832 -20.946468 -10.340660  -0.089992 0.801835 -0.590731  0.209092 0.909602 1 38 1.000000
0  -7.860067 -21.087387 -10.512717  0.289750 0.265335 -0.919588  0.236831 0.925620 1 38 1.000000
0  -7.962878 -20.970877 -10.373031  -0.043759 0.925410 -0.376433  0.209092 0.925620 1 38 1.000000
v_ic_ammo
0  -8.103634 -19.990454 -10.075027  -0.718859 -0.238448 0.652982  0.148892 0.901032 1 38 1.000000
0  -7.943080 -20.104380 -10.061440  0.024922 -0.825584 0.563728  0.115225 0.909602 1 38 1.000000
0  -7.954070 -20.047760 -9.989079  -0.125931 -0.846190 0.517788  0.115225 0.895117 1 38 1.000000
v_ic_ammo
0  -9.933420 -26.241234 -13.396597  0.275693 -0.937702 -0.211444  0.967106 0.007150 1 39 1.000000
0  -10.230355 -25.989779 -14.065952  -0.464457 -0.799596 -0.380692  0.996434 0.032574 1 39 1.000000
0  -9.811856 -26.086897 -13.900912  0.217806 -0.948597 -0.229616  0.967106 0.032574 1 39 1.000000
v_ic_ammo
0  -7.910452 -18.970835 -8.614941  0.410236 0.015436 -0.911849  0.005096 0.530100 1 38 1.000000
0  -7.657825 -19.974634 -8.413954  0.964765 0.094101 -0.245711  0.042286 0.625072 1 38 1.000000
0  -7.806009 -19.997377 -8.588316  0.409168 0.021148 -0.912214  0.005096 0.625071 1 38 1.000000
v_ic_ammo
0  -8.386054 -20.177698 -10.238714  0.989763 -0.048097 0.134368  0.631652 0.898866 1 38 1.000000
0  -8.435233 -20.011696 -10.062789  0.969081 0.198078 0.147128  0.682148 0.934511 1 38 1.000000
0  -8.404116 -20.236544 -10.137078  0.985759 -0.026589 0.166049  0.612254 0.926710 1 38 1.000000
v_ic_ammo
0  -7.988212 -21.212763 -8.315516  -0.606599 -0.628633 0.486680  0.148892 0.756860 1 38 1.000000
0  -7.802755 -20.994471 -8.085609  0.070938 -0.281694 0.956878  0.115225 0.727434 1 38 1.000000
0  -8.018193 -21.007763 -8.171624  -0.670241 -0.300062 0.678778  0.148892 0.727434 1 38 1.000000
v_ic_ammo
0  -9.459291 -25.881681 -13.735397  0.382530 0.084872 -0.920037  0.936782 0.032574 1 39 1.000000
0  -9.841594 -25.950541 -13.900698  0.382520 0.084865 -0.920042  0.967106 0.050582 1 39 1.000000
0  -9.582175 -25.799541 -13.778912  0.382532 0.084873 -0.920036  0.936782 0.050582 1 39 1.000000
v_ic_ammo
0  -5.743686 -25.498308 -11.102722  0.265411 -0.963534 0.034056  0.967106 0.741247 1 39 1.000000
0  -5.975439 -25.409119 -11.999515  -0.448170 -0.885695 0.121193  0.936782 0.640944 1 39 1.000000
0  -5.647504 -25.472427 -12.081838  0.233043 -0.972099 -0.026729  0.967106 0.640945 1 39 1.000000
v_ic_ammo
0  -8.180502 -20.030762 -8.404858  -0.973134 -0.103054 -0.205889  0.174128 0.625071 1 38 1.000000
0  -8.229317 -18.989086 -8.211825  -0.760350 -0.056986 0.647010  0.148892 0.530100 1 38 1.000000
0  -8.284974 -19.003912 -8.431492  -0.973038 -0.104164 -0.205784  0.174128 0.530100 1 38 1.000000
v_ic_ammo
0  -6.169013 -24.835993 -11.227077  -0.691994 0.689277 -0.214572  0.869816 0.741247 1 39 1.000000
0  -6.606123 -25.228167 -10.744270  -0.578222 -0.149593 -0.802048  0.839357 0.847358 1 39 1.000000
0  -6.583928 -24.905029 -10.611980  -0.476581 0.734074 -0.483742  0.869816 0.847358 1 39 1.000000
v_ic_ammo
0  -9.826064 -25.630564 -14.782186  -0.744148 -0.169109 -0.646255  0.967106 0.155765 1 39 1.000000
0  -9.165369 -25.300377 -15.288450  -0.406707 0.581949 -0.704220  0.936782 0.220910 1 39 1.000000
0  -9.166721 -25.582958 -15.397056  -0.425305 -0.086798 -0.900878  0.967106 0.220910 1 39 1.000000
v_ic_ammo
0  -10.351439 -12.657879 -6.990487  0.229948 0.901806 -0.365882  0.776471 0.646108 1 38 1.000000
0  -10.425470 -12.620354 -6.601217  -0.292167 0.943808 0.154481  0.755957 0.691393 1 38 1.000000
0  -10.207387 -12.636214 -6.846081  0.219364 0.910214 -0.351270  0.750583 0.646594 1 38 1.000000
v_ic_ammo
0  -6.393817 -25.515114 -10.627823  -0.249572 -0.869529 -0.426184  0.936782 0.847358 1 39 1.000000
0  -7.345073 -25.725737 -10.031684  0.146134 -0.986670 0.071607  0.967106 0.933097 1 39 1.000000
0  -7.390253 -25.614323 -10.314954  -0.140258 -0.756845 -0.638367  0.936782 0.933097 1 39 1.000000
v_ic_ammo
0  -10.428313 -12.978500 -6.488434  -0.243319 -0.530343 0.812116  0.115438 0.012291 1 38 1.000000
0  -9.931648 -13.017229 -6.506989  -0.128326 -0.976741 0.171783  0.148972 0.048492 1 38 1.000000
0  -9.944168 -12.928329 -6.313302  -0.070240 -0.543049 0.836758  0.115438 0.048492 1 38 1.000000
v_ic_ammo
0  -7.869153 -18.888577 -8.551338  0.544449 0.757160 -0.360950  0.005096 0.727434 1 38 1.000000
0  -7.659501 -19.942030 -10.235393  0.997462 -0.041749 -0.057672  0.042286 0.895117 1 38 1.000000
0  -7.748366 -19.804527 -10.337181  0.537012 0.678569 -0.501162  0.005096 0.895117 1 38 1.000000
v_ic_ammo
0  -8.700135 -19.845598 -10.595290  -0.076547 0.938380 -0.337022  0.764547 0.821551 1 38 1.000000
0  -8.469345 -19.830986 -10.270209  -0.041009 0.934771 0.352876  0.726655 0.892497 1 38 1.000000
0  -8.480762 -19.830496 -10.603148  -0.070646 0.934288 -0.349449  0.721671 0.825656 1 38 1.000000
v_ic_ammo
0  -10.266652 -25.342014 -14.021287  -0.667440 0.605352 -0.433673  0.936782 0.054197 1 39 1.000000
0  -9.544220 -25.183420 -14.663381  -0.165663 0.974741 -0.149783  0.903920 0.155765 1 39 1.000000
0  -9.771560 -25.343075 -14.759127  -0.637653 0.537926 -0.551393  0.936782 0.155765 1 39 1.000000
v_ic_ammo
0  -7.413987 -24.897602 -10.058086  0.988822 0.078233 -0.126930  0.903920 0.940064 1 39 1.000000
0  -7.460327 -24.927153 -10.437298  0.988821 0.078235 -0.126932  0.869816 0.959077 1 39 1.000000
0  -7.426359 -24.748926 -10.062826  0.988822 0.078233 -0.126929  0.903920 0.959077 1 39 1.000000
v_ic_ammo
0  -8.572474 -20.957668 -10.209819  -0.050322 0.931789 0.359496  0.756634 0.920999 1 38 1.000000
0  -8.299411 -21.119722 -10.019114  0.057983 0.290041 0.955256  0.682148 0.934511 1 38 1.000000
0  -8.330111 -20.936035 -10.239100  -0.044379 0.945040 0.323929  0.726655 0.892497 1 38 1.000000
v_ic_ammo
0  -10.673612 -13.055376 -6.586033  -0.486018 -0.634850 0.600626  0.649637 0.733173 1 38 1.000000
0  -10.321555 -13.148333 -6.638047  0.033592 -0.992014 0.121575  0.649662 0.680774 1 38 1.000000
0  -10.517025 -13.031041 -6.434383  -0.492829 -0.618972 0.611550  0.673389 0.720429 1 38 1.000000
v_ic_ammo
0  -7.576139 -21.159187 -10.333179  0.797586 -0.443984 -0.408332  0.042286 0.909602 1 38 1.000000
0  -7.634532 -20.928329 -10.312980  0.521343 0.662886 -0.537386  0.005096 0.895117 1 38 1.000000
0  -7.534572 -21.065075 -10.218246  0.993394 -0.062598 -0.096177  0.042286 0.895117 1 38 1.000000
v_ic_ammo
0  -9.523236 -25.514538 -13.728114  0.382520 0.084870 -0.920041  0.839357 0.050582 1 39 1.000000
0  -9.618472 -25.151779 -13.734248  0.382521 0.084862 -0.920041  0.869816 0.032574 1 39 1.000000
0  -9.379188 -25.494343 -13.666362  0.382521 0.084870 -0.920041  0.839357 0.032574 1 39 1.000000
v_ic_ammo
0  -8.688704 -19.845966 -10.255939  -0.048972 0.930101 0.364024  0.756634 0.920999 1 38 1.000000
0  -8.435233 -20.011696 -10.062789  0.019187 0.239477 0.970712  0.682148 0.934511 1 38 1.000000
0  -8.469345 -19.830986 -10.270209  -0.041009 0.934771 0.352876  0.726655 0.892497 1 38 1.000000
v_ic_ammo
0  -7.320079 -25.594599 -9.756146  0.988821 0.078238 -0.126929  0.996434 0.940064 1 39 1.000000
0  -7.312094 -25.292715 -9.507872  0.988820 0.078239 -0.126938  0.967106 0.959077 1 39 1.000000
0  -7.298733 -25.696186 -9.652472  0.988821 0.078238 -0.126930  0.996434 0.959084 1 39 1.000000
v_ic_ammo
0  -8.712057 -14.310769 -8.388989  -0.798961 -0.234696 0.553696  0.148973 0.218066 1 38 1.000000
0  -8.527860 -14.182674 -8.218824  0.108144 -0.638976 0.761587  0.115438 0.195399 1 38 1.000000
0  -8.732003 -14.194476 -8.328689  -0.649316 -0.651446 0.392437  0.148973 0.195399 1 38 1.000000
v_ic_ammo
0  -7.835160 -21.161184 -9.965796  -0.120945 -0.826449 0.549867  0.115225 0.895117 1 38 1.000000
0  -7.762852 -20.074635 -8.197502  0.549634 -0.704550 0.448900  0.078754 0.727434 1 38 1.000000
0  -7.974332 -20.120556 -8.170880  -0.081829 -0.867692 0.490321  0.115225 0.727434 1 38 1.000000
v_ic_ammo
0  -7.913483 -19.989780 -8.090664  0.016357 0.019386 0.999678  0.115225 0.625071 1 38 1.000000
0  -7.810158 -18.944117 -8.219119  0.781095 0.098386 0.616613  0.078754 0.530100 1 38 1.000000
0  -8.018003 -18.962473 -8.117311  0.014624 0.032974 0.999349  0.115225 0.530100 1 38 1.000000
v_ic_ammo
0  -7.657825 -19.974634 -8.413954  0.964765 0.094101 -0.245711  0.042286 0.625072 1 38 1.000000
0  -7.600182 -20.956507 -8.188950  0.775639 -0.120673 0.619534  0.078754 0.727434 1 38 1.000000
0  -7.563013 -20.922455 -8.403823  0.972132 0.148526 -0.181382  0.042286 0.727434 1 38 1.000000
v_ic_ammo
0  -10.428313 -12.978500 -6.488434  -0.243319 -0.530343 0.812116  0.115438 0.012291 1 38 1.000000
0  -9.959372 -12.764928 -6.283977  -0.062473 0.370468 0.926742  0.078959 0.048492 1 38 1.000000
0  -10.459764 -12.816499 -6.476779  -0.375269 0.336200 0.863795  0.078959 0.012291 1 38 1.000000
v_ic_ammo
0  -10.211360 -12.852386 -7.111327  0.695355 0.164756 -0.699526  0.725543 0.601428 1 38 1.000000
0  -10.207387 -12.636214 -6.846081  0.219364 0.910214 -0.351270  0.750583 0.646594 1 38 1.000000
0  -10.073242 -12.831706 -6.968202  0.696561 0.171554 -0.696687  0.710045 0.623876 1 38 1.000000
v_ic_ammo
0  -8.271329 -21.296669 -10.598546  0.331880 -0.616831 -0.713706  0.042286 0.970239 1 38 1.000000
0  -7.860067 -21.087387 -10.512717  0.289750 0.265335 -0.919588  0.005096 0.925594 1 38 1.000000
0  -7.789061 -21.219744 -10.431598  0.407237 -0.667576 -0.623298  0.042286 0.925594 1 38 1.000000
v_ic_ammo
0  -7.368809 -25.009018 -9.774816  0.988821 0.078235 -0.126935  0.936782 0.940064 1 39 1.000000
0  -7.426359 -24.748926 -10.062826  0.988822 0.078233 -0.126929  0.903920 0.959077 1 39 1.000000
0  -7.364959 -24.900347 -9.677846  0.988821 0.078236 -0.126935  0.936782 0.959077 1 39 1.000000
v_ic_ammo
0  -8.176743 -22.233778 -10.095869  -0.340859 0.348367 0.873187  0.148892 0.970239 1 38 1.000000
0  -7.796467 -22.300869 -10.013104  -0.082019 -0.691211 0.717984  0.115225 0.925594 1 38 1.000000
0  -7.840137 -22.177105 -9.975917  -0.654219 -0.322137 0.684270  0.148892 0.901032 1 38 1.000000
v_ic_ammo
0  -7.843032 -21.188648 -10.002017  -0.098481 -0.816414 0.569007  0.115225 0.909602 1 38 1.000000
0  -7.625620 -21.134974 -10.040626  0.640045 -0.657755 0.397115  0.078754 0.895117 1 38 1.000000
0  -7.835160 -21.161184 -9.965796  -0.120945 -0.826449 0.549867  0.115225 0.895117 1 38 1.000000
v_ic_ammo
0  -8.204334 -22.126554 -10.253209  0.946470 0.321243 -0.031587  0.691435 0.876770 1 38 1.000000
0  -8.252049 -22.067602 -10.546974  0.947770 0.281282 -0.150373  0.721671 0.825656 1 38 1.000000
0  -8.232897 -22.038023 -10.206396  0.948251 0.317277 -0.012460  0.726655 0.892497 1 38 1.000000
v_ic_ammo
0  -8.378924 -14.175835 -8.760080  0.395215 0.331648 -0.856630  0.236935 0.218066 1 38 1.000000
0  -8.143065 -18.995790 -8.610894  -0.438886 -0.069619 -0.895842  0.209092 0.530100 1 38 1.000000
0  -8.617497 -14.203113 -8.766727  -0.380425 0.206438 -0.901477  0.209164 0.218066 1 38 1.000000
v_ic_ammo
0  -8.076984 -25.712189 -15.400512  0.232835 -0.636422 -0.735360  0.996434 0.308299 1 39 1.000000
0  -7.167204 -25.273508 -15.053510  0.649002 0.155889 -0.744644  0.967106 0.391175 1 39 1.000000
0  -7.173404 -25.563580 -14.980686  0.605035 -0.547206 -0.578358  0.996434 0.391175 1 39 1.000000
v_ic_ammo
0  -6.195833 -25.451685 -10.135389  0.539781 -0.534543 0.650308  0.996434 0.847358 1 39 1.000000
0  -7.329911 -25.297724 -9.649749  0.332152 0.055987 0.941563  0.967106 0.933097 1 39 1.000000
0  -7.320079 -25.594599 -9.756146  0.320998 -0.625589 0.711055  0.996434 0.933097 1 39 1.000000
v_ic_ammo
0  -9.692240 -25.876957 -14.716064  -0.443826 -0.798683 -0.406355  0.996434 0.155765 1 39 1.000000
0  -9.166721 -25.582958 -15.397056  -0.425305 -0.086798 -0.900878  0.967106 0.220910 1 39 1.000000
0  -9.037576 -25.842432 -15.297911  -0.224768 -0.717174 -0.659652  0.996434 0.220910 1 39 1.000000
v_ic_ammo
0  -7.446966 -25.330627 -10.581899  0.254816 -0.037701 -0.966254  0.839357 0.959077 1 39 1.000000
0  -7.840323 -25.790396 -10.499373  0.238119 -0.638341 -0.731998  0.802855 0.989164 1 39 1.000000
0  -7.912515 -25.313873 -10.704490  0.255385 0.019498 -0.966643  0.839357 0.989164 1 39 1.000000
v_ic_ammo
0  -7.719240 -20.917957 -8.568429  0.372640 0.346007 -0.861057  0.236831 0.727434 1 38 1.000000
0  -8.038622 -20.022356 -8.584270  -0.438928 -0.065648 -0.896121  0.209092 0.625071 1 38 1.000000
0  -7.806009 -19.997377 -8.588316  0.409168 0.021148 -0.912214  0.236831 0.625071 1 38 1.000000
v_ic_ammo
0  -6.165082 -25.160946 -11.962118  -0.948639 -0.220424 0.226931  0.839357 0.640944 1 39 1.000000
0  -7.731863 -25.084057 -14.565641  -0.563688 0.643400 0.517969  0.869816 0.391175 1 39 1.000000
0  -7.753456 -25.374136 -14.485776  -0.665351 -0.167548 0.727486  0.839357 0.391175 1 39 1.000000
v_ic_ammo
0  -8.158127 -19.975391 -8.444191  -0.942520 0.249510 -0.222263  0.174128 0.727434 1 38 1.000000
0  -7.850996 -20.909597 -10.300331  -0.279512 0.754628 -0.593642  0.209092 0.895117 1 38 1.000000
0  -8.009613 -20.956091 -10.185902  -0.576753 0.815560 -0.047083  0.174128 0.901032 1 38 1.000000
v_ic_ammo
0  -7.332701 -25.874414 -10.026944  0.227814 -0.972651 0.045294  0.967106 0.959091 1 39 1.000000
0  -7.704006 -25.755548 -9.579703  0.225228 -0.662283 0.714601  0.996434 0.989164 1 39 1.000000
0  -7.753956 -25.973341 -10.033473  0.227674 -0.973111 -0.034917  0.967106 0.989164 1 39 1.000000
v_ic_ammo
0  -5.831223 -24.714642 -12.070587  -0.089626 0.995889 -0.013156  0.903920 0.640945 1 39 1.000000
0  -7.731863 -25.084057 -14.565641  -0.563688 0.643400 0.517969  0.869816 0.391175 1 39 1.000000
0  -6.105348 -24.873285 -11.991559  -0.753823 0.641247 0.143362  0.869816 0.640945 1 39 1.000000
v_ic_ammo
0  -7.810158 -18.944117 -8.219119  0.781095 0.098386 0.616613  0.078754 0.530100 1 38 1.000000
0  -8.496854 -14.310692 -8.286383  0.008546 -0.225381 0.974233  0.115438 0.218066 1 38 1.000000
0  -8.018003 -18.962473 -8.117311  0.014624 0.032974 0.999349  0.115225 0.530100 1 38 1.000000
v_ic_ammo
0  -6.352531 -24.904459 -10.120618  0.322047 0.693934 0.644005  0.936782 0.847358 1 39 1.000000
0  -7.413987 -24.897602 -10.058086  -0.090174 0.995650 0.023447  0.903920 0.933097 1 39 1.000000
0  -7.368809 -25.009018 -9.774816  0.177843 0.694950 0.696718  0.936782 0.933097 1 39 1.000000
v_ic_ammo
0  -7.394101 -25.722992 -10.411925  0.238819 -0.704269 -0.668558  0.936782 0.959091 1 39 1.000000
0  -7.753956 -25.973341 -10.033473  0.227674 -0.973111 -0.034917  0.967106 0.989164 1 39 1.000000
0  -7.840323 -25.790396 -10.499373  0.238119 -0.638341 -0.731998  0.936782 0.989164 1 39 1.000000
v_ic_ammo
0  -6.165082 -25.160946 -11.962118  -0.948639 -0.220424 0.226931  0.839357 0.640944 1 39 1.000000
0  -7.598830 -25.634739 -14.574259  -0.312096 -0.827504 0.466725  0.802855 0.391175 1 39 1.000000
0  -5.975439 -25.409119 -11.999515  -0.448170 -0.885695 0.121193  0.802855 0.640944 1 39 1.000000
v_ic_ammo
0  -7.665854 -22.246359 -9.942908  0.048110 -0.823441 0.565359  0.115225 0.895117 1 38 1.000000
0  -7.576760 -21.164696 -8.341484  0.795415 -0.412481 0.444045  0.078754 0.756860 1 38 1.000000
0  -7.774316 -21.220615 -8.245595  0.122648 -0.711109 0.692302  0.115225 0.756860 1 38 1.000000
v_ic_ammo
0  -8.589062 -20.961607 -10.559737  -0.111572 0.932816 -0.342646  0.764547 0.821551 1 38 1.000000
0  -8.330111 -20.936035 -10.239100  -0.044379 0.945040 0.323929  0.726655 0.892497 1 38 1.000000
0  -8.344157 -20.940634 -10.581799  -0.103389 0.923355 -0.369764  0.721671 0.825656 1 38 1.000000
v_ic_ammo
0  -8.265358 -25.438223 -14.771148  -0.233358 -0.046452 0.971281  0.839357 0.308299 1 39 1.000000
0  -8.969488 -25.254272 -14.868845  0.184096 0.825270 0.533890  0.869816 0.220910 1 39 1.000000
0  -8.837422 -25.520008 -14.757560  0.432478 0.088498 0.897291  0.839357 0.220910 1 39 1.000000
v_ic_ammo
0  -9.621083 -12.692335 -6.515345  0.351181 0.911054 0.215991  0.042436 0.072765 1 38 1.000000
0  -9.354773 -12.921995 -6.534379  0.767589 0.141096 0.625219  0.078959 0.097112 1 38 1.000000
0  -9.379114 -12.804966 -6.685474  0.619858 0.784044 0.032422  0.042436 0.097112 1 38 1.000000
v_ic_ammo
0  -8.581619 -21.156033 -10.785045  -0.052831 0.268467 -0.961839  0.697607 0.755484 1 38 1.000000
0  -8.344157 -20.940634 -10.581799  -0.103389 0.923355 -0.369764  0.721671 0.825656 1 38 1.000000
0  -8.330976 -21.130056 -10.789148  -0.022394 0.252684 -0.967290  0.668521 0.789412 1 38 1.000000
v_ic_ammo
0  -7.748366 -19.804527 -10.337181  0.537012 0.678569 -0.501162  0.236831 0.895117 1 38 1.000000
0  -8.085756 -18.865000 -8.563234  -0.250691 0.852364 -0.458944  0.209092 0.727434 1 38 1.000000
0  -7.869153 -18.888577 -8.551338  0.544449 0.757160 -0.360950  0.236831 0.727434 1 38 1.000000
v_ic_ammo
0  -7.736311 -22.011120 -10.263542  -0.421393 0.672743 -0.608149  0.209092 0.895117 1 38 1.000000
0  -8.057381 -21.147051 -8.498595  -0.988598 -0.086259 -0.123421  0.174128 0.756860 1 38 1.000000
0  -7.929738 -21.072964 -8.656967  -0.513978 0.610277 -0.602817  0.209092 0.756859 1 38 1.000000
v_ic_ammo
0  -7.962878 -20.970877 -10.373031  -0.043759 0.925410 -0.376433  0.209092 0.925620 1 38 1.000000
0  -8.293527 -21.147369 -10.652728  0.281343 0.258303 -0.924189  0.236831 0.970239 1 38 1.000000
0  -8.307820 -21.025635 -10.518501  0.031972 0.891266 -0.452353  0.209092 0.970239 1 38 1.000000
v_ic_ammo
0  -7.659501 -19.942030 -10.235393  0.997462 -0.041749 -0.057672  0.042286 0.895117 1 38 1.000000
0  -7.774353 -20.120646 -10.198958  0.541381 -0.817169 0.197840  0.078754 0.909602 1 38 1.000000
0  -7.694180 -20.041725 -10.378094  0.830091 -0.393887 -0.394718  0.042286 0.909602 1 38 1.000000
v_ic_ammo
0  -10.218643 -12.706940 -6.775362  0.762941 0.390251 0.515389  0.733213 0.658200 1 38 1.000000
0  -10.073242 -12.831706 -6.968202  0.880540 0.132235 0.455152  0.710045 0.623876 1 38 1.000000
0  -10.207387 -12.636214 -6.846081  0.785166 0.373878 0.493690  0.750583 0.646594 1 38 1.000000
v_ic_ammo
0  -7.774316 -21.220615 -8.245595  0.122648 -0.711109 0.692302  0.115225 0.756860 1 38 1.000000
0  -7.600182 -20.956507 -8.188950  0.775639 -0.120673 0.619534  0.078754 0.727434 1 38 1.000000
0  -7.802755 -20.994471 -8.085609  0.070938 -0.281694 0.956878  0.115225 0.727434 1 38 1.000000
v_ic_ammo
0  -7.748366 -19.804527 -10.337181  0.537012 0.678569 -0.501162  0.005096 0.895117 1 38 1.000000
0  -7.694180 -20.041725 -10.378094  0.830091 -0.393887 -0.394718  0.042286 0.909602 1 38 1.000000
0  -7.773133 -19.919228 -10.464726  0.531076 0.339213 -0.776462  0.005096 0.909602 1 38 1.000000
v_ic_ammo
0  -7.806009 -19.997377 -8.588316  0.409168 0.021148 -0.912214  0.236831 0.625071 1 38 1.000000
0  -8.143065 -18.995790 -8.610894  -0.438886 -0.069619 -0.895842  0.209092 0.530100 1 38 1.000000
0  -7.910452 -18.970835 -8.614941  0.410236 0.015436 -0.911849  0.236831 0.530100 1 38 1.000000
v_ic_ammo
0  -7.625620 -21.134974 -10.040626  0.640045 -0.657755 0.397115  0.078754 0.895117 1 38 1.000000
0  -7.669015 -19.972588 -8.340273  0.991714 -0.066713 0.109783  0.042286 0.727434 1 38 1.000000
0  -7.762852 -20.074635 -8.197502  0.549634 -0.704550 0.448900  0.078754 0.727434 1 38 1.000000
v_ic_ammo
0  -10.161971 -12.998856 -6.796369  0.845210 -0.147873 0.513570  0.680264 0.653752 1 38 1.000000
0  -10.321555 -13.148333 -6.638047  0.710728 -0.256956 0.654858  0.649662 0.680774 1 38 1.000000
0  -10.124052 -13.059622 -6.875617  0.861384 -0.106929 0.496571  0.664422 0.638005 1 38 1.000000
v_ic_ammo
0  -8.155090 -20.076881 -8.280836  -0.738007 -0.612250 0.283717  0.148892 0.727434 1 38 1.000000
0  -8.009613 -20.956091 -10.185902  -0.576753 0.815560 -0.047083  0.174128 0.901032 1 38 1.000000
0  -8.004666 -21.070770 -10.034757  -0.756782 -0.229337 0.612115  0.148892 0.901032 1 38 1.000000
v_ic_ammo
0  -8.217379 -22.145832 -10.474290  0.034880 0.854737 -0.517889  0.209092 0.970239 1 38 1.000000
0  -7.870644 -22.067520 -10.126597  -0.653976 0.756422 0.011916  0.174128 0.901032 1 38 1.000000
0  -7.840523 -22.075884 -10.335235  -0.106189 0.924009 -0.367330  0.209092 0.925620 1 38 1.000000
v_ic_ammo
0  -6.583928 -24.905029 -10.611980  -0.476581 0.734074 -0.483742  0.869816 0.847358 1 39 1.000000
0  -7.429150 -25.325617 -10.440021  -0.328984 -0.057860 -0.942561  0.839357 0.933097 1 39 1.000000
0  -7.438981 -25.028742 -10.333623  -0.299534 0.669384 -0.679856  0.869816 0.933097 1 39 1.000000
v_ic_ammo
0  -9.621083 -12.692335 -6.515345  0.351181 0.911054 0.215991  0.042436 0.072765 1 38 1.000000
0  -9.958636 -12.670246 -6.666340  0.040894 0.922904 -0.382851  0.005096 0.048492 1 38 1.000000
0  -9.965809 -12.650070 -6.441092  -0.026348 0.947852 0.317619  0.042436 0.048492 1 38 1.000000
v_ic_ammo
0  -7.870644 -22.067520 -10.126597  -0.653976 0.756422 0.011916  0.174128 0.901032 1 38 1.000000
0  -7.988212 -21.212763 -8.315516  -0.606599 -0.628633 0.486680  0.148892 0.756860 1 38 1.000000
0  -8.057381 -21.147051 -8.498595  -0.988598 -0.086259 -0.123421  0.174128 0.756860 1 38 1.000000
v_ic_ammo
0  -5.975439 -25.409119 -11.999515  -0.448170 -0.885695 0.121193  0.936782 0.640944 1 39 1.000000
0  -7.358564 -25.713211 -14.779258  0.203715 -0.977283 -0.058463  0.967106 0.391175 1 39 1.000000
0  -5.647504 -25.472427 -12.081838  0.233043 -0.972099 -0.026729  0.967106 0.640945 1 39 1.000000
v_ic_ammo
0  -8.124809 -20.016262 -8.185185  -0.758907 -0.064451 0.648002  0.148892 0.625072 1 38 1.000000
0  -8.018003 -18.962473 -8.117311  0.014624 0.032974 0.999349  0.115225 0.530100 1 38 1.000000
0  -8.229317 -18.989086 -8.211825  -0.760350 -0.056986 0.647010  0.148892 0.530100 1 38 1.000000
v_ic_ammo
0  -8.229698 -14.202326 -8.584661  0.932921 0.262204 -0.246794  0.042436 0.218066 1 38 1.000000
0  -7.910452 -18.970835 -8.614941  0.410236 0.015436 -0.911849  0.005096 0.530100 1 38 1.000000
0  -8.378924 -14.175835 -8.760080  0.395215 0.331648 -0.856630  0.005096 0.218066 1 38 1.000000
v_ic_ammo
0  -8.414528 -20.028746 -10.188940  -0.366322 0.245512 0.897514  0.148892 0.970239 1 38 1.000000
0  -8.039100 -20.128294 -10.102049  -0.119872 -0.727572 0.675478  0.115225 0.925594 1 38 1.000000
0  -8.103634 -19.990454 -10.075027  -0.718859 -0.238448 0.652982  0.148892 0.901032 1 38 1.000000
v_ic_ammo
0  -9.693237 -12.931553 -6.919652  -0.563497 0.340256 -0.752793  0.209163 0.097112 1 38 1.000000
0  -8.445040 -13.971081 -8.608409  0.289805 0.754290 -0.589117  0.236933 0.195399 1 38 1.000000
0  -8.665420 -14.025568 -8.639859  -0.427699 0.544083 -0.721836  0.209163 0.195399 1 38 1.000000
v_ic_ammo
0  -10.401253 -26.105000 -13.602617  -0.439589 -0.823894 -0.357715  0.996434 0.007150 1 39 1.000000
0  -10.469639 -25.647215 -14.133836  -0.882855 -0.181344 -0.433222  0.967106 0.032574 1 39 1.000000
0  -10.230355 -25.989779 -14.065952  -0.464457 -0.799596 -0.380692  0.996434 0.032574 1 39 1.000000
v_ic_ammo
0  -10.264005 -13.080815 -7.020760  0.535837 -0.738592 -0.409096  0.658925 0.612568 1 38 1.000000
0  -10.073242 -12.831706 -6.968202  0.696561 0.171554 -0.696687  0.710045 0.623876 1 38 1.000000
0  -10.124052 -13.059622 -6.875617  0.523292 -0.755279 -0.394612  0.664422 0.638005 1 38 1.000000
v_ic_ammo
0  -7.668766 -21.229076 -10.153350  0.471788 -0.850957 0.230842  0.078754 0.909602 1 38 1.000000
0  -7.534572 -21.065075 -10.218246  0.993394 -0.062598 -0.096177  0.042286 0.895117 1 38 1.000000
0  -7.625620 -21.134974 -10.040626  0.640045 -0.657755 0.397115  0.078754 0.895117 1 38 1.000000
v_ic_ammo
0  -5.926395 -24.727047 -11.093345  -0.107979 0.994146 0.003852  0.903920 0.741247 1 39 1.000000
0  -5.503291 -24.777950 -12.152910  0.572922 0.803725 -0.160582  0.936782 0.640945 1 39 1.000000
0  -5.831223 -24.714642 -12.070587  -0.089626 0.995889 -0.013156  0.903920 0.640945 1 39 1.000000
v_ic_ammo
0  -7.719240 -20.917957 -8.568429  0.372640 0.346007 -0.861057  0.005096 0.727434 1 38 1.000000
0  -7.544311 -21.087114 -8.530974  0.944265 0.276657 -0.178396  0.042286 0.756860 1 38 1.000000
0  -7.701400 -21.046289 -8.671377  0.271078 0.747443 -0.606503  0.005096 0.756859 1 38 1.000000
v_ic_ammo
0  -9.841594 -25.950541 -13.900698  0.086477 -0.995065 0.048648  0.967106 0.054197 1 39 1.000000
0  -9.692240 -25.876957 -14.716064  -0.443826 -0.798683 -0.406355  0.996434 0.155765 1 39 1.000000
0  -9.383663 -25.940102 -14.586575  0.128383 -0.989989 0.058651  0.967106 0.155765 1 39 1.000000
v_ic_ammo
0  -7.312094 -25.292715 -9.507872  0.247824 0.016940 0.968657  0.967106 0.959077 1 39 1.000000
0  -7.791926 -24.788067 -9.609000  0.293258 0.750700 0.591988  0.936782 0.989164 1 39 1.000000
0  -7.719733 -25.264593 -9.403883  0.251771 0.084464 0.964094  0.967106 0.989164 1 39 1.000000
v_ic_ammo
0  -9.839235 -13.012607 -6.752605  -0.620093 -0.630883 -0.466338  0.174197 0.072765 1 38 1.000000
0  -9.693237 -12.931553 -6.919652  -0.563497 0.340256 -0.752793  0.209163 0.097112 1 38 1.000000
0  -9.746478 -13.079844 -6.826395  -0.790594 -0.529703 -0.307207  0.174196 0.097112 1 38 1.000000
v_ic_ammo
0  -9.599507 -12.812204 -6.359673  0.447975 0.318738 0.835299  0.078959 0.072765 1 38 1.000000
0  -9.475050 -13.072180 -6.517429  0.316975 -0.635555 0.703986  0.115438 0.097112 1 38 1.000000
0  -9.354773 -12.921995 -6.534379  0.767589 0.141096 0.625219  0.078959 0.097112 1 38 1.000000
v_ic_ammo
0  -6.583928 -24.905029 -10.611980  -0.476581 0.734074 -0.483742  0.869816 0.847358 1 39 1.000000
0  -5.926395 -24.727047 -11.093345  -0.107979 0.994146 0.003852  0.903920 0.741247 1 39 1.000000
0  -6.169013 -24.835993 -11.227077  -0.691994 0.689277 -0.214572  0.869816 0.741247 1 39 1.000000
v_ic_ammo
0  -8.038622 -20.022356 -8.584270  -0.438928 -0.065648 -0.896121  0.209092 0.625071 1 38 1.000000
0  -8.284974 -19.003912 -8.431492  -0.973038 -0.104164 -0.205784  0.174128 0.530100 1 38 1.000000
0  -8.143065 -18.995790 -8.610894  -0.438886 -0.069619 -0.895842  0.209092 0.530100 1 38 1.000000
v_ic_ammo
0  -8.837422 -25.520008 -14.757560  0.432478 0.088498 0.897291  0.839357 0.220910 1 39 1.000000
0  -9.229239 -25.244127 -14.554374  0.431552 0.854088 0.290339  0.869816 0.155765 1 39 1.000000
0  -9.051744 -25.490898 -14.486727  0.801923 0.230632 0.551116  0.839357 0.155765 1 39 1.000000
v_ic_ammo
0  -9.354773 -12.921995 -6.534379  0.767589 0.141096 0.625219  0.078959 0.097112 1 38 1.000000
0  -8.527860 -14.182674 -8.218824  0.108144 -0.638976 0.761587  0.115438 0.195399 1 38 1.000000
0  -8.334895 -14.096275 -8.272047  0.804686 -0.090298 0.586793  0.078959 0.195399 1 38 1.000000
v_ic_ammo
0  -9.965809 -12.650070 -6.441092  -0.026348 0.947852 0.317619  0.042436 0.048492 1 38 1.000000
0  -9.599507 -12.812204 -6.359673  0.447975 0.318738 0.835299  0.078959 0.072765 1 38 1.000000
0  -9.621083 -12.692335 -6.515345  0.351181 0.911054 0.215991  0.042436 0.072765 1 38 1.000000
v_ic_ammo
0  -6.034743 -25.473358 -11.234818  -0.412048 -0.887380 -0.206818  0.802855 0.741247 1 39 1.000000
0  -6.165082 -25.160946 -11.962118  -0.948639 -0.220424 0.226931  0.839357 0.640944 1 39 1.000000
0  -5.975439 -25.409119 -11.999515  -0.448170 -0.885695 0.121193  0.802855 0.640944 1 39 1.000000
v_ic_ammo
0  -6.224272 -25.171877 -11.285997  -0.924156 -0.197525 -0.326984  0.839357 0.741247 1 39 1.000000
0  -6.393817 -25.515114 -10.627823  -0.249572 -0.869529 -0.426184  0.802855 0.847358 1 39 1.000000
0  -6.606123 -25.228167 -10.744270  -0.578222 -0.149593 -0.802048  0.839357 0.847358 1 39 1.000000
v_ic_ammo
0  -9.051744 -25.490898 -14.486727  0.801923 0.230632 0.551116  0.839357 0.155765 1 39 1.000000
0  -8.834318 -25.783779 -14.857301  0.384103 -0.671877 0.633282  0.802855 0.220910 1 39 1.000000
0  -8.837422 -25.520008 -14.757560  0.432478 0.088498 0.897291  0.839357 0.220910 1 39 1.000000
v_ic_ammo
0  -8.378924 -14.175835 -8.760080  0.395215 0.331648 -0.856630  0.236935 0.218066 1 38 1.000000
0  -8.665420 -14.025568 -8.639859  -0.427699 0.544083 -0.721836  0.209163 0.195399 1 38 1.000000
0  -8.445040 -13.971081 -8.608409  0.289805 0.754290 -0.589117  0.236933 0.195399 1 38 1.000000
v_ic_ammo
0  -9.943249 -12.810266 -6.790104  0.055592 0.235305 -0.970330  0.209163 0.048492 1 38 1.000000
0  -9.716242 -12.710511 -6.724860  0.072580 0.881667 -0.466257  0.236933 0.072765 1 38 1.000000
0  -9.813329 -12.853045 -6.830452  -0.367863 0.222770 -0.902801  0.209164 0.072765 1 38 1.000000
v_ic_ammo
0  -8.200495 -25.131269 -15.402820  0.017887 0.683786 -0.729464  0.936782 0.308299 1 39 1.000000
0  -7.546703 -24.934423 -14.767070  -0.115759 0.992889 -0.027761  0.903920 0.391175 1 39 1.000000
0  -7.306437 -25.012894 -14.972069  0.367821 0.764291 -0.529686  0.936782 0.391175 1 39 1.000000
v_ic_ammo
0  -8.177743 -25.740200 -14.897100  -0.054156 -0.776821 0.627388  0.936782 0.308299 1 39 1.000000
0  -7.358564 -25.713211 -14.779258  0.203715 -0.977283 -0.058463  0.967106 0.391175 1 39 1.000000
0  -7.598830 -25.634739 -14.574259  -0.312096 -0.827504 0.466725  0.936782 0.391175 1 39 1.000000
v_ic_ammo
0  -7.762293 -18.947838 -8.440583  0.965061 0.090483 -0.245905  0.042286 0.530100 1 38 1.000000
0  -8.282161 -14.261622 -8.376980  0.807304 0.006456 0.590100  0.078959 0.218066 1 38 1.000000
0  -7.810158 -18.944117 -8.219119  0.781095 0.098386 0.616613  0.078754 0.530100 1 38 1.000000
v_ic_ammo
0  -6.486667 -24.807695 -10.366735  -0.077121 0.993986 0.077749  0.903920 0.847358 1 39 1.000000
0  -7.438981 -25.028742 -10.333623  -0.299534 0.669384 -0.679856  0.869816 0.933097 1 39 1.000000
0  -7.413987 -24.897602 -10.058086  -0.090174 0.995650 0.023447  0.903920 0.933097 1 39 1.000000
v_ic_ammo
0  -9.383663 -25.940102 -14.586575  0.128383 -0.989989 0.058651  0.967106 0.155765 1 39 1.000000
0  -9.037576 -25.842432 -15.297911  -0.224768 -0.717174 -0.659652  0.996434 0.220910 1 39 1.000000
0  -8.890999 -25.937395 -15.112783  0.060736 -0.995590 -0.071490  0.967106 0.220910 1 39 1.000000
v_ic_ammo
0  -6.257331 -25.576859 -10.385459  0.244238 -0.963091 0.113154  0.967106 0.847358 1 39 1.000000
0  -6.034743 -25.473358 -11.234818  -0.412048 -0.887380 -0.206818  0.936782 0.741247 1 39 1.000000
0  -5.743686 -25.498308 -11.102722  0.265411 -0.963534 0.034056  0.967106 0.741247 1 39 1.000000
v_ic_ammo
0  -7.789061 -21.219744 -10.431598  0.407237 -0.667576 -0.623298  0.042286 0.925594 1 38 1.000000
0  -8.257941 -21.361111 -10.396751  0.174406 -0.982587 -0.064075  0.078754 0.970239 1 38 1.000000
0  -8.271329 -21.296669 -10.598546  0.331880 -0.616831 -0.713706  0.042286 0.970239 1 38 1.000000
v_ic_ammo
0  -7.954384 -21.212345 -10.072032  -0.169802 -0.697087 0.696589  0.115225 0.925594 1 38 1.000000
0  -8.283693 -21.141756 -10.154881  -0.424442 0.207262 0.881414  0.148892 0.970239 1 38 1.000000
0  -8.263444 -21.292170 -10.199305  -0.113586 -0.751071 0.650377  0.115225 0.970239 1 38 1.000000
v_ic_ammo
0  -5.645179 -24.758564 -10.960319  0.520822 0.806194 0.280706  0.936782 0.741247 1 39 1.000000
0  -5.338435 -25.025713 -12.190289  0.946430 0.219528 -0.236806  0.967106 0.640945 1 39 1.000000
0  -5.503291 -24.777950 -12.152910  0.572922 0.803725 -0.160582  0.936782 0.640945 1 39 1.000000
v_ic_ammo
0  -8.445543 -22.529474 -10.624673  0.133474 -0.763582 -0.631766  0.589903 0.772089 1 38 1.000000
0  -8.236938 -22.270042 -10.729128  0.015451 0.142810 -0.989630  0.668521 0.789412 1 38 1.000000
0  -8.198943 -22.492901 -10.615691  0.133830 -0.785112 -0.604722  0.602784 0.811862 1 38 1.000000
v_ic_ammo
0  -9.813329 -12.853045 -6.830452  -0.367863 0.222770 -0.902801  0.209164 0.072765 1 38 1.000000
0  -9.529746 -12.809220 -6.856937  0.092985 0.849358 -0.519562  0.236933 0.097112 1 38 1.000000
0  -9.693237 -12.931553 -6.919652  -0.563497 0.340256 -0.752793  0.209163 0.097112 1 38 1.000000
v_ic_ammo
0  -8.378021 -20.243578 -10.438740  0.158114 -0.984344 -0.077891  0.078754 0.970239 1 38 1.000000
0  -7.866058 -20.102552 -10.468909  0.431504 -0.653577 -0.621805  0.042286 0.925594 1 38 1.000000
0  -7.935025 -20.183708 -10.287010  0.231807 -0.972517 0.021819  0.078754 0.925594 1 38 1.000000
v_ic_ammo
0  -8.386054 -20.177698 -10.238714  -0.132855 -0.768468 0.625945  0.115225 0.970239 1 38 1.000000
0  -7.935025 -20.183708 -10.287010  0.231807 -0.972517 0.021819  0.078754 0.925594 1 38 1.000000
0  -8.039100 -20.128294 -10.102049  -0.119872 -0.727572 0.675478  0.115225 0.925594 1 38 1.000000
v_ic_ammo
0  -8.155382 -22.386755 -10.120752  -0.062968 -0.682189 0.728459  0.115225 0.970239 1 38 1.000000
0  -7.699162 -22.380581 -10.198246  0.260721 -0.962737 0.071841  0.078754 0.925594 1 38 1.000000
0  -7.796467 -22.300869 -10.013104  -0.082019 -0.691211 0.717984  0.115225 0.925594 1 38 1.000000
v_ic_ammo
0  -9.931648 -13.017229 -6.506989  -0.128326 -0.976741 0.171783  0.148972 0.048492 1 38 1.000000
0  -9.839235 -13.012607 -6.752605  -0.620093 -0.630883 -0.466338  0.174197 0.072765 1 38 1.000000
0  -9.774453 -13.069042 -6.549942  -0.273818 -0.931020 0.241300  0.148973 0.072765 1 38 1.000000
v_ic_ammo
0  -7.544311 -21.087114 -8.530974  0.944265 0.276657 -0.178396  0.042286 0.756860 1 38 1.000000
0  -7.460801 -22.216322 -10.021276  0.742606 -0.584749 0.326505  0.078754 0.895117 1 38 1.000000
0  -7.414279 -22.141289 -10.200445  0.970339 -0.019287 -0.240979  0.042286 0.895117 1 38 1.000000
v_ic_ammo
0  -8.792974 -14.125716 -8.514195  -0.941944 -0.076989 -0.326823  0.174196 0.195399 1 38 1.000000
0  -9.649375 -13.142429 -6.647388  -0.310355 -0.896182 0.317076  0.148973 0.097112 1 38 1.000000
0  -9.746478 -13.079844 -6.826395  -0.790594 -0.529703 -0.307207  0.174196 0.097112 1 38 1.000000
v_ic_ammo
0  -8.156337 -22.470297 -10.309118  0.203983 -0.978916 0.010705  0.078754 0.970239 1 38 1.000000
0  -7.649302 -22.302053 -10.386453  0.442872 -0.623342 -0.644445  0.042286 0.925594 1 38 1.000000
0  -7.699162 -22.380581 -10.198246  0.260721 -0.962737 0.071841  0.078754 0.925594 1 38 1.000000
v_ic_ammo
0  -10.124052 -13.059622 -6.875617  0.523292 -0.755279 -0.394612  0.664422 0.638005 1 38 1.000000
0  -10.469724 -13.171156 -6.786983  0.048307 -0.993355 0.104460  0.623258 0.668316 1 38 1.000000
0  -10.264005 -13.080815 -7.020760  0.535837 -0.738592 -0.409096  0.638627 0.628756 1 38 1.000000
v_ic_ammo
0  -10.722135 -12.820664 -6.569234  -0.675467 0.349615 0.649242  0.716991 0.749532 1 38 1.000000
0  -10.517025 -13.031041 -6.434383  -0.492829 -0.618972 0.611550  0.673389 0.720429 1 38 1.000000
0  -10.563272 -12.796069 -6.417994  -0.673867 0.351771 0.649738  0.722727 0.724640 1 38 1.000000
v_ic_ammo
0  -8.525861 -21.387438 -10.085549  0.099957 -0.716120 0.690783  0.572806 0.947237 1 38 1.000000
0  -8.275660 -21.461048 -10.392747  0.142768 -0.989426 0.025572  0.578732 0.871517 1 38 1.000000
0  -8.275178 -21.353374 -10.087493  0.116710 -0.683062 0.720975  0.612254 0.926710 1 38 1.000000
v_ic_ammo
0  -10.428313 -12.978500 -6.488434  0.573884 -0.140840 0.806735  0.686240 0.702952 1 38 1.000000
0  -10.563272 -12.796069 -6.417994  0.514040 0.194251 0.835482  0.722727 0.724640 1 38 1.000000
0  -10.517025 -13.031041 -6.434383  0.558922 -0.088295 0.824506  0.673389 0.720429 1 38 1.000000
v_ic_ammo
0  -8.837422 -25.520008 -14.757560  0.432478 0.088498 0.897291  0.839357 0.220910 1 39 1.000000
0  -8.177743 -25.740200 -14.897100  -0.054156 -0.776821 0.627388  0.802855 0.308299 1 39 1.000000
0  -8.265358 -25.438223 -14.771148  -0.233358 -0.046452 0.971281  0.839357 0.308299 1 39 1.000000
v_ic_ammo
0  -8.418887 -22.601645 -10.297024  0.133093 -0.987664 0.082496  0.538306 0.853958 1 38 1.000000
0  -8.198943 -22.492901 -10.615691  0.133830 -0.785112 -0.604722  0.602784 0.811862 1 38 1.000000
0  -8.166675 -22.568363 -10.292083  0.123260 -0.986298 0.109654  0.578732 0.871517 1 38 1.000000
v_ic_ammo
0  -8.330111 -20.936035 -10.239100  0.960440 0.277375 0.024859  0.726655 0.892497 1 38 1.000000
0  -8.283693 -21.141756 -10.154881  0.980001 0.180257 0.084294  0.669537 0.900978 1 38 1.000000
0  -8.303443 -21.023138 -10.296939  0.956116 0.292824 0.009795  0.691435 0.876770 1 38 1.000000
v_ic_ammo
0  -9.115707 -25.779181 -14.500064  0.662221 -0.577980 0.476867  0.936782 0.155765 1 39 1.000000
0  -8.890999 -25.937395 -15.112783  0.060736 -0.995590 -0.071490  0.967106 0.220910 1 39 1.000000
0  -8.834318 -25.783779 -14.857301  0.384103 -0.671877 0.633282  0.936782 0.220910 1 39 1.000000
v_ic_ammo
0  -6.233256 -25.175573 -10.058064  0.547943 0.121918 0.827583  0.967106 0.847358 1 39 1.000000
0  -7.368809 -25.009018 -9.774816  0.177843 0.694950 0.696718  0.936782 0.933097 1 39 1.000000
0  -7.329911 -25.297724 -9.649749  0.332152 0.055987 0.941563  0.967106 0.933097 1 39 1.000000
v_ic_ammo
0  -7.515770 -22.018856 -10.292793  0.486099 0.620796 -0.615077  0.236831 0.895117 1 38 1.000000
0  -7.929738 -21.072964 -8.656967  -0.513978 0.610277 -0.602817  0.209092 0.756859 1 38 1.000000
0  -7.701400 -21.046289 -8.671377  0.271078 0.747443 -0.606503  0.236831 0.756860 1 38 1.000000
v_ic_ammo
0  -8.665602 -20.263638 -10.756185  0.120673 -0.664802 -0.737208  0.589903 0.772089 1 38 1.000000
0  -8.460892 -20.010592 -10.810897  0.021004 0.272275 -0.961990  0.668521 0.789412 1 38 1.000000
0  -8.424695 -20.235662 -10.737015  0.139489 -0.706221 -0.694114  0.602784 0.811862 1 38 1.000000
v_ic_ammo
0  -7.863382 -19.073252 -8.259489  0.509364 -0.745770 0.429390  0.078754 0.727434 1 38 1.000000
0  -7.954070 -20.047760 -9.989079  -0.125931 -0.846190 0.517788  0.115225 0.895117 1 38 1.000000
0  -7.739069 -20.013376 -10.068289  0.672014 -0.634282 0.382208  0.078754 0.895117 1 38 1.000000
v_ic_ammo
0  -10.459764 -12.816499 -6.476779  -0.375269 0.336200 0.863795  0.078959 0.012291 1 38 1.000000
0  -9.965809 -12.650070 -6.441092  -0.026348 0.947852 0.317619  0.042436 0.048492 1 38 1.000000
0  -10.366452 -12.695642 -6.604473  -0.227746 0.931649 0.283128  0.042437 0.012291 1 38 1.000000
v_ic_ammo
0  -7.767376 -18.970057 -8.400903  0.990328 -0.087461 0.107709  0.042286 0.727434 1 38 1.000000
0  -7.739069 -20.013376 -10.068289  0.672014 -0.634282 0.382208  0.078754 0.895117 1 38 1.000000
0  -7.659501 -19.942030 -10.235393  0.997462 -0.041749 -0.057672  0.042286 0.895117 1 38 1.000000
v_ic_ammo
0  -8.114325 -25.419853 -15.543062  0.165847 0.028247 -0.985747  0.967106 0.308299 1 39 1.000000
0  -7.306437 -25.012894 -14.972069  0.367821 0.764291 -0.529686  0.936782 0.391175 1 39 1.000000
0  -7.167204 -25.273508 -15.053510  0.649002 0.155889 -0.744644  0.967106 0.391175 1 39 1.000000
v_ic_ammo
0  -9.545299 -25.998753 -13.196588  0.866306 -0.499047 0.021586  0.936782 0.007150 1 39 1.000000
0  -9.811856 -26.086897 -13.900912  0.217806 -0.948597 -0.229616  0.967106 0.032574 1 39 1.000000
0  -9.459291 -25.881681 -13.735397  0.827529 -0.558634 0.055890  0.936782 0.032574 1 39 1.000000
v_ic_ammo
0  -10.149527 -25.879080 -14.022134  -0.497106 -0.797262 -0.342431  0.996434 0.054197 1 39 1.000000
0  -9.826064 -25.630564 -14.782186  -0.744148 -0.169109 -0.646255  0.967106 0.155765 1 39 1.000000
0  -9.692240 -25.876957 -14.716064  -0.443826 -0.798683 -0.406355  0.996434 0.155765 1 39 1.000000
v_ic_ammo
0  -8.479881 -22.302700 -10.736908  0.015479 0.132189 -0.991104  0.697607 0.755484 1 38 1.000000
0  -8.252049 -22.067602 -10.546974  -0.087352 0.896630 -0.434080  0.721671 0.825656 1 38 1.000000
0  -8.236938 -22.270042 -10.729128  0.015451 0.142810 -0.989630  0.668521 0.789412 1 38 1.000000
v_ic_ammo
0  -8.265358 -25.438223 -14.771148  -0.233358 -0.046452 0.971281  0.839357 0.308299 1 39 1.000000
0  -7.598830 -25.634739 -14.574259  -0.312096 -0.827504 0.466725  0.802855 0.391175 1 39 1.000000
0  -7.753456 -25.374136 -14.485776  -0.665351 -0.167548 0.727486  0.839357 0.391175 1 39 1.000000
v_ic_ammo
0  -6.606123 -25.228167 -10.744270  -0.578222 -0.149593 -0.802048  0.839357 0.847358 1 39 1.000000
0  -7.390253 -25.614323 -10.314954  -0.140258 -0.756845 -0.638367  0.802855 0.933097 1 39 1.000000
0  -7.429150 -25.325617 -10.440021  -0.328984 -0.057860 -0.942561  0.839357 0.933097 1 39 1.000000
v_ic_ammo
0  -10.295783 -13.059655 -6.630666  0.718686 -0.265951 0.642465  0.670236 0.679402 1 38 1.000000
0  -10.517025 -13.031041 -6.434383  0.558922 -0.088295 0.824506  0.673389 0.720429 1 38 1.000000
0  -10.321555 -13.148333 -6.638047  0.710728 -0.256956 0.654858  0.649662 0.680774 1 38 1.000000
v_ic_ammo
0  -8.273630 -25.017481 -15.177334  -0.122706 0.983443 -0.133352  0.903920 0.308299 1 39 1.000000
0  -9.165369 -25.300377 -15.288450  -0.406707 0.581949 -0.704220  0.936782 0.220910 1 39 1.000000
0  -9.071725 -25.170818 -15.099402  -0.185003 0.972419 -0.142039  0.903920 0.220910 1 39 1.000000
v_ic_ammo
0  -9.379114 -12.804966 -6.685474  0.619858 0.784044 0.032422  0.042436 0.097112 1 38 1.000000
0  -8.334895 -14.096275 -8.272047  0.804686 -0.090298 0.586793  0.078959 0.195399 1 38 1.000000
0  -8.297789 -14.003264 -8.443563  0.839208 0.540500 -0.059915  0.042436 0.195399 1 38 1.000000
v_ic_ammo
0  -8.732003 -14.194476 -8.328689  -0.649316 -0.651446 0.392437  0.148973 0.195399 1 38 1.000000
0  -9.475050 -13.072180 -6.517429  0.316975 -0.635555 0.703986  0.115438 0.097112 1 38 1.000000
0  -9.649375 -13.142429 -6.647388  -0.310355 -0.896182 0.317076  0.148973 0.097112 1 38 1.000000
v_ic_ammo
0  -7.840137 -22.177105 -9.975917  -0.654219 -0.322137 0.684270  0.148892 0.901032 1 38 1.000000
0  -8.204334 -22.126554 -10.253209  -0.233707 0.954502 0.185223  0.174128 0.970239 1 38 1.000000
0  -8.176743 -22.233778 -10.095869  -0.340859 0.348367 0.873187  0.148892 0.970239 1 38 1.000000
v_ic_ammo
0  -8.229317 -18.989086 -8.211825  -0.760350 -0.056986 0.647010  0.148892 0.530100 1 38 1.000000
0  -8.765770 -14.263610 -8.599638  -0.944667 -0.047292 -0.324605  0.174197 0.218066 1 38 1.000000
0  -8.284974 -19.003912 -8.431492  -0.973038 -0.104164 -0.205784  0.174128 0.530100 1 38 1.000000
v_ic_ammo
0  -7.713612 -22.280249 -9.979229  -0.044643 -0.752563 0.657005  0.115225 0.909602 1 38 1.000000
0  -7.460801 -22.216322 -10.021276  0.742606 -0.584749 0.326505  0.078754 0.895117 1 38 1.000000
0  -7.665854 -22.246359 -9.942908  0.048110 -0.823441 0.565359  0.115225 0.895117 1 38 1.000000
v_ic_ammo
0  -9.037576 -25.842432 -15.297911  -0.224768 -0.717174 -0.659652  0.996434 0.220910 1 39 1.000000
0  -8.114325 -25.419853 -15.543062  0.165847 0.028247 -0.985747  0.967106 0.308299 1 39 1.000000
0  -8.076984 -25.712189 -15.400512  0.232835 -0.636422 -0.735360  0.996434 0.308299 1 39 1.000000
v_ic_ammo
0  -8.544347 -21.147179 -9.998786  0.032533 0.252929 0.966938  0.675449 0.976479 1 38 1.000000
0  -8.275178 -21.353374 -10.087493  0.116710 -0.683062 0.720975  0.612254 0.926710 1 38 1.000000
0  -8.299411 -21.119722 -10.019114  0.057983 0.290041 0.955256  0.682148 0.934511 1 38 1.000000
v_ic_ammo
0  -7.802755 -20.994471 -8.085609  0.070938 -0.281694 0.956878  0.115225 0.727434 1 38 1.000000
0  -7.705656 -19.971251 -8.192477  0.781180 0.091293 0.617594  0.078754 0.625072 1 38 1.000000
0  -7.913483 -19.989780 -8.090664  0.016357 0.019386 0.999678  0.115225 0.625071 1 38 1.000000
v_ic_ammo
0  -8.084267 -20.986372 -8.382220  -0.988697 -0.119546 -0.090484  0.174128 0.727434 1 38 1.000000
0  -8.124809 -20.016262 -8.185185  -0.758907 -0.064451 0.648002  0.148892 0.625072 1 38 1.000000
0  -8.180502 -20.030762 -8.404858  -0.973134 -0.103054 -0.205889  0.174128 0.625071 1 38 1.000000
v_ic_ammo
0  -7.806009 -19.997377 -8.588316  0.409168 0.021148 -0.912214  0.005096 0.625071 1 38 1.000000
0  -7.563013 -20.922455 -8.403823  0.972132 0.148526 -0.181382  0.042286 0.727434 1 38 1.000000
0  -7.719240 -20.917957 -8.568429  0.372640 0.346007 -0.861057  0.005096 0.727434 1 38 1.000000
v_ic_ammo
0  -7.426359 -24.748926 -10.062826  0.301980 0.952548 -0.038218  0.903920 0.959077 1 39 1.000000
0  -7.928243 -24.822914 -10.528667  0.283793 0.634322 -0.719095  0.869816 0.989164 1 39 1.000000
0  -7.878293 -24.605120 -10.074900  0.305620 0.945533 -0.112092  0.903920 0.989164 1 39 1.000000
v_ic_ammo
0  -8.689853 -20.031479 -10.817921  -0.003899 0.293644 -0.955907  0.697607 0.755484 1 38 1.000000
0  -8.480762 -19.830496 -10.603148  -0.070646 0.934288 -0.349449  0.721671 0.825656 1 38 1.000000
0  -8.460892 -20.010592 -10.810897  0.021004 0.272275 -0.961990  0.668521 0.789412 1 38 1.000000
v_ic_ammo
0  -7.789061 -21.219744 -10.431598  0.407237 -0.667576 -0.623298  0.042286 0.925594 1 38 1.000000
0  -7.660933 -21.031822 -10.422537  0.502031 0.311922 -0.806641  0.005096 0.909602 1 38 1.000000
0  -7.576139 -21.159187 -10.333179  0.797586 -0.443984 -0.408332  0.042286 0.909602 1 38 1.000000
v_ic_ammo
0  -6.195833 -25.451685 -10.135389  0.539781 -0.534543 0.650308  0.996434 0.847358 1 39 1.000000
0  -5.743686 -25.498308 -11.102722  0.265411 -0.963534 0.034056  0.967106 0.741247 1 39 1.000000
0  -5.495215 -25.343500 -10.968436  0.800975 -0.515526 0.304421  0.996434 0.741247 1 39 1.000000
v_ic_ammo
0  -7.856102 -21.298704 -10.247448  0.209581 -0.973314 0.093462  0.078754 0.925594 1 38 1.000000
0  -8.263444 -21.292170 -10.199305  -0.113586 -0.751071 0.650377  0.115225 0.970239 1 38 1.000000
0  -8.257941 -21.361111 -10.396751  0.174406 -0.982587 -0.064075  0.078754 0.970239 1 38 1.000000
v_ic_ammo
0  -8.399426 -20.336218 -10.437136  0.124823 -0.992044 0.016377  0.578732 0.871517 1 38 1.000000
0  -8.645010 -20.264301 -10.144694  0.061823 -0.732108 0.678377  0.572806 0.947237 1 38 1.000000
0  -8.645645 -20.367254 -10.456572  0.125359 -0.991616 -0.031364  0.539860 0.894632 1 38 1.000000
v_ic_ammo
0  -8.206054 -22.277086 -10.592633  0.963390 0.162264 -0.213427  0.663530 0.821169 1 38 1.000000
0  -8.198943 -22.492901 -10.615691  0.981165 -0.005519 -0.193094  0.602784 0.811862 1 38 1.000000
0  -8.236938 -22.270042 -10.729128  0.966411 0.150048 -0.208649  0.668521 0.789412 1 38 1.000000
v_ic_ammo
0  -7.840137 -22.177105 -9.975917  -0.654219 -0.322137 0.684270  0.148892 0.901032 1 38 1.000000
0  -7.713612 -22.280249 -9.979229  -0.044643 -0.752563 0.657005  0.115225 0.909602 1 38 1.000000
0  -7.665854 -22.246359 -9.942908  0.048110 -0.823441 0.565359  0.115225 0.895117 1 38 1.000000
v_ic_ammo
0  -7.713612 -22.280249 -9.979229  -0.044643 -0.752563 0.657005  0.115225 0.909602 1 38 1.000000
0  -7.840137 -22.177105 -9.975917  -0.654219 -0.322137 0.684270  0.148892 0.901032 1 38 1.000000
0  -7.796467 -22.300869 -10.013104  -0.082019 -0.691211 0.717984  0.115225 0.925594 1 38 1.000000
v_ic_ammo
0  -10.266652 -25.342014 -14.021287  0.382520 0.084870 -0.920041  0.936782 0.050582 1 39 1.000000
0  -10.469639 -25.647215 -14.133836  0.382515 0.084873 -0.920043  0.967106 0.032574 1 39 1.000000
0  -10.389538 -25.259876 -14.064801  0.382518 0.084873 -0.920042  0.936782 0.032574 1 39 1.000000
v_ic_ammo
0  -5.495215 -25.343500 -10.968436  0.800975 -0.515526 0.304421  0.996434 0.741247 1 39 1.000000
0  -5.647504 -25.472427 -12.081838  0.233043 -0.972099 -0.026729  0.967106 0.640945 1 39 1.000000
0  -5.373383 -25.313786 -12.160866  0.838203 -0.515374 -0.178338  0.996434 0.640945 1 39 1.000000
v_ic_ammo
0  -9.699301 -25.262478 -13.778064  0.435745 0.852152 0.289765  0.869816 0.054197 1 39 1.000000
0  -9.051744 -25.490898 -14.486727  0.801923 0.230632 0.551116  0.839357 0.155765 1 39 1.000000
0  -9.229239 -25.244127 -14.554374  0.431552 0.854088 0.290339  0.869816 0.155765 1 39 1.000000
v_ic_ammo
0  -8.057381 -21.147051 -8.498595  -0.988598 -0.086259 -0.123421  0.174128 0.756860 1 38 1.000000
0  -8.018193 -21.007763 -8.171624  -0.670241 -0.300062 0.678778  0.148892 0.727434 1 38 1.000000
0  -8.084267 -20.986372 -8.382220  -0.988697 -0.119546 -0.090484  0.174128 0.727434 1 38 1.000000
v_ic_ammo
0  -7.726200 -22.041349 -10.294917  -0.181717 0.787833 -0.588471  0.209092 0.909602 1 38 1.000000
0  -7.870644 -22.067520 -10.126597  -0.653976 0.756422 0.011916  0.174128 0.901032 1 38 1.000000
0  -7.736311 -22.011120 -10.263542  -0.421393 0.672743 -0.608149  0.209092 0.895117 1 38 1.000000
v_ic_ammo
0  -7.726200 -22.041349 -10.294917  -0.181717 0.787833 -0.588471  0.209092 0.909602 1 38 1.000000
0  -7.840523 -22.075884 -10.335235  -0.106189 0.924009 -0.367330  0.209092 0.925620 1 38 1.000000
0  -7.870644 -22.067520 -10.126597  -0.653976 0.756422 0.011916  0.174128 0.901032 1 38 1.000000
v_ic_ammo
0  -8.297789 -14.003264 -8.443563  0.839208 0.540500 -0.059915  0.042436 0.195399 1 38 1.000000
0  -9.529746 -12.809220 -6.856937  0.092985 0.849358 -0.519562  0.005096 0.097112 1 38 1.000000
0  -9.379114 -12.804966 -6.685474  0.619858 0.784044 0.032422  0.042436 0.097112 1 38 1.000000
v_ic_ammo
0  -8.890999 -25.937395 -15.112783  0.060736 -0.995590 -0.071490  0.967106 0.220910 1 39 1.000000
0  -8.076984 -25.712189 -15.400512  0.232835 -0.636422 -0.735360  0.996434 0.308299 1 39 1.000000
0  -8.098961 -25.839022 -15.174067  0.152069 -0.980880 -0.121449  0.967106 0.308299 1 39 1.000000
v_ic_ammo
0  -7.974332 -20.120556 -8.170880  -0.081829 -0.867692 0.490321  0.115225 0.727434 1 38 1.000000
0  -8.004666 -21.070770 -10.034757  -0.756782 -0.229337 0.612115  0.148892 0.901032 1 38 1.000000
0  -7.835160 -21.161184 -9.965796  -0.120945 -0.826449 0.549867  0.115225 0.895117 1 38 1.000000
v_ic_ammo
0  -7.572343 -22.112682 -10.378372  0.419453 0.335687 -0.843429  0.236831 0.909602 1 38 1.000000
0  -7.736311 -22.011120 -10.263542  -0.421393 0.672743 -0.608149  0.209092 0.895117 1 38 1.000000
0  -7.515770 -22.018856 -10.292793  0.486099 0.620796 -0.615077  0.236831 0.895117 1 38 1.000000
v_ic_ammo
0  -7.572343 -22.112682 -10.378372  0.419453 0.335687 -0.843429  0.236831 0.909602 1 38 1.000000
0  -7.726200 -22.041349 -10.294917  -0.181717 0.787833 -0.588471  0.209092 0.909602 1 38 1.000000
0  -7.736311 -22.011120 -10.263542  -0.421393 0.672743 -0.608149  0.209092 0.895117 1 38 1.000000
v_ic_ammo
0  -8.176743 -22.233778 -10.095869  0.972978 0.218870 0.073546  0.669537 0.900978 1 38 1.000000
0  -8.232897 -22.038023 -10.206396  0.948251 0.317277 -0.012460  0.726655 0.892497 1 38 1.000000
0  -8.193903 -22.203577 -9.963855  0.977006 0.194676 0.086953  0.682148 0.934511 1 38 1.000000
v_ic_ammo
0  -8.176743 -22.233778 -10.095869  0.972978 0.218870 0.073546  0.669537 0.900978 1 38 1.000000
0  -8.204334 -22.126554 -10.253209  0.946470 0.321243 -0.031587  0.691435 0.876770 1 38 1.000000
0  -8.232897 -22.038023 -10.206396  0.948251 0.317277 -0.012460  0.726655 0.892497 1 38 1.000000
v_ic_ammo
0  -8.178888 -22.421490 -10.519126  0.983393 -0.039656 -0.177105  0.626015 0.832474 1 38 1.000000
0  -8.166675 -22.568363 -10.292083  0.992990 -0.109978 -0.043303  0.578732 0.871517 1 38 1.000000
0  -8.198943 -22.492901 -10.615691  0.981165 -0.005519 -0.193094  0.602784 0.811862 1 38 1.000000
v_ic_ammo
0  -8.178888 -22.421490 -10.519126  0.983393 -0.039656 -0.177105  0.626015 0.832474 1 38 1.000000
0  -8.156337 -22.470297 -10.309118  0.992170 -0.113128 -0.052927  0.611142 0.867307 1 38 1.000000
0  -8.166675 -22.568363 -10.292083  0.992990 -0.109978 -0.043303  0.578732 0.871517 1 38 1.000000
v_ic_ammo
0  -8.156337 -22.470297 -10.309118  0.992170 -0.113128 -0.052927  0.611142 0.867307 1 38 1.000000
0  -8.164431 -22.439602 -10.001991  0.995700 0.027159 0.088567  0.612254 0.926710 1 38 1.000000
0  -8.166675 -22.568363 -10.292083  0.992990 -0.109978 -0.043303  0.578732 0.871517 1 38 1.000000
v_ic_ammo
0  -8.156337 -22.470297 -10.309118  0.992170 -0.113128 -0.052927  0.611142 0.867307 1 38 1.000000
0  -8.155382 -22.386755 -10.120752  0.997478 -0.002863 0.070923  0.631652 0.898866 1 38 1.000000
0  -8.164431 -22.439602 -10.001991  0.995700 0.027159 0.088567  0.612254 0.926710 1 38 1.000000
v_ic_ammo
0  -6.352531 -24.904459 -10.120618  0.322047 0.693934 0.644005  0.936782 0.847358 1 39 1.000000
0  -5.471448 -25.052416 -10.927049  0.895620 0.192953 0.400792  0.967106 0.741247 1 39 1.000000
0  -5.645179 -24.758564 -10.960319  0.520822 0.806194 0.280706  0.936782 0.741247 1 39 1.000000
v_ic_ammo
0  -8.018193 -21.007763 -8.171624  -0.670241 -0.300062 0.678778  0.148892 0.727434 1 38 1.000000
0  -7.913483 -19.989780 -8.090664  0.016357 0.019386 0.999678  0.115225 0.625071 1 38 1.000000
0  -8.124809 -20.016262 -8.185185  -0.758907 -0.064451 0.648002  0.148892 0.625072 1 38 1.000000
v_ic_ammo
0  -10.325592 -25.627022 -14.072083  -0.816158 -0.139587 -0.560715  0.967106 0.054197 1 39 1.000000
0  -9.771560 -25.343075 -14.759127  -0.637653 0.537926 -0.551393  0.936782 0.155765 1 39 1.000000
0  -9.826064 -25.630564 -14.782186  -0.744148 -0.169109 -0.646255  0.967106 0.155765 1 39 1.000000
v_ic_ammo
0  -7.701400 -21.046289 -8.671377  0.271078 0.747443 -0.606503  0.236831 0.756860 1 38 1.000000
0  -7.951220 -20.946404 -8.558814  -0.533817 0.212914 -0.818356  0.209092 0.727434 1 38 1.000000
0  -7.719240 -20.917957 -8.568429  0.372640 0.346007 -0.861057  0.236831 0.727434 1 38 1.000000
v_ic_ammo
0  -8.427526 -20.027590 -10.687334  0.943194 0.236621 -0.233231  0.663530 0.821169 1 38 1.000000
0  -8.424695 -20.235662 -10.737015  0.969696 -0.028985 -0.242591  0.602784 0.811862 1 38 1.000000
0  -8.460892 -20.010592 -10.810897  0.955253 0.196972 -0.220665  0.668521 0.789412 1 38 1.000000
v_ic_ammo
0  -7.572343 -22.112682 -10.378372  0.419453 0.335687 -0.843429  0.005096 0.909602 1 38 1.000000
0  -7.649302 -22.302053 -10.386453  0.442872 -0.623342 -0.644445  0.042286 0.925594 1 38 1.000000
0  -7.737222 -22.174997 -10.466223  0.248291 0.279539 -0.927475  0.005096 0.925594 1 38 1.000000
v_ic_ammo
0  -9.746478 -13.079844 -6.826395  -0.790594 -0.529703 -0.307207  0.174196 0.097112 1 38 1.000000
0  -9.774453 -13.069042 -6.549942  -0.273818 -0.931020 0.241300  0.148973 0.072765 1 38 1.000000
0  -9.839235 -13.012607 -6.752605  -0.620093 -0.630883 -0.466338  0.174197 0.072765 1 38 1.000000
v_ic_ammo
0  -8.414528 -20.028746 -10.188940  0.966271 0.226876 0.121849  0.669537 0.900978 1 38 1.000000
0  -8.469345 -19.830986 -10.270209  0.947107 0.319079 0.034300  0.726655 0.892497 1 38 1.000000
0  -8.435233 -20.011696 -10.062789  0.969081 0.198078 0.147128  0.682148 0.934511 1 38 1.000000
v_ic_ammo
0  -9.737744 -25.084455 -13.211106  0.604968 0.794003 0.059762  0.869816 0.007150 1 39 1.000000
0  -9.379188 -25.494343 -13.666362  0.962272 0.145356 0.230007  0.839357 0.032574 1 39 1.000000
0  -9.618472 -25.151779 -13.734248  0.573741 0.818969 0.010512  0.869816 0.032574 1 39 1.000000
v_ic_ammo
0  -7.929738 -21.072964 -8.656967  -0.513978 0.610277 -0.602817  0.209092 0.756859 1 38 1.000000
0  -8.084267 -20.986372 -8.382220  -0.988697 -0.119546 -0.090484  0.174128 0.727434 1 38 1.000000
0  -7.951220 -20.946404 -8.558814  -0.533817 0.212914 -0.818356  0.209092 0.727434 1 38 1.000000
v_ic_ammo
0  -5.503291 -24.777950 -12.152910  0.572922 0.803725 -0.160582  0.936782 0.640945 1 39 1.000000
0  -7.546703 -24.934423 -14.767070  -0.115759 0.992889 -0.027761  0.903920 0.391175 1 39 1.000000
0  -5.831223 -24.714642 -12.070587  -0.089626 0.995889 -0.013156  0.903920 0.640945 1 39 1.000000
v_ic_ammo
0  -7.576139 -21.159187 -10.333179  0.797586 -0.443984 -0.408332  0.042286 0.909602 1 38 1.000000
0  -7.856102 -21.298704 -10.247448  0.209581 -0.973314 0.093462  0.078754 0.925594 1 38 1.000000
0  -7.789061 -21.219744 -10.431598  0.407237 -0.667576 -0.623298  0.042286 0.925594 1 38 1.000000
v_ic_ammo
0  -7.951220 -20.946404 -8.558814  -0.533817 0.212914 -0.818356  0.209092 0.727434 1 38 1.000000
0  -8.180502 -20.030762 -8.404858  -0.973134 -0.103054 -0.205889  0.174128 0.625071 1 38 1.000000
0  -8.038622 -20.022356 -8.584270  -0.438928 -0.065648 -0.896121  0.209092 0.625071 1 38 1.000000
v_ic_ammo
0  -7.737222 -22.174997 -10.466223  0.248291 0.279539 -0.927475  0.005096 0.925594 1 38 1.000000
0  -8.178888 -22.421490 -10.519126  0.324805 -0.680892 -0.656421  0.042286 0.970239 1 38 1.000000
0  -8.206054 -22.277086 -10.592633  0.260006 0.157440 -0.952685  0.005096 0.970239 1 38 1.000000
v_ic_ammo
0  -6.105348 -24.873285 -11.991559  -0.753823 0.641247 0.143362  0.869816 0.640945 1 39 1.000000
0  -6.224272 -25.171877 -11.285997  -0.924156 -0.197525 -0.326984  0.839357 0.741247 1 39 1.000000
0  -6.169013 -24.835993 -11.227077  -0.691994 0.689277 -0.214572  0.869816 0.741247 1 39 1.000000
v_ic_ammo
0  -5.647504 -25.472427 -12.081838  0.233043 -0.972099 -0.026729  0.967106 0.640945 1 39 1.000000
0  -7.173404 -25.563580 -14.980686  0.605035 -0.547206 -0.578358  0.996434 0.391175 1 39 1.000000
0  -5.373383 -25.313786 -12.160866  0.838203 -0.515374 -0.178338  0.996434 0.640945 1 39 1.000000
v_ic_ammo
0  -6.257331 -25.576859 -10.385459  0.244238 -0.963091 0.113154  0.967106 0.847358 1 39 1.000000
0  -7.320079 -25.594599 -9.756146  0.320998 -0.625589 0.711055  0.996434 0.933097 1 39 1.000000
0  -7.345073 -25.725737 -10.031684  0.146134 -0.986670 0.071607  0.967106 0.933097 1 39 1.000000
v_ic_ammo
0  -8.297789 -14.003264 -8.443563  0.839208 0.540500 -0.059915  0.042436 0.195399 1 38 1.000000
0  -8.282161 -14.261622 -8.376980  0.807304 0.006456 0.590100  0.078959 0.218066 1 38 1.000000
0  -8.229698 -14.202326 -8.584661  0.932921 0.262204 -0.246794  0.042436 0.218066 1 38 1.000000
v_ic_ammo
0  -7.726200 -22.041349 -10.294917  -0.181717 0.787833 -0.588471  0.209092 0.909602 1 38 1.000000
0  -7.737222 -22.174997 -10.466223  0.248291 0.279539 -0.927475  0.236831 0.925620 1 38 1.000000
0  -7.840523 -22.075884 -10.335235  -0.106189 0.924009 -0.367330  0.209092 0.925620 1 38 1.000000
v_ic_ammo
0  -10.161971 -12.998856 -6.796369  0.301591 -0.807414 -0.507076  0.174197 0.012291 1 38 1.000000
0  -9.943249 -12.810266 -6.790104  0.055592 0.235305 -0.970330  0.209163 0.048492 1 38 1.000000
0  -9.931238 -12.964686 -6.719186  -0.147249 -0.767305 -0.624148  0.174196 0.048492 1 38 1.000000
v_ic_ammo
0  -8.617497 -14.203113 -8.766727  -0.380425 0.206438 -0.901477  0.209164 0.218066 1 38 1.000000
0  -8.284974 -19.003912 -8.431492  -0.973038 -0.104164 -0.205784  0.174128 0.530100 1 38 1.000000
0  -8.765770 -14.263610 -8.599638  -0.944667 -0.047292 -0.324605  0.174197 0.218066 1 38 1.000000
v_ic_ammo
0  -8.009613 -20.956091 -10.185902  -0.576753 0.815560 -0.047083  0.174128 0.901032 1 38 1.000000
0  -8.307820 -21.025635 -10.518501  0.031972 0.891266 -0.452353  0.209092 0.970239 1 38 1.000000
0  -8.303443 -21.023138 -10.296939  -0.318433 0.913023 0.254929  0.174128 0.970239 1 38 1.000000
v_ic_ammo
0  -8.306782 -25.131557 -14.899228  -0.249346 0.726813 0.639975  0.869816 0.308299 1 39 1.000000
0  -7.753456 -25.374136 -14.485776  -0.665351 -0.167548 0.727486  0.839357 0.391175 1 39 1.000000
0  -7.731863 -25.084057 -14.565641  -0.563688 0.643400 0.517969  0.869816 0.391175 1 39 1.000000
v_ic_ammo
0  -6.233256 -25.175573 -10.058064  0.547943 0.121918 0.827583  0.967106 0.847358 1 39 1.000000
0  -5.495215 -25.343500 -10.968436  0.800975 -0.515526 0.304421  0.996434 0.741247 1 39 1.000000
0  -5.471448 -25.052416 -10.927049  0.895620 0.192953 0.400792  0.967106 0.741247 1 39 1.000000
v_ic_ammo
0  -8.300493 -21.361662 -10.705013  0.972458 -0.055089 -0.226476  0.602784 0.811862 1 38 1.000000
0  -8.293527 -21.147369 -10.652728  0.951051 0.194106 -0.240467  0.663530 0.821169 1 38 1.000000
0  -8.271329 -21.296669 -10.598546  0.974133 -0.097214 -0.203997  0.626015 0.832474 1 38 1.000000
v_ic_ammo
0  -8.834318 -25.783779 -14.857301  0.384103 -0.671877 0.633282  0.936782 0.220910 1 39 1.000000
0  -8.098961 -25.839022 -15.174067  0.152069 -0.980880 -0.121449  0.967106 0.308299 1 39 1.000000
0  -8.177743 -25.740200 -14.897100  -0.054156 -0.776821 0.627388  0.936782 0.308299 1 39 1.000000
v_ic_ammo
0  -10.127642 -12.841881 -6.860765  0.878884 0.137931 0.456660  0.708292 0.644717 1 38 1.000000
0  -10.124052 -13.059622 -6.875617  0.861384 -0.106929 0.496571  0.664422 0.638005 1 38 1.000000
0  -10.073242 -12.831706 -6.968202  0.880540 0.132235 0.455152  0.710045 0.623876 1 38 1.000000
v_ic_ammo
0  -9.582175 -25.799541 -13.778912  0.655001 -0.631821 0.414458  0.936782 0.054197 1 39 1.000000
0  -9.383663 -25.940102 -14.586575  0.128383 -0.989989 0.058651  0.967106 0.155765 1 39 1.000000
0  -9.115707 -25.779181 -14.500064  0.662221 -0.577980 0.476867  0.936782 0.155765 1 39 1.000000
v_ic_ammo
0  -8.334895 -14.096275 -8.272047  0.804686 -0.090298 0.586793  0.078959 0.195399 1 38 1.000000
0  -8.496854 -14.310692 -8.286383  0.008546 -0.225381 0.974233  0.115438 0.218066 1 38 1.000000
0  -8.282161 -14.261622 -8.376980  0.807304 0.006456 0.590100  0.078959 0.218066 1 38 1.000000
v_ic_ammo
0  -8.018003 -18.962473 -8.117311  0.014624 0.032974 0.999349  0.115225 0.530100 1 38 1.000000
0  -8.712057 -14.310769 -8.388989  -0.798961 -0.234696 0.553696  0.148973 0.218066 1 38 1.000000
0  -8.229317 -18.989086 -8.211825  -0.760350 -0.056986 0.647010  0.148892 0.530100 1 38 1.000000
v_ic_ammo
0  -8.617497 -14.203113 -8.766727  -0.380425 0.206438 -0.901477  0.209164 0.218066 1 38 1.000000
0  -8.792974 -14.125716 -8.514195  -0.941944 -0.076989 -0.326823  0.174196 0.195399 1 38 1.000000
0  -8.665420 -14.025568 -8.639859  -0.427699 0.544083 -0.721836  0.209163 0.195399 1 38 1.000000
v_ic_ammo
0  -8.447785 -19.908365 -10.548705  0.045194 0.913743 -0.403771  0.209092 0.970239 1 38 1.000000
0  -8.106590 -19.872202 -10.220616  -0.604315 0.796511 0.019323  0.174128 0.901032 1 38 1.000000
0  -8.051079 -19.861549 -10.400801  -0.125865 0.942587 -0.309334  0.209092 0.925620 1 38 1.000000
v_ic_ammo
0  -8.378021 -20.243578 -10.438740  0.974798 -0.219723 -0.038606  0.611142 0.867307 1 38 1.000000
0  -8.404116 -20.236544 -10.137078  0.985759 -0.026589 0.166049  0.612254 0.926710 1 38 1.000000
0  -8.399426 -20.336218 -10.437136  0.974120 -0.223315 -0.034941  0.578732 0.871517 1 38 1.000000
v_ic_ammo
0  -8.378021 -20.243578 -10.438740  0.974798 -0.219723 -0.038606  0.611142 0.867307 1 38 1.000000
0  -8.386054 -20.177698 -10.238714  0.989763 -0.048097 0.134368  0.631652 0.898866 1 38 1.000000
0  -8.404116 -20.236544 -10.137078  0.985759 -0.026589 0.166049  0.612254 0.926710 1 38 1.000000
v_ic_ammo
0  -8.396478 -20.176775 -10.638395  0.969618 -0.082527 -0.230281  0.626015 0.832474 1 38 1.000000
0  -8.399426 -20.336218 -10.437136  0.974120 -0.223315 -0.034941  0.578732 0.871517 1 38 1.000000
0  -8.424695 -20.235662 -10.737015  0.969696 -0.028985 -0.242591  0.602784 0.811862 1 38 1.000000
v_ic_ammo
0  -8.396478 -20.176775 -10.638395  0.969618 -0.082527 -0.230281  0.626015 0.832474 1 38 1.000000
0  -8.378021 -20.243578 -10.438740  0.974798 -0.219723 -0.038606  0.611142 0.867307 1 38 1.000000
0  -8.399426 -20.336218 -10.437136  0.974120 -0.223315 -0.034941  0.578732 0.871517 1 38 1.000000
v_ic_ammo
0  -7.796467 -22.300869 -10.013104  -0.082019 -0.691211 0.717984  0.115225 0.925594 1 38 1.000000
0  -7.518862 -22.304350 -10.114652  0.532064 -0.826751 0.182731  0.078754 0.909602 1 38 1.000000
0  -7.713612 -22.280249 -9.979229  -0.044643 -0.752563 0.657005  0.115225 0.909602 1 38 1.000000
v_ic_ammo
0  -7.850996 -20.909597 -10.300331  -0.279512 0.754628 -0.593642  0.209092 0.895117 1 38 1.000000
0  -7.660933 -21.031822 -10.422537  0.502031 0.311922 -0.806641  0.236831 0.909602 1 38 1.000000
0  -7.844832 -20.946468 -10.340660  -0.089992 0.801835 -0.590731  0.209092 0.909602 1 38 1.000000
v_ic_ammo
0  -8.257941 -21.361111 -10.396751  0.985146 -0.168598 -0.032579  0.611142 0.867307 1 38 1.000000
0  -8.263444 -21.292170 -10.199305  0.996018 -0.016051 0.087693  0.631652 0.898866 1 38 1.000000
0  -8.275178 -21.353374 -10.087493  0.994140 -0.006756 0.107894  0.612254 0.926710 1 38 1.000000
v_ic_ammo
0  -8.257941 -21.361111 -10.396751  0.985146 -0.168598 -0.032579  0.611142 0.867307 1 38 1.000000
0  -8.275178 -21.353374 -10.087493  0.994140 -0.006756 0.107894  0.612254 0.926710 1 38 1.000000
0  -8.275660 -21.461048 -10.392747  0.983204 -0.179463 -0.033217  0.578732 0.871517 1 38 1.000000
v_ic_ammo
0  -8.271329 -21.296669 -10.598546  0.974133 -0.097214 -0.203997  0.626015 0.832474 1 38 1.000000
0  -8.257941 -21.361111 -10.396751  0.985146 -0.168598 -0.032579  0.611142 0.867307 1 38 1.000000
0  -8.275660 -21.461048 -10.392747  0.983204 -0.179463 -0.033217  0.578732 0.871517 1 38 1.000000
v_ic_ammo
0  -8.271329 -21.296669 -10.598546  0.974133 -0.097214 -0.203997  0.626015 0.832474 1 38 1.000000
0  -8.275660 -21.461048 -10.392747  0.983204 -0.179463 -0.033217  0.578732 0.871517 1 38 1.000000
0  -8.300493 -21.361662 -10.705013  0.972458 -0.055089 -0.226476  0.602784 0.811862 1 38 1.000000
v_ic_ammo
0  -8.481854 -22.056236 -10.202921  -0.066752 0.968914 0.238223  0.756634 0.920999 1 38 1.000000
0  -8.193903 -22.203577 -9.963855  -0.009440 0.370119 0.928936  0.682148 0.934511 1 38 1.000000
0  -8.232897 -22.038023 -10.206396  -0.071584 0.960873 0.267579  0.726655 0.892497 1 38 1.000000
v_ic_ammo
0  -7.329911 -25.297724 -9.649749  0.988820 0.078238 -0.126939  0.967106 0.940064 1 39 1.000000
0  -7.364959 -24.900347 -9.677846  0.988821 0.078236 -0.126935  0.936782 0.959077 1 39 1.000000
0  -7.312094 -25.292715 -9.507872  0.988820 0.078239 -0.126938  0.967106 0.959077 1 39 1.000000
v_ic_ammo
0  -8.765770 -14.263610 -8.599638  -0.944667 -0.047292 -0.324605  0.174197 0.218066 1 38 1.000000
0  -8.732003 -14.194476 -8.328689  -0.649316 -0.651446 0.392437  0.148973 0.195399 1 38 1.000000
0  -8.792974 -14.125716 -8.514195  -0.941944 -0.076989 -0.326823  0.174196 0.195399 1 38 1.000000
v_ic_ammo
0  -10.007234 -25.191017 -13.899502  -0.150040 0.985738 -0.076209  0.903920 0.054197 1 39 1.000000
0  -9.229239 -25.244127 -14.554374  0.431552 0.854088 0.290339  0.869816 0.155765 1 39 1.000000
0  -9.544220 -25.183420 -14.663381  -0.165663 0.974741 -0.149783  0.903920 0.155765 1 39 1.000000
v_ic_ammo
0  -7.981156 -19.892508 -8.537931  -0.257991 0.829894 -0.494689  0.209092 0.727434 1 38 1.000000
0  -7.634532 -20.928329 -10.312980  0.521343 0.662886 -0.537386  0.236831 0.895117 1 38 1.000000
0  -7.850996 -20.909597 -10.300331  -0.279512 0.754628 -0.593642  0.209092 0.895117 1 38 1.000000
v_ic_ammo
0  -7.563013 -20.922455 -8.403823  0.972132 0.148526 -0.181382  0.042286 0.727434 1 38 1.000000
0  -7.576760 -21.164696 -8.341484  0.795415 -0.412481 0.444045  0.078754 0.756860 1 38 1.000000
0  -7.544311 -21.087114 -8.530974  0.944265 0.276657 -0.178396  0.042286 0.756860 1 38 1.000000
v_ic_ammo
0  -7.446966 -25.330627 -10.581899  0.988821 0.078237 -0.126933  0.839357 0.959077 1 39 1.000000
0  -7.438981 -25.028742 -10.333623  0.988821 0.078235 -0.126933  0.869816 0.940064 1 39 1.000000
0  -7.429150 -25.325617 -10.440021  0.988821 0.078238 -0.126931  0.839357 0.940064 1 39 1.000000
v_ic_ammo
0  -7.390253 -25.614323 -10.314954  0.988822 0.078245 -0.126924  0.936782 0.940064 1 39 1.000000
0  -7.332701 -25.874414 -10.026944  0.988820 0.078239 -0.126938  0.967106 0.959091 1 39 1.000000
0  -7.394101 -25.722992 -10.411925  0.988821 0.078246 -0.126925  0.936782 0.959091 1 39 1.000000
v_ic_ammo
0  -7.345073 -25.725737 -10.031684  0.988820 0.078238 -0.126940  0.967106 0.940064 1 39 1.000000
0  -7.298733 -25.696186 -9.652472  0.988821 0.078238 -0.126930  0.996434 0.959084 1 39 1.000000
0  -7.332701 -25.874414 -10.026944  0.988820 0.078239 -0.126938  0.967106 0.959091 1 39 1.000000
v_ic_ammo
0  -7.935025 -20.183708 -10.287010  0.231807 -0.972517 0.021819  0.078754 0.925594 1 38 1.000000
0  -7.694180 -20.041725 -10.378094  0.830091 -0.393887 -0.394718  0.042286 0.909602 1 38 1.000000
0  -7.774353 -20.120646 -10.198958  0.541381 -0.817169 0.197840  0.078754 0.909602 1 38 1.000000
v_ic_ammo
0  -8.098961 -25.839022 -15.174067  0.152069 -0.980880 -0.121449  0.967106 0.308299 1 39 1.000000
0  -7.173404 -25.563580 -14.980686  0.605035 -0.547206 -0.578358  0.996434 0.391175 1 39 1.000000
0  -7.358564 -25.713211 -14.779258  0.203715 -0.977283 -0.058463  0.967106 0.391175 1 39 1.000000
v_ic_ammo
0  -8.164431 -22.439602 -10.001991  0.067137 -0.607067 0.791810  0.612254 0.926710 1 38 1.000000
0  -8.448006 -22.222137 -9.958803  -0.014902 0.410398 0.911785  0.675449 0.976479 1 38 1.000000
0  -8.419983 -22.464867 -10.000683  0.069218 -0.610969 0.788623  0.609449 0.969166 1 38 1.000000
v_ic_ammo
0  -8.273630 -25.017481 -15.177334  -0.122706 0.983443 -0.133352  0.903920 0.308299 1 39 1.000000
0  -7.731863 -25.084057 -14.565641  -0.563688 0.643400 0.517969  0.869816 0.391175 1 39 1.000000
0  -7.546703 -24.934423 -14.767070  -0.115759 0.992889 -0.027761  0.903920 0.391175 1 39 1.000000
v_ic_ammo
0  -8.441999 -19.908880 -10.326899  -0.202350 0.939145 0.277597  0.174128 0.970239 1 38 1.000000
0  -8.103634 -19.990454 -10.075027  -0.718859 -0.238448 0.652982  0.148892 0.901032 1 38 1.000000
0  -8.106590 -19.872202 -10.220616  -0.604315 0.796511 0.019323  0.174128 0.901032 1 38 1.000000
v_ic_ammo
0  -7.843032 -21.188648 -10.002017  -0.098481 -0.816414 0.569007  0.115225 0.909602 1 38 1.000000
0  -8.004666 -21.070770 -10.034757  -0.756782 -0.229337 0.612115  0.148892 0.901032 1 38 1.000000
0  -7.954384 -21.212345 -10.072032  -0.169802 -0.697087 0.696589  0.115225 0.925594 1 38 1.000000
v_ic_ammo
0  -7.843032 -21.188648 -10.002017  -0.098481 -0.816414 0.569007  0.115225 0.909602 1 38 1.000000
0  -7.835160 -21.161184 -9.965796  -0.120945 -0.826449 0.549867  0.115225 0.895117 1 38 1.000000
0  -8.004666 -21.070770 -10.034757  -0.756782 -0.229337 0.612115  0.148892 0.901032 1 38 1.000000
v_ic_ammo
0  -7.364959 -24.900347 -9.677846  0.285987 0.682211 0.672904  0.936782 0.959077 1 39 1.000000
0  -7.878293 -24.605120 -10.074900  0.305620 0.945533 -0.112092  0.903920 0.989164 1 39 1.000000
0  -7.791926 -24.788067 -9.609000  0.293258 0.750700 0.591988  0.936782 0.989164 1 39 1.000000
v_ic_ammo
0  -8.009613 -20.956091 -10.185902  -0.576753 0.815560 -0.047083  0.174128 0.901032 1 38 1.000000
0  -7.844832 -20.946468 -10.340660  -0.089992 0.801835 -0.590731  0.209092 0.909602 1 38 1.000000
0  -7.962878 -20.970877 -10.373031  -0.043759 0.925410 -0.376433  0.209092 0.925620 1 38 1.000000
v_ic_ammo
0  -7.844832 -20.946468 -10.340660  -0.089992 0.801835 -0.590731  0.209092 0.909602 1 38 1.000000
0  -8.009613 -20.956091 -10.185902  -0.576753 0.815560 -0.047083  0.174128 0.901032 1 38 1.000000
0  -7.850996 -20.909597 -10.300331  -0.279512 0.754628 -0.593642  0.209092 0.895117 1 38 1.000000
v_ic_ammo
0  -10.366452 -12.695642 -6.604473  -0.227746 0.931649 0.283128  0.042437 0.012291 1 38 1.000000
0  -9.958636 -12.670246 -6.666340  0.040894 0.922904 -0.382851  0.005096 0.048492 1 38 1.000000
0  -10.218643 -12.706940 -6.775362  0.040246 0.903475 -0.426748  0.005096 0.012291 1 38 1.000000
v_ic_ammo
0  -7.668766 -21.229076 -10.153350  0.471788 -0.850957 0.230842  0.078754 0.909602 1 38 1.000000
0  -7.954384 -21.212345 -10.072032  -0.169802 -0.697087 0.696589  0.115225 0.925594 1 38 1.000000
0  -7.856102 -21.298704 -10.247448  0.209581 -0.973314 0.093462  0.078754 0.925594 1 38 1.000000
v_ic_ammo
0  -5.471448 -25.052416 -10.927049  0.895620 0.192953 0.400792  0.967106 0.741247 1 39 1.000000
0  -5.373383 -25.313786 -12.160866  0.838203 -0.515374 -0.178338  0.996434 0.640945 1 39 1.000000
0  -5.338435 -25.025713 -12.190289  0.946430 0.219528 -0.236806  0.967106 0.640945 1 39 1.000000
v_ic_ammo
0  -8.268270 -18.973640 -8.504659  -0.934693 0.274810 -0.225450  0.174128 0.727434 1 38 1.000000
0  -7.965663 -19.787331 -10.324380  -0.329734 0.783833 -0.526194  0.209092 0.895117 1 38 1.000000
0  -8.106590 -19.872202 -10.220616  -0.604315 0.796511 0.019323  0.174128 0.901032 1 38 1.000000
v_ic_ammo
0  -8.206054 -22.277086 -10.592633  0.260006 0.157440 -0.952685  0.236831 0.970239 1 38 1.000000
0  -7.840523 -22.075884 -10.335235  -0.106189 0.924009 -0.367330  0.209092 0.925620 1 38 1.000000
0  -7.737222 -22.174997 -10.466223  0.248291 0.279539 -0.927475  0.236831 0.925620 1 38 1.000000
v_ic_ammo
0  -7.701400 -21.046289 -8.671377  0.271078 0.747443 -0.606503  0.005096 0.756859 1 38 1.000000
0  -7.414279 -22.141289 -10.200445  0.970339 -0.019287 -0.240979  0.042286 0.895117 1 38 1.000000
0  -7.515770 -22.018856 -10.292793  0.486099 0.620796 -0.615077  0.005096 0.895117 1 38 1.000000
v_ic_ammo
0  -9.771560 -25.343075 -14.759127  -0.637653 0.537926 -0.551393  0.936782 0.155765 1 39 1.000000
0  -9.071725 -25.170818 -15.099402  -0.185003 0.972419 -0.142039  0.903920 0.220910 1 39 1.000000
0  -9.165369 -25.300377 -15.288450  -0.406707 0.581949 -0.704220  0.936782 0.220910 1 39 1.000000
v_ic_ammo
0  -7.534572 -21.065075 -10.218246  0.993394 -0.062598 -0.096177  0.042286 0.895117 1 38 1.000000
0  -7.768324 -19.891754 -8.491854  0.564747 0.732396 -0.380338  0.005096 0.727434 1 38 1.000000
0  -7.669015 -19.972588 -8.340273  0.991714 -0.066713 0.109783  0.042286 0.727434 1 38 1.000000
v_ic_ammo
0  -8.106590 -19.872202 -10.220616  -0.604315 0.796511 0.019323  0.174128 0.901032 1 38 1.000000
0  -7.958251 -19.834425 -10.392658  -0.115349 0.834978 -0.538057  0.209092 0.909602 1 38 1.000000
0  -8.051079 -19.861549 -10.400801  -0.125865 0.942587 -0.309334  0.209092 0.925620 1 38 1.000000
v_ic_ammo
0  -7.958251 -19.834425 -10.392658  -0.115349 0.834978 -0.538057  0.209092 0.909602 1 38 1.000000
0  -8.106590 -19.872202 -10.220616  -0.604315 0.796511 0.019323  0.174128 0.901032 1 38 1.000000
0  -7.965663 -19.787331 -10.324380  -0.329734 0.783833 -0.526194  0.209092 0.895117 1 38 1.000000
v_ic_ammo
0  -8.078561 -19.095287 -8.199303  -0.067581 -0.885044 0.460577  0.115225 0.727434 1 38 1.000000
0  -8.103634 -19.990454 -10.075027  -0.718859 -0.238448 0.652982  0.148892 0.901032 1 38 1.000000
0  -7.954070 -20.047760 -9.989079  -0.125931 -0.846190 0.517788  0.115225 0.895117 1 38 1.000000
v_ic_ammo
0  -7.958251 -19.834425 -10.392658  -0.115349 0.834978 -0.538057  0.209092 0.909602 1 38 1.000000
0  -7.773133 -19.919228 -10.464726  0.531076 0.339213 -0.776462  0.236831 0.909602 1 38 1.000000
0  -7.940352 -19.970621 -10.549353  0.275391 0.267830 -0.923270  0.236831 0.925620 1 38 1.000000
v_ic_ammo
0  -7.958251 -19.834425 -10.392658  -0.115349 0.834978 -0.538057  0.209092 0.909602 1 38 1.000000
0  -7.940352 -19.970621 -10.549353  0.275391 0.267830 -0.923270  0.236831 0.925620 1 38 1.000000
0  -8.051079 -19.861549 -10.400801  -0.125865 0.942587 -0.309334  0.209092 0.925620 1 38 1.000000
v_ic_ammo
0  -8.217379 -22.145832 -10.474290  0.944995 0.299301 -0.131925  0.688196 0.842003 1 38 1.000000
0  -8.236938 -22.270042 -10.729128  0.966411 0.150048 -0.208649  0.668521 0.789412 1 38 1.000000
0  -8.252049 -22.067602 -10.546974  0.947770 0.281282 -0.150373  0.721671 0.825656 1 38 1.000000
v_ic_ammo
0  -10.007234 -25.191017 -13.899502  0.382523 0.084884 -0.920038  0.903920 0.050582 1 39 1.000000
0  -10.389538 -25.259876 -14.064801  0.382518 0.084873 -0.920042  0.936782 0.032574 1 39 1.000000
0  -10.036971 -25.054661 -13.899285  0.382520 0.084883 -0.920040  0.903920 0.032574 1 39 1.000000
v_ic_ammo
0  -9.774453 -13.069042 -6.549942  -0.273818 -0.931020 0.241300  0.148973 0.072765 1 38 1.000000
0  -9.944168 -12.928329 -6.313302  -0.070240 -0.543049 0.836758  0.115438 0.048492 1 38 1.000000
0  -9.931648 -13.017229 -6.506989  -0.128326 -0.976741 0.171783  0.148972 0.048492 1 38 1.000000
v_ic_ammo
0  -10.325592 -25.627022 -14.072083  0.382514 0.084873 -0.920043  0.967106 0.050582 1 39 1.000000
0  -10.230355 -25.989779 -14.065952  0.382521 0.084879 -0.920040  0.996434 0.032574 1 39 1.000000
0  -10.469639 -25.647215 -14.133836  0.382515 0.084873 -0.920043  0.967106 0.032574 1 39 1.000000
v_ic_ammo
0  -7.394101 -25.722992 -10.411925  0.988821 0.078246 -0.126925  0.802855 0.959077 1 39 1.000000
0  -7.429150 -25.325617 -10.440021  0.988821 0.078238 -0.126931  0.839357 0.940064 1 39 1.000000
0  -7.390253 -25.614323 -10.314954  0.988822 0.078245 -0.126924  0.802855 0.940064 1 39 1.000000
v_ic_ammo
0  -9.582175 -25.799541 -13.778912  0.382532 0.084873 -0.920036  0.802855 0.050582 1 39 1.000000
0  -9.379188 -25.494343 -13.666362  0.382521 0.084870 -0.920041  0.839357 0.032574 1 39 1.000000
0  -9.459291 -25.881681 -13.735397  0.382530 0.084872 -0.920037  0.802855 0.032574 1 39 1.000000
v_ic_ammo
0  -9.699301 -25.262478 -13.778064  0.382523 0.084864 -0.920040  0.869816 0.050582 1 39 1.000000
0  -10.036971 -25.054661 -13.899285  0.382520 0.084883 -0.920040  0.903920 0.032574 1 39 1.000000
0  -9.618472 -25.151779 -13.734248  0.382521 0.084862 -0.920041  0.869816 0.032574 1 39 1.000000
v_ic_ammo
0  -10.578753 -12.643762 -6.749231  -0.284877 0.947379 0.146008  0.772750 0.710455 1 38 1.000000
0  -10.563272 -12.796069 -6.417994  -0.673867 0.351771 0.649738  0.722727 0.724640 1 38 1.000000
0  -10.425470 -12.620354 -6.601217  -0.292167 0.943808 0.154481  0.755957 0.691393 1 38 1.000000
v_ic_ammo
0  -9.515663 -25.471924 -13.162382  0.954280 0.212295 0.210429  0.839357 0.007150 1 39 1.000000
0  -9.459291 -25.881681 -13.735397  0.827529 -0.558634 0.055890  0.802855 0.032574 1 39 1.000000
0  -9.379188 -25.494343 -13.666362  0.962272 0.145356 0.230007  0.839357 0.032574 1 39 1.000000
v_ic_ammo
0  -8.496041 -22.092091 -10.549210  -0.079382 0.884821 -0.459118  0.764547 0.821551 1 38 1.000000
0  -8.232897 -22.038023 -10.206396  -0.071584 0.960873 0.267579  0.726655 0.892497 1 38 1.000000
0  -8.252049 -22.067602 -10.546974  -0.087352 0.896630 -0.434080  0.721671 0.825656 1 38 1.000000
v_ic_ammo
0  -7.515770 -22.018856 -10.292793  0.486099 0.620796 -0.615077  0.005096 0.895117 1 38 1.000000
0  -7.483357 -22.245567 -10.294862  0.742949 -0.459977 -0.486260  0.042286 0.909602 1 38 1.000000
0  -7.572343 -22.112682 -10.378372  0.419453 0.335687 -0.843429  0.005096 0.909602 1 38 1.000000
v_ic_ammo
0  -8.447785 -19.908365 -10.548705  0.933777 0.347133 -0.086946  0.688196 0.842003 1 38 1.000000
0  -8.460892 -20.010592 -10.810897  0.955253 0.196972 -0.220665  0.668521 0.789412 1 38 1.000000
0  -8.480762 -19.830496 -10.603148  0.940888 0.321786 -0.105755  0.721671 0.825656 1 38 1.000000
v_ic_ammo
0  -8.530936 -21.497519 -10.404775  0.138819 -0.990193 -0.015701  0.538306 0.853958 1 38 1.000000
0  -8.300493 -21.361662 -10.705013  0.125355 -0.714809 -0.687992  0.602784 0.811862 1 38 1.000000
0  -8.275660 -21.461048 -10.392747  0.142768 -0.989426 0.025572  0.578732 0.871517 1 38 1.000000
v_ic_ammo
0  -5.373383 -25.313786 -12.160866  0.838203 -0.515374 -0.178338  0.996434 0.640945 1 39 1.000000
0  -7.167204 -25.273508 -15.053510  0.649002 0.155889 -0.744644  0.967106 0.391175 1 39 1.000000
0  -5.338435 -25.025713 -12.190289  0.946430 0.219528 -0.236806  0.967106 0.640945 1 39 1.000000
v_ic_ammo
0  -7.298733 -25.696186 -9.652472  0.225436 -0.654869 0.721336  0.996434 0.959084 1 39 1.000000
0  -7.719733 -25.264593 -9.403883  0.251771 0.084464 0.964094  0.967106 0.989164 1 39 1.000000
0  -7.704006 -25.755548 -9.579703  0.225228 -0.662283 0.714601  0.996434 0.989164 1 39 1.000000
v_ic_ammo
0  -10.459764 -12.816499 -6.476779  0.516674 0.230105 0.824682  0.715839 0.705865 1 38 1.000000
0  -10.425470 -12.620354 -6.601217  0.591184 0.438725 0.676773  0.755957 0.691393 1 38 1.000000
0  -10.563272 -12.796069 -6.417994  0.514040 0.194251 0.835482  0.722727 0.724640 1 38 1.000000
v_ic_ammo
0  -9.523236 -25.514538 -13.728114  0.825773 0.197690 0.528221  0.839357 0.054197 1 39 1.000000
0  -9.115707 -25.779181 -14.500064  0.662221 -0.577980 0.476867  0.802855 0.155765 1 39 1.000000
0  -9.051744 -25.490898 -14.486727  0.801923 0.230632 0.551116  0.839357 0.155765 1 39 1.000000
v_ic_ammo
0  -6.486667 -24.807695 -10.366735  -0.077121 0.993986 0.077749  0.903920 0.847358 1 39 1.000000
0  -5.645179 -24.758564 -10.960319  0.520822 0.806194 0.280706  0.936782 0.741247 1 39 1.000000
0  -5.926395 -24.727047 -11.093345  -0.107979 0.994146 0.003852  0.903920 0.741247 1 39 1.000000
v_ic_ammo
0  -8.265068 -19.076126 -8.342694  -0.690058 -0.664821 0.286067  0.148892 0.727434 1 38 1.000000
0  -8.106590 -19.872202 -10.220616  -0.604315 0.796511 0.019323  0.174128 0.901032 1 38 1.000000
0  -8.103634 -19.990454 -10.075027  -0.718859 -0.238448 0.652982  0.148892 0.901032 1 38 1.000000
v_ic_ammo
0  -9.649375 -13.142429 -6.647388  -0.310355 -0.896182 0.317076  0.148973 0.097112 1 38 1.000000
0  -9.667764 -12.979855 -6.375070  0.176142 -0.562893 0.807543  0.115438 0.072765 1 38 1.000000
0  -9.774453 -13.069042 -6.549942  -0.273818 -0.931020 0.241300  0.148973 0.072765 1 38 1.000000
v_ic_ammo
0  -7.773133 -19.919228 -10.464726  0.531076 0.339213 -0.776462  0.005096 0.909602 1 38 1.000000
0  -7.866058 -20.102552 -10.468909  0.431504 -0.653577 -0.621805  0.042286 0.925594 1 38 1.000000
0  -7.940352 -19.970621 -10.549353  0.275391 0.267830 -0.923270  0.005096 0.925594 1 38 1.000000
v_ic_ammo
0  -6.169013 -24.835993 -11.227077  -0.691994 0.689277 -0.214572  0.869816 0.741247 1 39 1.000000
0  -5.831223 -24.714642 -12.070587  -0.089626 0.995889 -0.013156  0.903920 0.640945 1 39 1.000000
0  -6.105348 -24.873285 -11.991559  -0.753823 0.641247 0.143362  0.869816 0.640945 1 39 1.000000
v_ic_ammo
0  -10.149527 -25.879080 -14.022134  0.382521 0.084878 -0.920040  0.996434 0.050582 1 39 1.000000
0  -9.811856 -26.086897 -13.900912  0.382517 0.084867 -0.920043  0.967106 0.032574 1 39 1.000000
0  -10.230355 -25.989779 -14.065952  0.382521 0.084879 -0.920040  0.996434 0.032574 1 39 1.000000
v_ic_ammo
0  -8.665420 -14.025568 -8.639859  -0.427699 0.544083 -0.721836  0.209163 0.195399 1 38 1.000000
0  -9.746478 -13.079844 -6.826395  -0.790594 -0.529703 -0.307207  0.174196 0.097112 1 38 1.000000
0  -9.693237 -12.931553 -6.919652  -0.563497 0.340256 -0.752793  0.209163 0.097112 1 38 1.000000
v_ic_ammo
0  -9.544220 -25.183420 -14.663381  -0.165663 0.974741 -0.149783  0.903920 0.155765 1 39 1.000000
0  -8.969488 -25.254272 -14.868845  0.184096 0.825270 0.533890  0.869816 0.220910 1 39 1.000000
0  -9.071725 -25.170818 -15.099402  -0.185003 0.972419 -0.142039  0.903920 0.220910 1 39 1.000000
v_ic_ammo
0  -7.840137 -22.177105 -9.975917  -0.654219 -0.322137 0.684270  0.148892 0.901032 1 38 1.000000
0  -7.774316 -21.220615 -8.245595  0.122648 -0.711109 0.692302  0.115225 0.756860 1 38 1.000000
0  -7.988212 -21.212763 -8.315516  -0.606599 -0.628633 0.486680  0.148892 0.756860 1 38 1.000000
v_ic_ammo
0  -9.943249 -12.810266 -6.790104  0.055592 0.235305 -0.970330  0.209163 0.048492 1 38 1.000000
0  -10.218643 -12.706940 -6.775362  0.040246 0.903475 -0.426748  0.236935 0.012291 1 38 1.000000
0  -9.958636 -12.670246 -6.666340  0.040894 0.922904 -0.382851  0.236933 0.048492 1 38 1.000000
v_ic_ammo
0  -8.306782 -25.131557 -14.899228  -0.249346 0.726813 0.639975  0.869816 0.308299 1 39 1.000000
0  -9.071725 -25.170818 -15.099402  -0.185003 0.972419 -0.142039  0.903920 0.220910 1 39 1.000000
0  -8.969488 -25.254272 -14.868845  0.184096 0.825270 0.533890  0.869816 0.220910 1 39 1.000000
v_ic_ammo
0  -8.645645 -20.367254 -10.456572  0.125359 -0.991616 -0.031364  0.538306 0.853958 1 38 1.000000
0  -8.665602 -20.263638 -10.756185  0.120673 -0.664802 -0.737208  0.561406 0.797880 1 38 1.000000
0  -8.424695 -20.235662 -10.737015  0.139489 -0.706221 -0.694114  0.602784 0.811862 1 38 1.000000
v_ic_ammo
0  -9.931238 -12.964686 -6.719186  -0.147249 -0.767305 -0.624148  0.174196 0.048492 1 38 1.000000
0  -9.943249 -12.810266 -6.790104  0.055592 0.235305 -0.970330  0.209163 0.048492 1 38 1.000000
0  -9.813329 -12.853045 -6.830452  -0.367863 0.222770 -0.902801  0.209164 0.072765 1 38 1.000000
v_ic_ammo
0  -7.460327 -24.927153 -10.437298  0.281827 0.636056 -0.718336  0.869816 0.959077 1 39 1.000000
0  -7.446966 -25.330627 -10.581899  0.254816 -0.037701 -0.966254  0.839357 0.959077 1 39 1.000000
0  -7.912515 -25.313873 -10.704490  0.255385 0.019498 -0.966643  0.839357 0.989164 1 39 1.000000
v_ic_ammo
0  -8.229698 -14.202326 -8.584661  0.932921 0.262204 -0.246794  0.042436 0.218066 1 38 1.000000
0  -8.378924 -14.175835 -8.760080  0.395215 0.331648 -0.856630  0.005096 0.218066 1 38 1.000000
0  -8.445040 -13.971081 -8.608409  0.289805 0.754290 -0.589117  0.005096 0.195399 1 38 1.000000
v_ic_ammo
0  -10.593697 -25.190704 -13.617136  -0.656630 0.637050 -0.403738  0.936782 0.007150 1 39 1.000000
0  -10.205577 -24.948221 -13.417129  -0.018868 0.978290 -0.206379  0.903920 0.007150 1 39 1.000000
0  -10.036971 -25.054661 -13.899285  -0.073628 0.969355 -0.234371  0.903920 0.032574 1 39 1.000000
v_ic_ammo
0  -8.441999 -19.908880 -10.326899  0.944988 0.326946 0.010164  0.691435 0.876770 1 38 1.000000
0  -8.447785 -19.908365 -10.548705  0.933777 0.347133 -0.086946  0.688196 0.842003 1 38 1.000000
0  -8.480762 -19.830496 -10.603148  0.940888 0.321786 -0.105755  0.721671 0.825656 1 38 1.000000
v_ic_ammo
0  -10.674748 -25.669857 -13.693968  -0.886261 -0.164820 -0.432869  0.967106 0.007150 1 39 1.000000
0  -10.593697 -25.190704 -13.617136  -0.656630 0.637050 -0.403738  0.936782 0.007150 1 39 1.000000
0  -10.389538 -25.259876 -14.064801  -0.708860 0.580906 -0.400083  0.936782 0.032574 1 39 1.000000
v_ic_ammo
0  -8.155382 -22.386755 -10.120752  0.997478 -0.002863 0.070923  0.631652 0.898866 1 38 1.000000
0  -8.176743 -22.233778 -10.095869  0.972978 0.218870 0.073546  0.669537 0.900978 1 38 1.000000
0  -8.193903 -22.203577 -9.963855  0.977006 0.194676 0.086953  0.682148 0.934511 1 38 1.000000
v_ic_ammo
0  -8.555751 -21.394535 -10.716080  0.101032 -0.686555 -0.720024  0.589903 0.772089 1 38 1.000000
0  -8.581619 -21.156033 -10.785045  -0.052831 0.268467 -0.961839  0.650625 0.752415 1 38 1.000000
0  -8.330976 -21.130056 -10.789148  -0.022394 0.252684 -0.967290  0.668521 0.789412 1 38 1.000000
v_ic_ammo
0  -7.699162 -22.380581 -10.198246  0.260721 -0.962737 0.071841  0.078754 0.925594 1 38 1.000000
0  -7.649302 -22.302053 -10.386453  0.442872 -0.623342 -0.644445  0.042286 0.925594 1 38 1.000000
0  -7.483357 -22.245567 -10.294862  0.742949 -0.459977 -0.486260  0.042286 0.909602 1 38 1.000000
v_ic_ammo
0  -9.959372 -12.764928 -6.283977  -0.062473 0.370468 0.926742  0.078959 0.048492 1 38 1.000000
0  -9.944168 -12.928329 -6.313302  -0.070240 -0.543049 0.836758  0.115438 0.048492 1 38 1.000000
0  -9.667764 -12.979855 -6.375070  0.176142 -0.562893 0.807543  0.115438 0.072765 1 38 1.000000
v_ic_ammo
0  -8.419983 -22.464867 -10.000683  0.069218 -0.610969 0.788623  0.572806 0.947237 1 38 1.000000
0  -8.418887 -22.601645 -10.297024  0.133093 -0.987664 0.082496  0.539860 0.894632 1 38 1.000000
0  -8.166675 -22.568363 -10.292083  0.123260 -0.986298 0.109654  0.578732 0.871517 1 38 1.000000
v_ic_ammo
0  -10.295783 -13.059655 -6.630666  0.047641 -0.975850 0.213183  0.148973 0.012291 1 38 1.000000
0  -10.161971 -12.998856 -6.796369  0.301591 -0.807414 -0.507076  0.174197 0.012291 1 38 1.000000
0  -9.931238 -12.964686 -6.719186  -0.147249 -0.767305 -0.624148  0.174196 0.048492 1 38 1.000000
v_ic_ammo
0  -8.664175 -20.032307 -10.055406  -0.005431 0.238849 0.971042  0.675449 0.976479 1 38 1.000000
0  -8.645010 -20.264301 -10.144694  0.061823 -0.732108 0.678377  0.609449 0.969166 1 38 1.000000
0  -8.404116 -20.236544 -10.137078  0.073316 -0.706460 0.703945  0.612254 0.926710 1 38 1.000000
v_ic_ammo
0  -10.205577 -24.948221 -13.417129  -0.018868 0.978290 -0.206379  0.903920 0.007150 1 39 1.000000
0  -9.737744 -25.084455 -13.211106  0.604968 0.794003 0.059762  0.869816 0.007150 1 39 1.000000
0  -9.618472 -25.151779 -13.734248  0.573741 0.818969 0.010512  0.869816 0.032574 1 39 1.000000
v_ic_ammo
0  -8.299411 -21.119722 -10.019114  0.982808 0.157084 0.097016  0.682148 0.934511 1 38 1.000000
0  -8.275178 -21.353374 -10.087493  0.994140 -0.006756 0.107894  0.612254 0.926710 1 38 1.000000
0  -8.263444 -21.292170 -10.199305  0.996018 -0.016051 0.087693  0.631652 0.898866 1 38 1.000000
v_ic_ammo
0  -10.366452 -12.695642 -6.604473  0.610818 0.446040 0.654179  0.736744 0.685949 1 38 1.000000
0  -10.218643 -12.706940 -6.775362  0.762941 0.390251 0.515389  0.733213 0.658200 1 38 1.000000
0  -10.207387 -12.636214 -6.846081  0.785166 0.373878 0.493690  0.750583 0.646594 1 38 1.000000
v_ic_ammo
0  -8.004666 -21.070770 -10.034757  -0.756782 -0.229337 0.612115  0.148892 0.901032 1 38 1.000000
0  -8.009613 -20.956091 -10.185902  -0.576753 0.815560 -0.047083  0.174128 0.901032 1 38 1.000000
0  -8.303443 -21.023138 -10.296939  -0.318433 0.913023 0.254929  0.174128 0.970239 1 38 1.000000
v_ic_ammo
0  -9.166721 -25.582958 -15.397056  -0.425305 -0.086798 -0.900878  0.967106 0.220910 1 39 1.000000
0  -9.165369 -25.300377 -15.288450  -0.406707 0.581949 -0.704220  0.936782 0.220910 1 39 1.000000
0  -8.200495 -25.131269 -15.402820  0.017887 0.683786 -0.729464  0.936782 0.308299 1 39 1.000000
v_ic_ammo
0  -8.344157 -20.940634 -10.581799  0.944306 0.305291 -0.122816  0.721671 0.825656 1 38 1.000000
0  -8.330111 -20.936035 -10.239100  0.960440 0.277375 0.024859  0.726655 0.892497 1 38 1.000000
0  -8.303443 -21.023138 -10.296939  0.956116 0.292824 0.009795  0.691435 0.876770 1 38 1.000000
v_ic_ammo
0  -8.427526 -20.027590 -10.687334  0.245034 0.319225 -0.915453  0.236831 0.970239 1 38 1.000000
0  -8.447785 -19.908365 -10.548705  0.045194 0.913743 -0.403771  0.209092 0.970239 1 38 1.000000
0  -8.051079 -19.861549 -10.400801  -0.125865 0.942587 -0.309334  0.209092 0.925620 1 38 1.000000
v_ic_ammo
0  -8.330976 -21.130056 -10.789148  0.958827 0.160031 -0.234609  0.668521 0.789412 1 38 1.000000
0  -8.344157 -20.940634 -10.581799  0.944306 0.305291 -0.122816  0.721671 0.825656 1 38 1.000000
0  -8.307820 -21.025635 -10.518501  0.935864 0.338942 -0.096311  0.688196 0.842003 1 38 1.000000
v_ic_ammo
0  -8.039100 -20.128294 -10.102049  -0.119872 -0.727572 0.675478  0.115225 0.925594 1 38 1.000000
0  -7.935025 -20.183708 -10.287010  0.231807 -0.972517 0.021819  0.078754 0.925594 1 38 1.000000
0  -7.774353 -20.120646 -10.198958  0.541381 -0.817169 0.197840  0.078754 0.909602 1 38 1.000000
v_ic_ammo
0  -7.762293 -18.947838 -8.440583  0.965061 0.090483 -0.245905  0.042286 0.530100 1 38 1.000000
0  -7.810158 -18.944117 -8.219119  0.781095 0.098386 0.616613  0.078754 0.530100 1 38 1.000000
0  -7.705656 -19.971251 -8.192477  0.781180 0.091293 0.617594  0.078754 0.625072 1 38 1.000000
v_ic_ammo
0  -9.379114 -12.804966 -6.685474  0.619858 0.784044 0.032422  0.042436 0.097112 1 38 1.000000
0  -9.529746 -12.809220 -6.856937  0.092985 0.849358 -0.519562  0.005096 0.097112 1 38 1.000000
0  -9.716242 -12.710511 -6.724860  0.072580 0.881667 -0.466257  0.005096 0.072765 1 38 1.000000
v_ic_ammo
0  -7.518862 -22.304350 -10.114652  0.532064 -0.826751 0.182731  0.078754 0.909602 1 38 1.000000
0  -7.483357 -22.245567 -10.294862  0.742949 -0.459977 -0.486260  0.042286 0.909602 1 38 1.000000
0  -7.414279 -22.141289 -10.200445  0.970339 -0.019287 -0.240979  0.042286 0.895117 1 38 1.000000
v_ic_ammo
0  -5.338435 -25.025713 -12.190289  0.946430 0.219528 -0.236806  0.967106 0.640945 1 39 1.000000
0  -7.167204 -25.273508 -15.053510  0.649002 0.155889 -0.744644  0.967106 0.391175 1 39 1.000000
0  -7.306437 -25.012894 -14.972069  0.367821 0.764291 -0.529686  0.936782 0.391175 1 39 1.000000
v_ic_ammo
0  -8.396478 -20.176775 -10.638395  0.300601 -0.594784 -0.745567  0.042286 0.970239 1 38 1.000000
0  -8.427526 -20.027590 -10.687334  0.245034 0.319225 -0.915453  0.005096 0.970239 1 38 1.000000
0  -7.940352 -19.970621 -10.549353  0.275391 0.267830 -0.923270  0.005096 0.925594 1 38 1.000000
v_ic_ammo
0  -7.773133 -19.919228 -10.464726  0.531076 0.339213 -0.776462  0.236831 0.909602 1 38 1.000000
0  -7.958251 -19.834425 -10.392658  -0.115349 0.834978 -0.538057  0.209092 0.909602 1 38 1.000000
0  -7.965663 -19.787331 -10.324380  -0.329734 0.783833 -0.526194  0.209092 0.895117 1 38 1.000000
v_ic_ammo
0  -7.739069 -20.013376 -10.068289  0.672014 -0.634282 0.382208  0.078754 0.895117 1 38 1.000000
0  -7.954070 -20.047760 -9.989079  -0.125931 -0.846190 0.517788  0.115225 0.895117 1 38 1.000000
0  -7.943080 -20.104380 -10.061440  0.024922 -0.825584 0.563728  0.115225 0.909602 1 38 1.000000
v_ic_ammo
0  -7.844832 -20.946468 -10.340660  -0.089992 0.801835 -0.590731  0.209092 0.909602 1 38 1.000000
0  -7.660933 -21.031822 -10.422537  0.502031 0.311922 -0.806641  0.236831 0.909602 1 38 1.000000
0  -7.860067 -21.087387 -10.512717  0.289750 0.265335 -0.919588  0.236831 0.925620 1 38 1.000000
v_ic_ammo
0  -8.103634 -19.990454 -10.075027  -0.718859 -0.238448 0.652982  0.148892 0.901032 1 38 1.000000
0  -8.039100 -20.128294 -10.102049  -0.119872 -0.727572 0.675478  0.115225 0.925594 1 38 1.000000
0  -7.943080 -20.104380 -10.061440  0.024922 -0.825584 0.563728  0.115225 0.909602 1 38 1.000000
v_ic_ammo
0  -9.933420 -26.241234 -13.396597  0.275693 -0.937702 -0.211444  0.967106 0.007150 1 39 1.000000
0  -10.401253 -26.105000 -13.602617  -0.439589 -0.823894 -0.357715  0.996434 0.007150 1 39 1.000000
0  -10.230355 -25.989779 -14.065952  -0.464457 -0.799596 -0.380692  0.996434 0.032574 1 39 1.000000
v_ic_ammo
0  -7.910452 -18.970835 -8.614941  0.410236 0.015436 -0.911849  0.005096 0.530100 1 38 1.000000
0  -7.762293 -18.947838 -8.440583  0.965061 0.090483 -0.245905  0.042286 0.530100 1 38 1.000000
0  -7.657825 -19.974634 -8.413954  0.964765 0.094101 -0.245711  0.042286 0.625072 1 38 1.000000
v_ic_ammo
0  -8.386054 -20.177698 -10.238714  0.989763 -0.048097 0.134368  0.631652 0.898866 1 38 1.000000
0  -8.414528 -20.028746 -10.188940  0.966271 0.226876 0.121849  0.669537 0.900978 1 38 1.000000
0  -8.435233 -20.011696 -10.062789  0.969081 0.198078 0.147128  0.682148 0.934511 1 38 1.000000
v_ic_ammo
0  -7.988212 -21.212763 -8.315516  -0.606599 -0.628633 0.486680  0.148892 0.756860 1 38 1.000000
0  -7.774316 -21.220615 -8.245595  0.122648 -0.711109 0.692302  0.115225 0.756860 1 38 1.000000
0  -7.802755 -20.994471 -8.085609  0.070938 -0.281694 0.956878  0.115225 0.727434 1 38 1.000000
v_ic_ammo
0  -9.459291 -25.881681 -13.735397  0.382530 0.084872 -0.920037  0.936782 0.032574 1 39 1.000000
0  -9.811856 -26.086897 -13.900912  0.382517 0.084867 -0.920043  0.967106 0.032574 1 39 1.000000
0  -9.841594 -25.950541 -13.900698  0.382520 0.084865 -0.920042  0.967106 0.050582 1 39 1.000000
v_ic_ammo
0  -5.743686 -25.498308 -11.102722  0.265411 -0.963534 0.034056  0.967106 0.741247 1 39 1.000000
0  -6.034743 -25.473358 -11.234818  -0.412048 -0.887380 -0.206818  0.936782 0.741247 1 39 1.000000
0  -5.975439 -25.409119 -11.999515  -0.448170 -0.885695 0.121193  0.936782 0.640944 1 39 1.000000
v_ic_ammo
0  -8.180502 -20.030762 -8.404858  -0.973134 -0.103054 -0.205889  0.174128 0.625071 1 38 1.000000
0  -8.124809 -20.016262 -8.185185  -0.758907 -0.064451 0.648002  0.148892 0.625072 1 38 1.000000
0  -8.229317 -18.989086 -8.211825  -0.760350 -0.056986 0.647010  0.148892 0.530100 1 38 1.000000
v_ic_ammo
0  -6.169013 -24.835993 -11.227077  -0.691994 0.689277 -0.214572  0.869816 0.741247 1 39 1.000000
0  -6.224272 -25.171877 -11.285997  -0.924156 -0.197525 -0.326984  0.839357 0.741247 1 39 1.000000
0  -6.606123 -25.228167 -10.744270  -0.578222 -0.149593 -0.802048  0.839357 0.847358 1 39 1.000000
v_ic_ammo
0  -9.826064 -25.630564 -14.782186  -0.744148 -0.169109 -0.646255  0.967106 0.155765 1 39 1.000000
0  -9.771560 -25.343075 -14.759127  -0.637653 0.537926 -0.551393  0.936782 0.155765 1 39 1.000000
0  -9.165369 -25.300377 -15.288450  -0.406707 0.581949 -0.704220  0.936782 0.220910 1 39 1.000000
v_ic_ammo
0  -10.351439 -12.657879 -6.990487  0.229948 0.901806 -0.365882  0.776471 0.646108 1 38 1.000000
0  -10.578753 -12.643762 -6.749231  -0.284877 0.947379 0.146008  0.780985 0.685222 1 38 1.000000
0  -10.425470 -12.620354 -6.601217  -0.292167 0.943808 0.154481  0.755957 0.691393 1 38 1.000000
v_ic_ammo
0  -6.393817 -25.515114 -10.627823  -0.249572 -0.869529 -0.426184  0.936782 0.847358 1 39 1.000000
0  -6.257331 -25.576859 -10.385459  0.244238 -0.963091 0.113154  0.967106 0.847358 1 39 1.000000
0  -7.345073 -25.725737 -10.031684  0.146134 -0.986670 0.071607  0.967106 0.933097 1 39 1.000000
v_ic_ammo
0  -10.428313 -12.978500 -6.488434  -0.243319 -0.530343 0.812116  0.115438 0.012291 1 38 1.000000
0  -10.295783 -13.059655 -6.630666  0.047641 -0.975850 0.213183  0.148973 0.012291 1 38 1.000000
0  -9.931648 -13.017229 -6.506989  -0.128326 -0.976741 0.171783  0.148972 0.048492 1 38 1.000000
v_ic_ammo
0  -7.869153 -18.888577 -8.551338  0.544449 0.757160 -0.360950  0.005096 0.727434 1 38 1.000000
0  -7.767376 -18.970057 -8.400903  0.990328 -0.087461 0.107709  0.042286 0.727434 1 38 1.000000
0  -7.659501 -19.942030 -10.235393  0.997462 -0.041749 -0.057672  0.042286 0.895117 1 38 1.000000
v_ic_ammo
0  -8.700135 -19.845598 -10.595290  -0.076547 0.938380 -0.337022  0.764547 0.821551 1 38 1.000000
0  -8.688704 -19.845966 -10.255939  -0.048972 0.930101 0.364024  0.769380 0.886664 1 38 1.000000
0  -8.469345 -19.830986 -10.270209  -0.041009 0.934771 0.352876  0.726655 0.892497 1 38 1.000000
v_ic_ammo
0  -10.266652 -25.342014 -14.021287  -0.667440 0.605352 -0.433673  0.936782 0.054197 1 39 1.000000
0  -10.007234 -25.191017 -13.899502  -0.150040 0.985738 -0.076209  0.903920 0.054197 1 39 1.000000
0  -9.544220 -25.183420 -14.663381  -0.165663 0.974741 -0.149783  0.903920 0.155765 1 39 1.000000
v_ic_ammo
0  -7.413987 -24.897602 -10.058086  0.988822 0.078233 -0.126930  0.903920 0.940064 1 39 1.000000
0  -7.438981 -25.028742 -10.333623  0.988821 0.078235 -0.126933  0.869816 0.940064 1 39 1.000000
0  -7.460327 -24.927153 -10.437298  0.988821 0.078235 -0.126932  0.869816 0.959077 1 39 1.000000
v_ic_ammo
0  -8.572474 -20.957668 -10.209819  -0.050322 0.931789 0.359496  0.756634 0.920999 1 38 1.000000
0  -8.544347 -21.147179 -9.998786  0.032533 0.252929 0.966938  0.710189 0.964633 1 38 1.000000
0  -8.299411 -21.119722 -10.019114  0.057983 0.290041 0.955256  0.682148 0.934511 1 38 1.000000
v_ic_ammo
0  -10.673612 -13.055376 -6.586033  -0.486018 -0.634850 0.600626  0.649637 0.733173 1 38 1.000000
0  -10.469724 -13.171156 -6.786983  0.048307 -0.993355 0.104460  0.627924 0.698128 1 38 1.000000
0  -10.321555 -13.148333 -6.638047  0.033592 -0.992014 0.121575  0.649662 0.680774 1 38 1.000000
v_ic_ammo
0  -7.576139 -21.159187 -10.333179  0.797586 -0.443984 -0.408332  0.042286 0.909602 1 38 1.000000
0  -7.660933 -21.031822 -10.422537  0.502031 0.311922 -0.806641  0.005096 0.909602 1 38 1.000000
0  -7.634532 -20.928329 -10.312980  0.521343 0.662886 -0.537386  0.005096 0.895117 1 38 1.000000
v_ic_ammo
0  -9.523236 -25.514538 -13.728114  0.382520 0.084870 -0.920041  0.839357 0.050582 1 39 1.000000
0  -9.699301 -25.262478 -13.778064  0.382523 0.084864 -0.920040  0.869816 0.050582 1 39 1.000000
0  -9.618472 -25.151779 -13.734248  0.382521 0.084862 -0.920041  0.869816 0.032574 1 39 1.000000
v_ic_ammo
0  -8.688704 -19.845966 -10.255939  -0.048972 0.930101 0.364024  0.756634 0.920999 1 38 1.000000
0  -8.664175 -20.032307 -10.055406  -0.005431 0.238849 0.971042  0.710189 0.964633 1 38 1.000000
0  -8.435233 -20.011696 -10.062789  0.019187 0.239477 0.970712  0.682148 0.934511 1 38 1.000000
v_ic_ammo
0  -7.320079 -25.594599 -9.756146  0.988821 0.078238 -0.126929  0.996434 0.940064 1 39 1.000000
0  -7.329911 -25.297724 -9.649749  0.988820 0.078238 -0.126939  0.967106 0.940064 1 39 1.000000
0  -7.312094 -25.292715 -9.507872  0.988820 0.078239 -0.126938  0.967106 0.959077 1 39 1.000000
v_ic_ammo
0  -8.712057 -14.310769 -8.388989  -0.798961 -0.234696 0.553696  0.148973 0.218066 1 38 1.000000
0  -8.496854 -14.310692 -8.286383  0.008546 -0.225381 0.974233  0.115438 0.218066 1 38 1.000000
0  -8.527860 -14.182674 -8.218824  0.108144 -0.638976 0.761587  0.115438 0.195399 1 38 1.000000
v_ic_ammo
0  -7.835160 -21.161184 -9.965796  -0.120945 -0.826449 0.549867  0.115225 0.895117 1 38 1.000000
0  -7.625620 -21.134974 -10.040626  0.640045 -0.657755 0.397115  0.078754 0.895117 1 38 1.000000
0  -7.762852 -20.074635 -8.197502  0.549634 -0.704550 0.448900  0.078754 0.727434 1 38 1.000000
v_ic_ammo
0  -7.913483 -19.989780 -8.090664  0.016357 0.019386 0.999678  0.115225 0.625071 1 38 1.000000
0  -7.705656 -19.971251 -8.192477  0.781180 0.091293 0.617594  0.078754 0.625072 1 38 1.000000
0  -7.810158 -18.944117 -8.219119  0.781095 0.098386 0.616613  0.078754 0.530100 1 38 1.000000
v_ic_ammo
0  -7.657825 -19.974634 -8.413954  0.964765 0.094101 -0.245711  0.042286 0.625072 1 38 1.000000
0  -7.705656 -19.971251 -8.192477  0.781180 0.091293 0.617594  0.078754 0.625072 1 38 1.000000
0  -7.600182 -20.956507 -8.188950  0.775639 -0.120673 0.619534  0.078754 0.727434 1 38 1.000000
v_ic_ammo
0  -10.428313 -12.978500 -6.488434  -0.243319 -0.530343 0.812116  0.115438 0.012291 1 38 1.000000
0  -9.944168 -12.928329 -6.313302  -0.070240 -0.543049 0.836758  0.115438 0.048492 1 38 1.000000
0  -9.959372 -12.764928 -6.283977  -0.062473 0.370468 0.926742  0.078959 0.048492 1 38 1.000000
v_ic_ammo
0  -10.211360 -12.852386 -7.111327  0.695355 0.164756 -0.699526  0.725543 0.601428 1 38 1.000000
0  -10.351439 -12.657879 -6.990487  0.229948 0.901806 -0.365882  0.763187 0.622775 1 38 1.000000
0  -10.207387 -12.636214 -6.846081  0.219364 0.910214 -0.351270  0.750583 0.646594 1 38 1.000000
v_ic_ammo
0  -8.271329 -21.296669 -10.598546  0.331880 -0.616831 -0.713706  0.042286 0.970239 1 38 1.000000
0  -8.293527 -21.147369 -10.652728  0.281343 0.258303 -0.924189  0.005096 0.970239 1 38 1.000000
0  -7.860067 -21.087387 -10.512717  0.289750 0.265335 -0.919588  0.005096 0.925594 1 38 1.000000
v_ic_ammo
0  -7.368809 -25.009018 -9.774816  0.988821 0.078235 -0.126935  0.936782 0.940064 1 39 1.000000
0  -7.413987 -24.897602 -10.058086  0.988822 0.078233 -0.126930  0.903920 0.940064 1 39 1.000000
0  -7.426359 -24.748926 -10.062826  0.988822 0.078233 -0.126929  0.903920 0.959077 1 39 1.000000
v_ic_ammo
0  -8.176743 -22.233778 -10.095869  -0.340859 0.348367 0.873187  0.148892 0.970239 1 38 1.000000
0  -8.155382 -22.386755 -10.120752  -0.062968 -0.682189 0.728459  0.115225 0.970239 1 38 1.000000
0  -7.796467 -22.300869 -10.013104  -0.082019 -0.691211 0.717984  0.115225 0.925594 1 38 1.000000
v_ic_ammo
0  -7.843032 -21.188648 -10.002017  -0.098481 -0.816414 0.569007  0.115225 0.909602 1 38 1.000000
0  -7.668766 -21.229076 -10.153350  0.471788 -0.850957 0.230842  0.078754 0.909602 1 38 1.000000
0  -7.625620 -21.134974 -10.040626  0.640045 -0.657755 0.397115  0.078754 0.895117 1 38 1.000000
v_ic_ammo
0  -8.204334 -22.126554 -10.253209  0.946470 0.321243 -0.031587  0.691435 0.876770 1 38 1.000000
0  -8.217379 -22.145832 -10.474290  0.944995 0.299301 -0.131925  0.688196 0.842003 1 38 1.000000
0  -8.252049 -22.067602 -10.546974  0.947770 0.281282 -0.150373  0.721671 0.825656 1 38 1.000000
v_ic_ammo
0  -8.378924 -14.175835 -8.760080  0.395215 0.331648 -0.856630  0.236935 0.218066 1 38 1.000000
0  -7.910452 -18.970835 -8.614941  0.410236 0.015436 -0.911849  0.236831 0.530100 1 38 1.000000
0  -8.143065 -18.995790 -8.610894  -0.438886 -0.069619 -0.895842  0.209092 0.530100 1 38 1.000000
v_ic_ammo
0  -8.076984 -25.712189 -15.400512  0.232835 -0.636422 -0.735360  0.996434 0.308299 1 39 1.000000
0  -8.114325 -25.419853 -15.543062  0.165847 0.028247 -0.985747  0.967106 0.308299 1 39 1.000000
0  -7.167204 -25.273508 -15.053510  0.649002 0.155889 -0.744644  0.967106 0.391175 1 39 1.000000
v_ic_ammo
0  -6.195833 -25.451685 -10.135389  0.539781 -0.534543 0.650308  0.996434 0.847358 1 39 1.000000
0  -6.233256 -25.175573 -10.058064  0.547943 0.121918 0.827583  0.967106 0.847358 1 39 1.000000
0  -7.329911 -25.297724 -9.649749  0.332152 0.055987 0.941563  0.967106 0.933097 1 39 1.000000
v_ic_ammo
0  -9.692240 -25.876957 -14.716064  -0.443826 -0.798683 -0.406355  0.996434 0.155765 1 39 1.000000
0  -9.826064 -25.630564 -14.782186  -0.744148 -0.169109 -0.646255  0.967106 0.155765 1 39 1.000000
0  -9.166721 -25.582958 -15.397056  -0.425305 -0.086798 -0.900878  0.967106 0.220910 1 39 1.000000
v_ic_ammo
0  -7.446966 -25.330627 -10.581899  0.254816 -0.037701 -0.966254  0.839357 0.959077 1 39 1.000000
0  -7.394101 -25.722992 -10.411925  0.238819 -0.704269 -0.668558  0.802855 0.959077 1 39 1.000000
0  -7.840323 -25.790396 -10.499373  0.238119 -0.638341 -0.731998  0.802855 0.989164 1 39 1.000000
v_ic_ammo
0  -7.719240 -20.917957 -8.568429  0.372640 0.346007 -0.861057  0.236831 0.727434 1 38 1.000000
0  -7.951220 -20.946404 -8.558814  -0.533817 0.212914 -0.818356  0.209092 0.727434 1 38 1.000000
0  -8.038622 -20.022356 -8.584270  -0.438928 -0.065648 -0.896121  0.209092 0.625071 1 38 1.000000
v_ic_ammo
0  -6.165082 -25.160946 -11.962118  -0.948639 -0.220424 0.226931  0.839357 0.640944 1 39 1.000000
0  -6.105348 -24.873285 -11.991559  -0.753823 0.641247 0.143362  0.869816 0.640945 1 39 1.000000
0  -7.731863 -25.084057 -14.565641  -0.563688 0.643400 0.517969  0.869816 0.391175 1 39 1.000000
v_ic_ammo
0  -8.158127 -19.975391 -8.444191  -0.942520 0.249510 -0.222263  0.174128 0.727434 1 38 1.000000
0  -7.981156 -19.892508 -8.537931  -0.257991 0.829894 -0.494689  0.209092 0.727434 1 38 1.000000
0  -7.850996 -20.909597 -10.300331  -0.279512 0.754628 -0.593642  0.209092 0.895117 1 38 1.000000
v_ic_ammo
0  -7.332701 -25.874414 -10.026944  0.227814 -0.972651 0.045294  0.967106 0.959091 1 39 1.000000
0  -7.298733 -25.696186 -9.652472  0.225436 -0.654869 0.721336  0.996434 0.959084 1 39 1.000000
0  -7.704006 -25.755548 -9.579703  0.225228 -0.662283 0.714601  0.996434 0.989164 1 39 1.000000
v_ic_ammo
0  -5.831223 -24.714642 -12.070587  -0.089626 0.995889 -0.013156  0.903920 0.640945 1 39 1.000000
0  -7.546703 -24.934423 -14.767070  -0.115759 0.992889 -0.027761  0.903920 0.391175 1 39 1.000000
0  -7.731863 -25.084057 -14.565641  -0.563688 0.643400 0.517969  0.869816 0.391175 1 39 1.000000
v_ic_ammo
0  -7.810158 -18.944117 -8.219119  0.781095 0.098386 0.616613  0.078754 0.530100 1 38 1.000000
0  -8.282161 -14.261622 -8.376980  0.807304 0.006456 0.590100  0.078959 0.218066 1 38 1.000000
0  -8.496854 -14.310692 -8.286383  0.008546 -0.225381 0.974233  0.115438 0.218066 1 38 1.000000
v_ic_ammo
0  -6.352531 -24.904459 -10.120618  0.322047 0.693934 0.644005  0.936782 0.847358 1 39 1.000000
0  -6.486667 -24.807695 -10.366735  -0.077121 0.993986 0.077749  0.903920 0.847358 1 39 1.000000
0  -7.413987 -24.897602 -10.058086  -0.090174 0.995650 0.023447  0.903920 0.933097 1 39 1.000000
v_ic_ammo
0  -7.394101 -25.722992 -10.411925  0.238819 -0.704269 -0.668558  0.936782 0.959091 1 39 1.000000
0  -7.332701 -25.874414 -10.026944  0.227814 -0.972651 0.045294  0.967106 0.959091 1 39 1.000000
0  -7.753956 -25.973341 -10.033473  0.227674 -0.973111 -0.034917  0.967106 0.989164 1 39 1.000000
v_ic_ammo
0  -6.165082 -25.160946 -11.962118  -0.948639 -0.220424 0.226931  0.839357 0.640944 1 39 1.000000
0  -7.753456 -25.374136 -14.485776  -0.665351 -0.167548 0.727486  0.839357 0.391175 1 39 1.000000
0  -7.598830 -25.634739 -14.574259  -0.312096 -0.827504 0.466725  0.802855 0.391175 1 39 1.000000
v_ic_ammo
0  -7.665854 -22.246359 -9.942908  0.048110 -0.823441 0.565359  0.115225 0.895117 1 38 1.000000
0  -7.460801 -22.216322 -10.021276  0.742606 -0.584749 0.326505  0.078754 0.895117 1 38 1.000000
0  -7.576760 -21.164696 -8.341484  0.795415 -0.412481 0.444045  0.078754 0.756860 1 38 1.000000
v_ic_ammo
0  -8.589062 -20.961607 -10.559737  -0.111572 0.932816 -0.342646  0.764547 0.821551 1 38 1.000000
0  -8.572474 -20.957668 -10.209819  -0.050322 0.931789 0.359496  0.769380 0.886664 1 38 1.000000
0  -8.330111 -20.936035 -10.239100  -0.044379 0.945040 0.323929  0.726655 0.892497 1 38 1.000000
v_ic_ammo
0  -8.265358 -25.438223 -14.771148  -0.233358 -0.046452 0.971281  0.839357 0.308299 1 39 1.000000
0  -8.306782 -25.131557 -14.899228  -0.249346 0.726813 0.639975  0.869816 0.308299 1 39 1.000000
0  -8.969488 -25.254272 -14.868845  0.184096 0.825270 0.533890  0.869816 0.220910 1 39 1.000000
v_ic_ammo
0  -9.621083 -12.692335 -6.515345  0.351181 0.911054 0.215991  0.042436 0.072765 1 38 1.000000
0  -9.599507 -12.812204 -6.359673  0.447975 0.318738 0.835299  0.078959 0.072765 1 38 1.000000
0  -9.354773 -12.921995 -6.534379  0.767589 0.141096 0.625219  0.078959 0.097112 1 38 1.000000
v_ic_ammo
0  -8.581619 -21.156033 -10.785045  -0.052831 0.268467 -0.961839  0.697607 0.755484 1 38 1.000000
0  -8.589062 -20.961607 -10.559737  -0.111572 0.932816 -0.342646  0.746276 0.790583 1 38 1.000000
0  -8.344157 -20.940634 -10.581799  -0.103389 0.923355 -0.369764  0.721671 0.825656 1 38 1.000000
v_ic_ammo
0  -7.748366 -19.804527 -10.337181  0.537012 0.678569 -0.501162  0.236831 0.895117 1 38 1.000000
0  -7.965663 -19.787331 -10.324380  -0.329734 0.783833 -0.526194  0.209092 0.895117 1 38 1.000000
0  -8.085756 -18.865000 -8.563234  -0.250691 0.852364 -0.458944  0.209092 0.727434 1 38 1.000000
v_ic_ammo
0  -7.736311 -22.011120 -10.263542  -0.421393 0.672743 -0.608149  0.209092 0.895117 1 38 1.000000
0  -7.870644 -22.067520 -10.126597  -0.653976 0.756422 0.011916  0.174128 0.901032 1 38 1.000000
0  -8.057381 -21.147051 -8.498595  -0.988598 -0.086259 -0.123421  0.174128 0.756860 1 38 1.000000
v_ic_ammo
0  -7.962878 -20.970877 -10.373031  -0.043759 0.925410 -0.376433  0.209092 0.925620 1 38 1.000000
0  -7.860067 -21.087387 -10.512717  0.289750 0.265335 -0.919588  0.236831 0.925620 1 38 1.000000
0  -8.293527 -21.147369 -10.652728  0.281343 0.258303 -0.924189  0.236831 0.970239 1 38 1.000000
v_ic_ammo
0  -7.659501 -19.942030 -10.235393  0.997462 -0.041749 -0.057672  0.042286 0.895117 1 38 1.000000
0  -7.739069 -20.013376 -10.068289  0.672014 -0.634282 0.382208  0.078754 0.895117 1 38 1.000000
0  -7.774353 -20.120646 -10.198958  0.541381 -0.817169 0.197840  0.078754 0.909602 1 38 1.000000
v_ic_ammo
0  -10.218643 -12.706940 -6.775362  0.762941 0.390251 0.515389  0.733213 0.658200 1 38 1.000000
0  -10.127642 -12.841881 -6.860765  0.878884 0.137931 0.456660  0.708292 0.644717 1 38 1.000000
0  -10.073242 -12.831706 -6.968202  0.880540 0.132235 0.455152  0.710045 0.623876 1 38 1.000000
v_ic_ammo
0  -7.774316 -21.220615 -8.245595  0.122648 -0.711109 0.692302  0.115225 0.756860 1 38 1.000000
0  -7.576760 -21.164696 -8.341484  0.795415 -0.412481 0.444045  0.078754 0.756860 1 38 1.000000
0  -7.600182 -20.956507 -8.188950  0.775639 -0.120673 0.619534  0.078754 0.727434 1 38 1.000000
v_ic_ammo
0  -7.748366 -19.804527 -10.337181  0.537012 0.678569 -0.501162  0.005096 0.895117 1 38 1.000000
0  -7.659501 -19.942030 -10.235393  0.997462 -0.041749 -0.057672  0.042286 0.895117 1 38 1.000000
0  -7.694180 -20.041725 -10.378094  0.830091 -0.393887 -0.394718  0.042286 0.909602 1 38 1.000000
v_ic_ammo
0  -7.806009 -19.997377 -8.588316  0.409168 0.021148 -0.912214  0.236831 0.625071 1 38 1.000000
0  -8.038622 -20.022356 -8.584270  -0.438928 -0.065648 -0.896121  0.209092 0.625071 1 38 1.000000
0  -8.143065 -18.995790 -8.610894  -0.438886 -0.069619 -0.895842  0.209092 0.530100 1 38 1.000000
v_ic_ammo
0  -7.625620 -21.134974 -10.040626  0.640045 -0.657755 0.397115  0.078754 0.895117 1 38 1.000000
0  -7.534572 -21.065075 -10.218246  0.993394 -0.062598 -0.096177  0.042286 0.895117 1 38 1.000000
0  -7.669015 -19.972588 -8.340273  0.991714 -0.066713 0.109783  0.042286 0.727434 1 38 1.000000
v_ic_ammo
0  -10.161971 -12.998856 -6.796369  0.845210 -0.147873 0.513570  0.680264 0.653752 1 38 1.000000
0  -10.295783 -13.059655 -6.630666  0.718686 -0.265951 0.642465  0.670236 0.679402 1 38 1.000000
0  -10.321555 -13.148333 -6.638047  0.710728 -0.256956 0.654858  0.649662 0.680774 1 38 1.000000
v_ic_ammo
0  -8.155090 -20.076881 -8.280836  -0.738007 -0.612250 0.283717  0.148892 0.727434 1 38 1.000000
0  -8.158127 -19.975391 -8.444191  -0.942520 0.249510 -0.222263  0.174128 0.727434 1 38 1.000000
0  -8.009613 -20.956091 -10.185902  -0.576753 0.815560 -0.047083  0.174128 0.901032 1 38 1.000000
v_ic_ammo
0  -8.217379 -22.145832 -10.474290  0.034880 0.854737 -0.517889  0.209092 0.970239 1 38 1.000000
0  -8.204334 -22.126554 -10.253209  -0.233707 0.954502 0.185223  0.174128 0.970239 1 38 1.000000
0  -7.870644 -22.067520 -10.126597  -0.653976 0.756422 0.011916  0.174128 0.901032 1 38 1.000000
v_ic_ammo
0  -6.583928 -24.905029 -10.611980  -0.476581 0.734074 -0.483742  0.869816 0.847358 1 39 1.000000
0  -6.606123 -25.228167 -10.744270  -0.578222 -0.149593 -0.802048  0.839357 0.847358 1 39 1.000000
0  -7.429150 -25.325617 -10.440021  -0.328984 -0.057860 -0.942561  0.839357 0.933097 1 39 1.000000
v_ic_ammo
0  -9.621083 -12.692335 -6.515345  0.351181 0.911054 0.215991  0.042436 0.072765 1 38 1.000000
0  -9.716242 -12.710511 -6.724860  0.072580 0.881667 -0.466257  0.005096 0.072765 1 38 1.000000
0  -9.958636 -12.670246 -6.666340  0.040894 0.922904 -0.382851  0.005096 0.048492 1 38 1.000000
v_ic_ammo
0  -7.870644 -22.067520 -10.126597  -0.653976 0.756422 0.011916  0.174128 0.901032 1 38 1.000000
0  -7.840137 -22.177105 -9.975917  -0.654219 -0.322137 0.684270  0.148892 0.901032 1 38 1.000000
0  -7.988212 -21.212763 -8.315516  -0.606599 -0.628633 0.486680  0.148892 0.756860 1 38 1.000000
v_ic_ammo
0  -5.975439 -25.409119 -11.999515  -0.448170 -0.885695 0.121193  0.936782 0.640944 1 39 1.000000
0  -7.598830 -25.634739 -14.574259  -0.312096 -0.827504 0.466725  0.936782 0.391175 1 39 1.000000
0  -7.358564 -25.713211 -14.779258  0.203715 -0.977283 -0.058463  0.967106 0.391175 1 39 1.000000
v_ic_ammo
0  -8.124809 -20.016262 -8.185185  -0.758907 -0.064451 0.648002  0.148892 0.625072 1 38 1.000000
0  -7.913483 -19.989780 -8.090664  0.016357 0.019386 0.999678  0.115225 0.625071 1 38 1.000000
0  -8.018003 -18.962473 -8.117311  0.014624 0.032974 0.999349  0.115225 0.530100 1 38 1.000000
v_ic_ammo
0  -8.229698 -14.202326 -8.584661  0.932921 0.262204 -0.246794  0.042436 0.218066 1 38 1.000000
0  -7.762293 -18.947838 -8.440583  0.965061 0.090483 -0.245905  0.042286 0.530100 1 38 1.000000
0  -7.910452 -18.970835 -8.614941  0.410236 0.015436 -0.911849  0.005096 0.530100 1 38 1.000000
v_ic_ammo
0  -8.414528 -20.028746 -10.188940  -0.366322 0.245512 0.897514  0.148892 0.970239 1 38 1.000000
0  -8.386054 -20.177698 -10.238714  -0.132855 -0.768468 0.625945  0.115225 0.970239 1 38 1.000000
0  -8.039100 -20.128294 -10.102049  -0.119872 -0.727572 0.675478  0.115225 0.925594 1 38 1.000000
v_ic_ammo
0  -9.693237 -12.931553 -6.919652  -0.563497 0.340256 -0.752793  0.209163 0.097112 1 38 1.000000
0  -9.529746 -12.809220 -6.856937  0.092985 0.849358 -0.519562  0.236933 0.097112 1 38 1.000000
0  -8.445040 -13.971081 -8.608409  0.289805 0.754290 -0.589117  0.236933 0.195399 1 38 1.000000
v_ic_ammo
0  -10.401253 -26.105000 -13.602617  -0.439589 -0.823894 -0.357715  0.996434 0.007150 1 39 1.000000
0  -10.674748 -25.669857 -13.693968  -0.886261 -0.164820 -0.432869  0.967106 0.007150 1 39 1.000000
0  -10.469639 -25.647215 -14.133836  -0.882855 -0.181344 -0.433222  0.967106 0.032574 1 39 1.000000
v_ic_ammo
0  -10.264005 -13.080815 -7.020760  0.535837 -0.738592 -0.409096  0.658925 0.612568 1 38 1.000000
0  -10.211360 -12.852386 -7.111327  0.695355 0.164756 -0.699526  0.699025 0.601008 1 38 1.000000
0  -10.073242 -12.831706 -6.968202  0.696561 0.171554 -0.696687  0.710045 0.623876 1 38 1.000000
v_ic_ammo
0  -7.668766 -21.229076 -10.153350  0.471788 -0.850957 0.230842  0.078754 0.909602 1 38 1.000000
0  -7.576139 -21.159187 -10.333179  0.797586 -0.443984 -0.408332  0.042286 0.909602 1 38 1.000000
0  -7.534572 -21.065075 -10.218246  0.993394 -0.062598 -0.096177  0.042286 0.895117 1 38 1.000000
v_ic_ammo
0  -5.926395 -24.727047 -11.093345  -0.107979 0.994146 0.003852  0.903920 0.741247 1 39 1.000000
0  -5.645179 -24.758564 -10.960319  0.520822 0.806194 0.280706  0.936782 0.741247 1 39 1.000000
0  -5.503291 -24.777950 -12.152910  0.572922 0.803725 -0.160582  0.936782 0.640945 1 39 1.000000
v_ic_ammo
0  -7.719240 -20.917957 -8.568429  0.372640 0.346007 -0.861057  0.005096 0.727434 1 38 1.000000
0  -7.563013 -20.922455 -8.403823  0.972132 0.148526 -0.181382  0.042286 0.727434 1 38 1.000000
0  -7.544311 -21.087114 -8.530974  0.944265 0.276657 -0.178396  0.042286 0.756860 1 38 1.000000
v_ic_ammo
0  -9.841594 -25.950541 -13.900698  0.086477 -0.995065 0.048648  0.967106 0.054197 1 39 1.000000
0  -10.149527 -25.879080 -14.022134  -0.497106 -0.797262 -0.342431  0.996434 0.054197 1 39 1.000000
0  -9.692240 -25.876957 -14.716064  -0.443826 -0.798683 -0.406355  0.996434 0.155765 1 39 1.000000
v_ic_ammo
0  -7.312094 -25.292715 -9.507872  0.247824 0.016940 0.968657  0.967106 0.959077 1 39 1.000000
0  -7.364959 -24.900347 -9.677846  0.285987 0.682211 0.672904  0.936782 0.959077 1 39 1.000000
0  -7.791926 -24.788067 -9.609000  0.293258 0.750700 0.591988  0.936782 0.989164 1 39 1.000000
v_ic_ammo
0  -9.839235 -13.012607 -6.752605  -0.620093 -0.630883 -0.466338  0.174197 0.072765 1 38 1.000000
0  -9.813329 -12.853045 -6.830452  -0.367863 0.222770 -0.902801  0.209164 0.072765 1 38 1.000000
0  -9.693237 -12.931553 -6.919652  -0.563497 0.340256 -0.752793  0.209163 0.097112 1 38 1.000000
v_ic_ammo
0  -9.599507 -12.812204 -6.359673  0.447975 0.318738 0.835299  0.078959 0.072765 1 38 1.000000
0  -9.667764 -12.979855 -6.375070  0.176142 -0.562893 0.807543  0.115438 0.072765 1 38 1.000000
0  -9.475050 -13.072180 -6.517429  0.316975 -0.635555 0.703986  0.115438 0.097112 1 38 1.000000
v_ic_ammo
0  -6.583928 -24.905029 -10.611980  -0.476581 0.734074 -0.483742  0.869816 0.847358 1 39 1.000000
0  -6.486667 -24.807695 -10.366735  -0.077121 0.993986 0.077749  0.903920 0.847358 1 39 1.000000
0  -5.926395 -24.727047 -11.093345  -0.107979 0.994146 0.003852  0.903920 0.741247 1 39 1.000000
v_ic_ammo
0  -8.038622 -20.022356 -8.584270  -0.438928 -0.065648 -0.896121  0.209092 0.625071 1 38 1.000000
0  -8.180502 -20.030762 -8.404858  -0.973134 -0.103054 -0.205889  0.174128 0.625071 1 38 1.000000
0  -8.284974 -19.003912 -8.431492  -0.973038 -0.104164 -0.205784  0.174128 0.530100 1 38 1.000000
v_ic_ammo
0  -8.837422 -25.520008 -14.757560  0.432478 0.088498 0.897291  0.839357 0.220910 1 39 1.000000
0  -8.969488 -25.254272 -14.868845  0.184096 0.825270 0.533890  0.869816 0.220910 1 39 1.000000
0  -9.229239 -25.244127 -14.554374  0.431552 0.854088 0.290339  0.869816 0.155765 1 39 1.000000
v_ic_ammo
0  -9.354773 -12.921995 -6.534379  0.767589 0.141096 0.625219  0.078959 0.097112 1 38 1.000000
0  -9.475050 -13.072180 -6.517429  0.316975 -0.635555 0.703986  0.115438 0.097112 1 38 1.000000
0  -8.527860 -14.182674 -8.218824  0.108144 -0.638976 0.761587  0.115438 0.195399 1 38 1.000000
v_ic_ammo
0  -9.965809 -12.650070 -6.441092  -0.026348 0.947852 0.317619  0.042436 0.048492 1 38 1.000000
0  -9.959372 -12.764928 -6.283977  -0.062473 0.370468 0.926742  0.078959 0.048492 1 38 1.000000
0  -9.599507 -12.812204 -6.359673  0.447975 0.318738 0.835299  0.078959 0.072765 1 38 1.000000
v_ic_ammo
0  -6.034743 -25.473358 -11.234818  -0.412048 -0.887380 -0.206818  0.802855 0.741247 1 39 1.000000
0  -6.224272 -25.171877 -11.285997  -0.924156 -0.197525 -0.326984  0.839357 0.741247 1 39 1.000000
0  -6.165082 -25.160946 -11.962118  -0.948639 -0.220424 0.226931  0.839357 0.640944 1 39 1.000000
v_ic_ammo
0  -6.224272 -25.171877 -11.285997  -0.924156 -0.197525 -0.326984  0.839357 0.741247 1 39 1.000000
0  -6.034743 -25.473358 -11.234818  -0.412048 -0.887380 -0.206818  0.802855 0.741247 1 39 1.000000
0  -6.393817 -25.515114 -10.627823  -0.249572 -0.869529 -0.426184  0.802855 0.847358 1 39 1.000000
v_ic_ammo
0  -9.051744 -25.490898 -14.486727  0.801923 0.230632 0.551116  0.839357 0.155765 1 39 1.000000
0  -9.115707 -25.779181 -14.500064  0.662221 -0.577980 0.476867  0.802855 0.155765 1 39 1.000000
0  -8.834318 -25.783779 -14.857301  0.384103 -0.671877 0.633282  0.802855 0.220910 1 39 1.000000
v_ic_ammo
0  -8.378924 -14.175835 -8.760080  0.395215 0.331648 -0.856630  0.236935 0.218066 1 38 1.000000
0  -8.617497 -14.203113 -8.766727  -0.380425 0.206438 -0.901477  0.209164 0.218066 1 38 1.000000
0  -8.665420 -14.025568 -8.639859  -0.427699 0.544083 -0.721836  0.209163 0.195399 1 38 1.000000
v_ic_ammo
0  -9.943249 -12.810266 -6.790104  0.055592 0.235305 -0.970330  0.209163 0.048492 1 38 1.000000
0  -9.958636 -12.670246 -6.666340  0.040894 0.922904 -0.382851  0.236933 0.048492 1 38 1.000000
0  -9.716242 -12.710511 -6.724860  0.072580 0.881667 -0.466257  0.236933 0.072765 1 38 1.000000
v_ic_ammo
0  -8.200495 -25.131269 -15.402820  0.017887 0.683786 -0.729464  0.936782 0.308299 1 39 1.000000
0  -8.273630 -25.017481 -15.177334  -0.122706 0.983443 -0.133352  0.903920 0.308299 1 39 1.000000
0  -7.546703 -24.934423 -14.767070  -0.115759 0.992889 -0.027761  0.903920 0.391175 1 39 1.000000
v_ic_ammo
0  -8.177743 -25.740200 -14.897100  -0.054156 -0.776821 0.627388  0.936782 0.308299 1 39 1.000000
0  -8.098961 -25.839022 -15.174067  0.152069 -0.980880 -0.121449  0.967106 0.308299 1 39 1.000000
0  -7.358564 -25.713211 -14.779258  0.203715 -0.977283 -0.058463  0.967106 0.391175 1 39 1.000000
v_ic_ammo
0  -7.762293 -18.947838 -8.440583  0.965061 0.090483 -0.245905  0.042286 0.530100 1 38 1.000000
0  -8.229698 -14.202326 -8.584661  0.932921 0.262204 -0.246794  0.042436 0.218066 1 38 1.000000
0  -8.282161 -14.261622 -8.376980  0.807304 0.006456 0.590100  0.078959 0.218066 1 38 1.000000
v_ic_ammo
0  -6.486667 -24.807695 -10.366735  -0.077121 0.993986 0.077749  0.903920 0.847358 1 39 1.000000
0  -6.583928 -24.905029 -10.611980  -0.476581 0.734074 -0.483742  0.869816 0.847358 1 39 1.000000
0  -7.438981 -25.028742 -10.333623  -0.299534 0.669384 -0.679856  0.869816 0.933097 1 39 1.000000
v_ic_ammo
0  -9.383663 -25.940102 -14.586575  0.128383 -0.989989 0.058651  0.967106 0.155765 1 39 1.000000
0  -9.692240 -25.876957 -14.716064  -0.443826 -0.798683 -0.406355  0.996434 0.155765 1 39 1.000000
0  -9.037576 -25.842432 -15.297911  -0.224768 -0.717174 -0.659652  0.996434 0.220910 1 39 1.000000
v_ic_ammo
0  -6.257331 -25.576859 -10.385459  0.244238 -0.963091 0.113154  0.967106 0.847358 1 39 1.000000
0  -6.393817 -25.515114 -10.627823  -0.249572 -0.869529 -0.426184  0.936782 0.847358 1 39 1.000000
0  -6.034743 -25.473358 -11.234818  -0.412048 -0.887380 -0.206818  0.936782 0.741247 1 39 1.000000
v_ic_ammo
0  -7.789061 -21.219744 -10.431598  0.407237 -0.667576 -0.623298  0.042286 0.925594 1 38 1.000000
0  -7.856102 -21.298704 -10.247448  0.209581 -0.973314 0.093462  0.078754 0.925594 1 38 1.000000
0  -8.257941 -21.361111 -10.396751  0.174406 -0.982587 -0.064075  0.078754 0.970239 1 38 1.000000
v_ic_ammo
0  -7.954384 -21.212345 -10.072032  -0.169802 -0.697087 0.696589  0.115225 0.925594 1 38 1.000000
0  -8.004666 -21.070770 -10.034757  -0.756782 -0.229337 0.612115  0.148892 0.901032 1 38 1.000000
0  -8.283693 -21.141756 -10.154881  -0.424442 0.207262 0.881414  0.148892 0.970239 1 38 1.000000
v_ic_ammo
0  -5.645179 -24.758564 -10.960319  0.520822 0.806194 0.280706  0.936782 0.741247 1 39 1.000000
0  -5.471448 -25.052416 -10.927049  0.895620 0.192953 0.400792  0.967106 0.741247 1 39 1.000000
0  -5.338435 -25.025713 -12.190289  0.946430 0.219528 -0.236806  0.967106 0.640945 1 39 1.000000
v_ic_ammo
0  -8.445543 -22.529474 -10.624673  0.133474 -0.763582 -0.631766  0.589903 0.772089 1 38 1.000000
0  -8.479881 -22.302700 -10.736908  0.015479 0.132189 -0.991104  0.650625 0.752415 1 38 1.000000
0  -8.236938 -22.270042 -10.729128  0.015451 0.142810 -0.989630  0.668521 0.789412 1 38 1.000000
v_ic_ammo
0  -9.813329 -12.853045 -6.830452  -0.367863 0.222770 -0.902801  0.209164 0.072765 1 38 1.000000
0  -9.716242 -12.710511 -6.724860  0.072580 0.881667 -0.466257  0.236933 0.072765 1 38 1.000000
0  -9.529746 -12.809220 -6.856937  0.092985 0.849358 -0.519562  0.236933 0.097112 1 38 1.000000
v_ic_ammo
0  -8.378021 -20.243578 -10.438740  0.158114 -0.984344 -0.077891  0.078754 0.970239 1 38 1.000000
0  -8.396478 -20.176775 -10.638395  0.300601 -0.594784 -0.745567  0.042286 0.970239 1 38 1.000000
0  -7.866058 -20.102552 -10.468909  0.431504 -0.653577 -0.621805  0.042286 0.925594 1 38 1.000000
v_ic_ammo
0  -8.386054 -20.177698 -10.238714  -0.132855 -0.768468 0.625945  0.115225 0.970239 1 38 1.000000
0  -8.378021 -20.243578 -10.438740  0.158114 -0.984344 -0.077891  0.078754 0.970239 1 38 1.000000
0  -7.935025 -20.183708 -10.287010  0.231807 -0.972517 0.021819  0.078754 0.925594 1 38 1.000000
v_ic_ammo
0  -8.155382 -22.386755 -10.120752  -0.062968 -0.682189 0.728459  0.115225 0.970239 1 38 1.000000
0  -8.156337 -22.470297 -10.309118  0.203983 -0.978916 0.010705  0.078754 0.970239 1 38 1.000000
0  -7.699162 -22.380581 -10.198246  0.260721 -0.962737 0.071841  0.078754 0.925594 1 38 1.000000
v_ic_ammo
0  -9.931648 -13.017229 -6.506989  -0.128326 -0.976741 0.171783  0.148972 0.048492 1 38 1.000000
0  -9.931238 -12.964686 -6.719186  -0.147249 -0.767305 -0.624148  0.174196 0.048492 1 38 1.000000
0  -9.839235 -13.012607 -6.752605  -0.620093 -0.630883 -0.466338  0.174197 0.072765 1 38 1.000000
v_ic_ammo
0  -7.544311 -21.087114 -8.530974  0.944265 0.276657 -0.178396  0.042286 0.756860 1 38 1.000000
0  -7.576760 -21.164696 -8.341484  0.795415 -0.412481 0.444045  0.078754 0.756860 1 38 1.000000
0  -7.460801 -22.216322 -10.021276  0.742606 -0.584749 0.326505  0.078754 0.895117 1 38 1.000000
v_ic_ammo
0  -8.792974 -14.125716 -8.514195  -0.941944 -0.076989 -0.326823  0.174196 0.195399 1 38 1.000000
0  -8.732003 -14.194476 -8.328689  -0.649316 -0.651446 0.392437  0.148973 0.195399 1 38 1.000000
0  -9.649375 -13.142429 -6.647388  -0.310355 -0.896182 0.317076  0.148973 0.097112 1 38 1.000000
v_ic_ammo
0  -8.156337 -22.470297 -10.309118  0.203983 -0.978916 0.010705  0.078754 0.970239 1 38 1.000000
0  -8.178888 -22.421490 -10.519126  0.324805 -0.680892 -0.656421  0.042286 0.970239 1 38 1.000000
0  -7.649302 -22.302053 -10.386453  0.442872 -0.623342 -0.644445  0.042286 0.925594 1 38 1.000000
v_ic_ammo
0  -10.124052 -13.059622 -6.875617  0.523292 -0.755279 -0.394612  0.664422 0.638005 1 38 1.000000
0  -10.321555 -13.148333 -6.638047  0.033592 -0.992014 0.121575  0.649662 0.680774 1 38 1.000000
0  -10.469724 -13.171156 -6.786983  0.048307 -0.993355 0.104460  0.623258 0.668316 1 38 1.000000
v_ic_ammo
0  -10.722135 -12.820664 -6.569234  -0.675467 0.349615 0.649242  0.716991 0.749532 1 38 1.000000
0  -10.673612 -13.055376 -6.586033  -0.486018 -0.634850 0.600626  0.674795 0.746260 1 38 1.000000
0  -10.517025 -13.031041 -6.434383  -0.492829 -0.618972 0.611550  0.673389 0.720429 1 38 1.000000
v_ic_ammo
0  -8.525861 -21.387438 -10.085549  0.099957 -0.716120 0.690783  0.572806 0.947237 1 38 1.000000
0  -8.530936 -21.497519 -10.404775  0.138819 -0.990193 -0.015701  0.539860 0.894632 1 38 1.000000
0  -8.275660 -21.461048 -10.392747  0.142768 -0.989426 0.025572  0.578732 0.871517 1 38 1.000000
v_ic_ammo
0  -10.428313 -12.978500 -6.488434  0.573884 -0.140840 0.806735  0.686240 0.702952 1 38 1.000000
0  -10.459764 -12.816499 -6.476779  0.516674 0.230105 0.824682  0.715839 0.705865 1 38 1.000000
0  -10.563272 -12.796069 -6.417994  0.514040 0.194251 0.835482  0.722727 0.724640 1 38 1.000000
v_ic_ammo
0  -8.837422 -25.520008 -14.757560  0.432478 0.088498 0.897291  0.839357 0.220910 1 39 1.000000
0  -8.834318 -25.783779 -14.857301  0.384103 -0.671877 0.633282  0.802855 0.220910 1 39 1.000000
0  -8.177743 -25.740200 -14.897100  -0.054156 -0.776821 0.627388  0.802855 0.308299 1 39 1.000000
v_ic_ammo
0  -8.418887 -22.601645 -10.297024  0.133093 -0.987664 0.082496  0.538306 0.853958 1 38 1.000000
0  -8.445543 -22.529474 -10.624673  0.133474 -0.763582 -0.631766  0.561406 0.797880 1 38 1.000000
0  -8.198943 -22.492901 -10.615691  0.133830 -0.785112 -0.604722  0.602784 0.811862 1 38 1.000000
v_ic_ammo
0  -8.330111 -20.936035 -10.239100  0.960440 0.277375 0.024859  0.726655 0.892497 1 38 1.000000
0  -8.299411 -21.119722 -10.019114  0.982808 0.157084 0.097016  0.682148 0.934511 1 38 1.000000
0  -8.283693 -21.141756 -10.154881  0.980001 0.180257 0.084294  0.669537 0.900978 1 38 1.000000
v_ic_ammo
0  -9.115707 -25.779181 -14.500064  0.662221 -0.577980 0.476867  0.936782 0.155765 1 39 1.000000
0  -9.383663 -25.940102 -14.586575  0.128383 -0.989989 0.058651  0.967106 0.155765 1 39 1.000000
0  -8.890999 -25.937395 -15.112783  0.060736 -0.995590 -0.071490  0.967106 0.220910 1 39 1.000000
v_ic_ammo
0  -6.233256 -25.175573 -10.058064  0.547943 0.121918 0.827583  0.967106 0.847358 1 39 1.000000
0  -6.352531 -24.904459 -10.120618  0.322047 0.693934 0.644005  0.936782 0.847358 1 39 1.000000
0  -7.368809 -25.009018 -9.774816  0.177843 0.694950 0.696718  0.936782 0.933097 1 39 1.000000
v_ic_ammo
0  -7.515770 -22.018856 -10.292793  0.486099 0.620796 -0.615077  0.236831 0.895117 1 38 1.000000
0  -7.736311 -22.011120 -10.263542  -0.421393 0.672743 -0.608149  0.209092 0.895117 1 38 1.000000
0  -7.929738 -21.072964 -8.656967  -0.513978 0.610277 -0.602817  0.209092 0.756859 1 38 1.000000
v_ic_ammo
0  -8.665602 -20.263638 -10.756185  0.120673 -0.664802 -0.737208  0.589903 0.772089 1 38 1.000000
0  -8.689853 -20.031479 -10.817921  -0.003899 0.293644 -0.955907  0.650625 0.752415 1 38 1.000000
0  -8.460892 -20.010592 -10.810897  0.021004 0.272275 -0.961990  0.668521 0.789412 1 38 1.000000
v_ic_ammo
0  -7.863382 -19.073252 -8.259489  0.509364 -0.745770 0.429390  0.078754 0.727434 1 38 1.000000
0  -8.078561 -19.095287 -8.199303  -0.067581 -0.885044 0.460577  0.115225 0.727434 1 38 1.000000
0  -7.954070 -20.047760 -9.989079  -0.125931 -0.846190 0.517788  0.115225 0.895117 1 38 1.000000
v_ic_ammo
0  -10.459764 -12.816499 -6.476779  -0.375269 0.336200 0.863795  0.078959 0.012291 1 38 1.000000
0  -9.959372 -12.764928 -6.283977  -0.062473 0.370468 0.926742  0.078959 0.048492 1 38 1.000000
0  -9.965809 -12.650070 -6.441092  -0.026348 0.947852 0.317619  0.042436 0.048492 1 38 1.000000
v_ic_ammo
0  -7.767376 -18.970057 -8.400903  0.990328 -0.087461 0.107709  0.042286 0.727434 1 38 1.000000
0  -7.863382 -19.073252 -8.259489  0.509364 -0.745770 0.429390  0.078754 0.727434 1 38 1.000000
0  -7.739069 -20.013376 -10.068289  0.672014 -0.634282 0.382208  0.078754 0.895117 1 38 1.000000
v_ic_ammo
0  -8.114325 -25.419853 -15.543062  0.165847 0.028247 -0.985747  0.967106 0.308299 1 39 1.000000
0  -8.200495 -25.131269 -15.402820  0.017887 0.683786 -0.729464  0.936782 0.308299 1 39 1.000000
0  -7.306437 -25.012894 -14.972069  0.367821 0.764291 -0.529686  0.936782 0.391175 1 39 1.000000
v_ic_ammo
0  -9.545299 -25.998753 -13.196588  0.866306 -0.499047 0.021586  0.936782 0.007150 1 39 1.000000
0  -9.933420 -26.241234 -13.396597  0.275693 -0.937702 -0.211444  0.967106 0.007150 1 39 1.000000
0  -9.811856 -26.086897 -13.900912  0.217806 -0.948597 -0.229616  0.967106 0.032574 1 39 1.000000
v_ic_ammo
0  -10.149527 -25.879080 -14.022134  -0.497106 -0.797262 -0.342431  0.996434 0.054197 1 39 1.000000
0  -10.325592 -25.627022 -14.072083  -0.816158 -0.139587 -0.560715  0.967106 0.054197 1 39 1.000000
0  -9.826064 -25.630564 -14.782186  -0.744148 -0.169109 -0.646255  0.967106 0.155765 1 39 1.000000
v_ic_ammo
0  -8.479881 -22.302700 -10.736908  0.015479 0.132189 -0.991104  0.697607 0.755484 1 38 1.000000
0  -8.496041 -22.092091 -10.549210  -0.079382 0.884821 -0.459118  0.746276 0.790583 1 38 1.000000
0  -8.252049 -22.067602 -10.546974  -0.087352 0.896630 -0.434080  0.721671 0.825656 1 38 1.000000
v_ic_ammo
0  -8.265358 -25.438223 -14.771148  -0.233358 -0.046452 0.971281  0.839357 0.308299 1 39 1.000000
0  -8.177743 -25.740200 -14.897100  -0.054156 -0.776821 0.627388  0.802855 0.308299 1 39 1.000000
0  -7.598830 -25.634739 -14.574259  -0.312096 -0.827504 0.466725  0.802855 0.391175 1 39 1.000000
v_ic_ammo
0  -6.606123 -25.228167 -10.744270  -0.578222 -0.149593 -0.802048  0.839357 0.847358 1 39 1.000000
0  -6.393817 -25.515114 -10.627823  -0.249572 -0.869529 -0.426184  0.802855 0.847358 1 39 1.000000
0  -7.390253 -25.614323 -10.314954  -0.140258 -0.756845 -0.638367  0.802855 0.933097 1 39 1.000000
v_ic_ammo
0  -10.295783 -13.059655 -6.630666  0.718686 -0.265951 0.642465  0.670236 0.679402 1 38 1.000000
0  -10.428313 -12.978500 -6.488434  0.573884 -0.140840 0.806735  0.686240 0.702952 1 38 1.000000
0  -10.517025 -13.031041 -6.434383  0.558922 -0.088295 0.824506  0.673389 0.720429 1 38 1.000000
v_ic_ammo
0  -8.273630 -25.017481 -15.177334  -0.122706 0.983443 -0.133352  0.903920 0.308299 1 39 1.000000
0  -8.200495 -25.131269 -15.402820  0.017887 0.683786 -0.729464  0.936782 0.308299 1 39 1.000000
0  -9.165369 -25.300377 -15.288450  -0.406707 0.581949 -0.704220  0.936782 0.220910 1 39 1.000000
v_ic_ammo
0  -9.379114 -12.804966 -6.685474  0.619858 0.784044 0.032422  0.042436 0.097112 1 38 1.000000
0  -9.354773 -12.921995 -6.534379  0.767589 0.141096 0.625219  0.078959 0.097112 1 38 1.000000
0  -8.334895 -14.096275 -8.272047  0.804686 -0.090298 0.586793  0.078959 0.195399 1 38 1.000000
v_ic_ammo
0  -8.732003 -14.194476 -8.328689  -0.649316 -0.651446 0.392437  0.148973 0.195399 1 38 1.000000
0  -8.527860 -14.182674 -8.218824  0.108144 -0.638976 0.761587  0.115438 0.195399 1 38 1.000000
0  -9.475050 -13.072180 -6.517429  0.316975 -0.635555 0.703986  0.115438 0.097112 1 38 1.000000
v_ic_ammo
0  -7.840137 -22.177105 -9.975917  -0.654219 -0.322137 0.684270  0.148892 0.901032 1 38 1.000000
0  -7.870644 -22.067520 -10.126597  -0.653976 0.756422 0.011916  0.174128 0.901032 1 38 1.000000
0  -8.204334 -22.126554 -10.253209  -0.233707 0.954502 0.185223  0.174128 0.970239 1 38 1.000000
v_ic_ammo
0  -8.229317 -18.989086 -8.211825  -0.760350 -0.056986 0.647010  0.148892 0.530100 1 38 1.000000
0  -8.712057 -14.310769 -8.388989  -0.798961 -0.234696 0.553696  0.148973 0.218066 1 38 1.000000
0  -8.765770 -14.263610 -8.599638  -0.944667 -0.047292 -0.324605  0.174197 0.218066 1 38 1.000000
v_ic_ammo
0  -7.713612 -22.280249 -9.979229  -0.044643 -0.752563 0.657005  0.115225 0.909602 1 38 1.000000
0  -7.518862 -22.304350 -10.114652  0.532064 -0.826751 0.182731  0.078754 0.909602 1 38 1.000000
0  -7.460801 -22.216322 -10.021276  0.742606 -0.584749 0.326505  0.078754 0.895117 1 38 1.000000
v_ic_ammo
0  -9.037576 -25.842432 -15.297911  -0.224768 -0.717174 -0.659652  0.996434 0.220910 1 39 1.000000
0  -9.166721 -25.582958 -15.397056  -0.425305 -0.086798 -0.900878  0.967106 0.220910 1 39 1.000000
0  -8.114325 -25.419853 -15.543062  0.165847 0.028247 -0.985747  0.967106 0.308299 1 39 1.000000
v_ic_ammo
0  -8.544347 -21.147179 -9.998786  0.032533 0.252929 0.966938  0.675449 0.976479 1 38 1.000000
0  -8.525861 -21.387438 -10.085549  0.099957 -0.716120 0.690783  0.609449 0.969166 1 38 1.000000
0  -8.275178 -21.353374 -10.087493  0.116710 -0.683062 0.720975  0.612254 0.926710 1 38 1.000000
v_ic_ammo
0  -7.802755 -20.994471 -8.085609  0.070938 -0.281694 0.956878  0.115225 0.727434 1 38 1.000000
0  -7.600182 -20.956507 -8.188950  0.775639 -0.120673 0.619534  0.078754 0.727434 1 38 1.000000
0  -7.705656 -19.971251 -8.192477  0.781180 0.091293 0.617594  0.078754 0.625072 1 38 1.000000
v_ic_ammo
0  -8.084267 -20.986372 -8.382220  -0.988697 -0.119546 -0.090484  0.174128 0.727434 1 38 1.000000
0  -8.018193 -21.007763 -8.171624  -0.670241 -0.300062 0.678778  0.148892 0.727434 1 38 1.000000
0  -8.124809 -20.016262 -8.185185  -0.758907 -0.064451 0.648002  0.148892 0.625072 1 38 1.000000
v_ic_ammo
0  -7.806009 -19.997377 -8.588316  0.409168 0.021148 -0.912214  0.005096 0.625071 1 38 1.000000
0  -7.657825 -19.974634 -8.413954  0.964765 0.094101 -0.245711  0.042286 0.625072 1 38 1.000000
0  -7.563013 -20.922455 -8.403823  0.972132 0.148526 -0.181382  0.042286 0.727434 1 38 1.000000
v_ic_ammo
0  -7.426359 -24.748926 -10.062826  0.301980 0.952548 -0.038218  0.903920 0.959077 1 39 1.000000
0  -7.460327 -24.927153 -10.437298  0.281827 0.636056 -0.718336  0.869816 0.959077 1 39 1.000000
0  -7.928243 -24.822914 -10.528667  0.283793 0.634322 -0.719095  0.869816 0.989164 1 39 1.000000
v_ic_ammo
0  -8.689853 -20.031479 -10.817921  -0.003899 0.293644 -0.955907  0.697607 0.755484 1 38 1.000000
0  -8.700135 -19.845598 -10.595290  -0.076547 0.938380 -0.337022  0.746276 0.790583 1 38 1.000000
0  -8.480762 -19.830496 -10.603148  -0.070646 0.934288 -0.349449  0.721671 0.825656 1 38 1.000000
v_ic_ammo
0  -7.789061 -21.219744 -10.431598  0.407237 -0.667576 -0.623298  0.042286 0.925594 1 38 1.000000
0  -7.860067 -21.087387 -10.512717  0.289750 0.265335 -0.919588  0.005096 0.925594 1 38 1.000000
0  -7.660933 -21.031822 -10.422537  0.502031 0.311922 -0.806641  0.005096 0.909602 1 38 1.000000
v_ic_ammo
0  -6.195833 -25.451685 -10.135389  0.539781 -0.534543 0.650308  0.996434 0.847358 1 39 1.000000
0  -6.257331 -25.576859 -10.385459  0.244238 -0.963091 0.113154  0.967106 0.847358 1 39 1.000000
0  -5.743686 -25.498308 -11.102722  0.265411 -0.963534 0.034056  0.967106 0.741247 1 39 1.000000
v_ic_ammo
0  -7.856102 -21.298704 -10.247448  0.209581 -0.973314 0.093462  0.078754 0.925594 1 38 1.000000
0  -7.954384 -21.212345 -10.072032  -0.169802 -0.697087 0.696589  0.115225 0.925594 1 38 1.000000
0  -8.263444 -21.292170 -10.199305  -0.113586 -0.751071 0.650377  0.115225 0.970239 1 38 1.000000
v_ic_ammo
0  -8.399426 -20.336218 -10.437136  0.124823 -0.992044 0.016377  0.578732 0.871517 1 38 1.000000
0  -8.404116 -20.236544 -10.137078  0.073316 -0.706460 0.703945  0.612254 0.926710 1 38 1.000000
0  -8.645010 -20.264301 -10.144694  0.061823 -0.732108 0.678377  0.572806 0.947237 1 38 1.000000
v_ic_ammo
0  -8.206054 -22.277086 -10.592633  0.963390 0.162264 -0.213427  0.663530 0.821169 1 38 1.000000
0  -8.178888 -22.421490 -10.519126  0.983393 -0.039656 -0.177105  0.626015 0.832474 1 38 1.000000
0  -8.198943 -22.492901 -10.615691  0.981165 -0.005519 -0.193094  0.602784 0.811862 1 38 1.000000
v_ic_ammo
0  -10.266652 -25.342014 -14.021287  0.382520 0.084870 -0.920041  0.936782 0.050582 1 39 1.000000
0  -10.325592 -25.627022 -14.072083  0.382514 0.084873 -0.920043  0.967106 0.050582 1 39 1.000000
0  -10.469639 -25.647215 -14.133836  0.382515 0.084873 -0.920043  0.967106 0.032574 1 39 1.000000
v_ic_ammo
0  -5.495215 -25.343500 -10.968436  0.800975 -0.515526 0.304421  0.996434 0.741247 1 39 1.000000
0  -5.743686 -25.498308 -11.102722  0.265411 -0.963534 0.034056  0.967106 0.741247 1 39 1.000000
0  -5.647504 -25.472427 -12.081838  0.233043 -0.972099 -0.026729  0.967106 0.640945 1 39 1.000000
v_ic_ammo
0  -9.699301 -25.262478 -13.778064  0.435745 0.852152 0.289765  0.869816 0.054197 1 39 1.000000
0  -9.523236 -25.514538 -13.728114  0.825773 0.197690 0.528221  0.839357 0.054197 1 39 1.000000
0  -9.051744 -25.490898 -14.486727  0.801923 0.230632 0.551116  0.839357 0.155765 1 39 1.000000
v_ic_ammo
0  -8.057381 -21.147051 -8.498595  -0.988598 -0.086259 -0.123421  0.174128 0.756860 1 38 1.000000
0  -7.988212 -21.212763 -8.315516  -0.606599 -0.628633 0.486680  0.148892 0.756860 1 38 1.000000
0  -8.018193 -21.007763 -8.171624  -0.670241 -0.300062 0.678778  0.148892 0.727434 1 38 1.000000
v_ic_ammo
0  -8.297789 -14.003264 -8.443563  0.839208 0.540500 -0.059915  0.042436 0.195399 1 38 1.000000
0  -8.445040 -13.971081 -8.608409  0.289805 0.754290 -0.589117  0.005096 0.195399 1 38 1.000000
0  -9.529746 -12.809220 -6.856937  0.092985 0.849358 -0.519562  0.005096 0.097112 1 38 1.000000
v_ic_ammo
0  -8.890999 -25.937395 -15.112783  0.060736 -0.995590 -0.071490  0.967106 0.220910 1 39 1.000000
0  -9.037576 -25.842432 -15.297911  -0.224768 -0.717174 -0.659652  0.996434 0.220910 1 39 1.000000
0  -8.076984 -25.712189 -15.400512  0.232835 -0.636422 -0.735360  0.996434 0.308299 1 39 1.000000
v_ic_ammo
0  -7.974332 -20.120556 -8.170880  -0.081829 -0.867692 0.490321  0.115225 0.727434 1 38 1.000000
0  -8.155090 -20.076881 -8.280836  -0.738007 -0.612250 0.283717  0.148892 0.727434 1 38 1.000000
0  -8.004666 -21.070770 -10.034757  -0.756782 -0.229337 0.612115  0.148892 0.901032 1 38 1.000000
v_ic_ammo
0  -6.352531 -24.904459 -10.120618  0.322047 0.693934 0.644005  0.936782 0.847358 1 39 1.000000
0  -6.233256 -25.175573 -10.058064  0.547943 0.121918 0.827583  0.967106 0.847358 1 39 1.000000
0  -5.471448 -25.052416 -10.927049  0.895620 0.192953 0.400792  0.967106 0.741247 1 39 1.000000
v_ic_ammo
0  -8.018193 -21.007763 -8.171624  -0.670241 -0.300062 0.678778  0.148892 0.727434 1 38 1.000000
0  -7.802755 -20.994471 -8.085609  0.070938 -0.281694 0.956878  0.115225 0.727434 1 38 1.000000
0  -7.913483 -19.989780 -8.090664  0.016357 0.019386 0.999678  0.115225 0.625071 1 38 1.000000
v_ic_ammo
0  -10.325592 -25.627022 -14.072083  -0.816158 -0.139587 -0.560715  0.967106 0.054197 1 39 1.000000
0  -10.266652 -25.342014 -14.021287  -0.667440 0.605352 -0.433673  0.936782 0.054197 1 39 1.000000
0  -9.771560 -25.343075 -14.759127  -0.637653 0.537926 -0.551393  0.936782 0.155765 1 39 1.000000
v_ic_ammo
0  -7.701400 -21.046289 -8.671377  0.271078 0.747443 -0.606503  0.236831 0.756860 1 38 1.000000
0  -7.929738 -21.072964 -8.656967  -0.513978 0.610277 -0.602817  0.209092 0.756859 1 38 1.000000
0  -7.951220 -20.946404 -8.558814  -0.533817 0.212914 -0.818356  0.209092 0.727434 1 38 1.000000
v_ic_ammo
0  -8.427526 -20.027590 -10.687334  0.943194 0.236621 -0.233231  0.663530 0.821169 1 38 1.000000
0  -8.396478 -20.176775 -10.638395  0.969618 -0.082527 -0.230281  0.626015 0.832474 1 38 1.000000
0  -8.424695 -20.235662 -10.737015  0.969696 -0.028985 -0.242591  0.602784 0.811862 1 38 1.000000
v_ic_ammo
0  -7.572343 -22.112682 -10.378372  0.419453 0.335687 -0.843429  0.005096 0.909602 1 38 1.000000
0  -7.483357 -22.245567 -10.294862  0.742949 -0.459977 -0.486260  0.042286 0.909602 1 38 1.000000
0  -7.649302 -22.302053 -10.386453  0.442872 -0.623342 -0.644445  0.042286 0.925594 1 38 1.000000
v_ic_ammo
0  -9.746478 -13.079844 -6.826395  -0.790594 -0.529703 -0.307207  0.174196 0.097112 1 38 1.000000
0  -9.649375 -13.142429 -6.647388  -0.310355 -0.896182 0.317076  0.148973 0.097112 1 38 1.000000
0  -9.774453 -13.069042 -6.549942  -0.273818 -0.931020 0.241300  0.148973 0.072765 1 38 1.000000
v_ic_ammo
0  -8.414528 -20.028746 -10.188940  0.966271 0.226876 0.121849  0.669537 0.900978 1 38 1.000000
0  -8.441999 -19.908880 -10.326899  0.944988 0.326946 0.010164  0.691435 0.876770 1 38 1.000000
0  -8.469345 -19.830986 -10.270209  0.947107 0.319079 0.034300  0.726655 0.892497 1 38 1.000000
v_ic_ammo
0  -9.737744 -25.084455 -13.211106  0.604968 0.794003 0.059762  0.869816 0.007150 1 39 1.000000
0  -9.515663 -25.471924 -13.162382  0.954280 0.212295 0.210429  0.839357 0.007150 1 39 1.000000
0  -9.379188 -25.494343 -13.666362  0.962272 0.145356 0.230007  0.839357 0.032574 1 39 1.000000
v_ic_ammo
0  -7.929738 -21.072964 -8.656967  -0.513978 0.610277 -0.602817  0.209092 0.756859 1 38 1.000000
0  -8.057381 -21.147051 -8.498595  -0.988598 -0.086259 -0.123421  0.174128 0.756860 1 38 1.000000
0  -8.084267 -20.986372 -8.382220  -0.988697 -0.119546 -0.090484  0.174128 0.727434 1 38 1.000000
v_ic_ammo
0  -5.503291 -24.777950 -12.152910  0.572922 0.803725 -0.160582  0.936782 0.640945 1 39 1.000000
0  -7.306437 -25.012894 -14.972069  0.367821 0.764291 -0.529686  0.936782 0.391175 1 39 1.000000
0  -7.546703 -24.934423 -14.767070  -0.115759 0.992889 -0.027761  0.903920 0.391175 1 39 1.000000
v_ic_ammo
0  -7.576139 -21.159187 -10.333179  0.797586 -0.443984 -0.408332  0.042286 0.909602 1 38 1.000000
0  -7.668766 -21.229076 -10.153350  0.471788 -0.850957 0.230842  0.078754 0.909602 1 38 1.000000
0  -7.856102 -21.298704 -10.247448  0.209581 -0.973314 0.093462  0.078754 0.925594 1 38 1.000000
v_ic_ammo
0  -7.951220 -20.946404 -8.558814  -0.533817 0.212914 -0.818356  0.209092 0.727434 1 38 1.000000
0  -8.084267 -20.986372 -8.382220  -0.988697 -0.119546 -0.090484  0.174128 0.727434 1 38 1.000000
0  -8.180502 -20.030762 -8.404858  -0.973134 -0.103054 -0.205889  0.174128 0.625071 1 38 1.000000
v_ic_ammo
0  -7.737222 -22.174997 -10.466223  0.248291 0.279539 -0.927475  0.005096 0.925594 1 38 1.000000
0  -7.649302 -22.302053 -10.386453  0.442872 -0.623342 -0.644445  0.042286 0.925594 1 38 1.000000
0  -8.178888 -22.421490 -10.519126  0.324805 -0.680892 -0.656421  0.042286 0.970239 1 38 1.000000
v_ic_ammo
0  -6.105348 -24.873285 -11.991559  -0.753823 0.641247 0.143362  0.869816 0.640945 1 39 1.000000
0  -6.165082 -25.160946 -11.962118  -0.948639 -0.220424 0.226931  0.839357 0.640944 1 39 1.000000
0  -6.224272 -25.171877 -11.285997  -0.924156 -0.197525 -0.326984  0.839357 0.741247 1 39 1.000000
v_ic_ammo
0  -5.647504 -25.472427 -12.081838  0.233043 -0.972099 -0.026729  0.967106 0.640945 1 39 1.000000
0  -7.358564 -25.713211 -14.779258  0.203715 -0.977283 -0.058463  0.967106 0.391175 1 39 1.000000
0  -7.173404 -25.563580 -14.980686  0.605035 -0.547206 -0.578358  0.996434 0.391175 1 39 1.000000
v_ic_ammo
0  -6.257331 -25.576859 -10.385459  0.244238 -0.963091 0.113154  0.967106 0.847358 1 39 1.000000
0  -6.195833 -25.451685 -10.135389  0.539781 -0.534543 0.650308  0.996434 0.847358 1 39 1.000000
0  -7.320079 -25.594599 -9.756146  0.320998 -0.625589 0.711055  0.996434 0.933097 1 39 1.000000
v_ic_ammo
0  -8.297789 -14.003264 -8.443563  0.839208 0.540500 -0.059915  0.042436 0.195399 1 38 1.000000
0  -8.334895 -14.096275 -8.272047  0.804686 -0.090298 0.586793  0.078959 0.195399 1 38 1.000000
0  -8.282161 -14.261622 -8.376980  0.807304 0.006456 0.590100  0.078959 0.218066 1 38 1.000000
v_ic_ammo
0  -7.726200 -22.041349 -10.294917  -0.181717 0.787833 -0.588471  0.209092 0.909602 1 38 1.000000
0  -7.572343 -22.112682 -10.378372  0.419453 0.335687 -0.843429  0.236831 0.909602 1 38 1.000000
0  -7.737222 -22.174997 -10.466223  0.248291 0.279539 -0.927475  0.236831 0.925620 1 38 1.000000
v_ic_ammo
0  -10.161971 -12.998856 -6.796369  0.301591 -0.807414 -0.507076  0.174197 0.012291 1 38 1.000000
0  -10.127642 -12.841881 -6.860765  0.339237 0.109596 -0.934295  0.209164 0.012291 1 38 1.000000
0  -9.943249 -12.810266 -6.790104  0.055592 0.235305 -0.970330  0.209163 0.048492 1 38 1.000000
v_ic_ammo
0  -8.617497 -14.203113 -8.766727  -0.380425 0.206438 -0.901477  0.209164 0.218066 1 38 1.000000
0  -8.143065 -18.995790 -8.610894  -0.438886 -0.069619 -0.895842  0.209092 0.530100 1 38 1.000000
0  -8.284974 -19.003912 -8.431492  -0.973038 -0.104164 -0.205784  0.174128 0.530100 1 38 1.000000
v_ic_ammo
0  -8.009613 -20.956091 -10.185902  -0.576753 0.815560 -0.047083  0.174128 0.901032 1 38 1.000000
0  -7.962878 -20.970877 -10.373031  -0.043759 0.925410 -0.376433  0.209092 0.925620 1 38 1.000000
0  -8.307820 -21.025635 -10.518501  0.031972 0.891266 -0.452353  0.209092 0.970239 1 38 1.000000
v_ic_ammo
0  -8.306782 -25.131557 -14.899228  -0.249346 0.726813 0.639975  0.869816 0.308299 1 39 1.000000
0  -8.265358 -25.438223 -14.771148  -0.233358 -0.046452 0.971281  0.839357 0.308299 1 39 1.000000
0  -7.753456 -25.374136 -14.485776  -0.665351 -0.167548 0.727486  0.839357 0.391175 1 39 1.000000
v_ic_ammo
0  -6.233256 -25.175573 -10.058064  0.547943 0.121918 0.827583  0.967106 0.847358 1 39 1.000000
0  -6.195833 -25.451685 -10.135389  0.539781 -0.534543 0.650308  0.996434 0.847358 1 39 1.000000
0  -5.495215 -25.343500 -10.968436  0.800975 -0.515526 0.304421  0.996434 0.741247 1 39 1.000000
v_ic_ammo
0  -8.300493 -21.361662 -10.705013  0.972458 -0.055089 -0.226476  0.602784 0.811862 1 38 1.000000
0  -8.330976 -21.130056 -10.789148  0.958827 0.160031 -0.234609  0.668521 0.789412 1 38 1.000000
0  -8.293527 -21.147369 -10.652728  0.951051 0.194106 -0.240467  0.663530 0.821169 1 38 1.000000
v_ic_ammo
0  -8.834318 -25.783779 -14.857301  0.384103 -0.671877 0.633282  0.936782 0.220910 1 39 1.000000
0  -8.890999 -25.937395 -15.112783  0.060736 -0.995590 -0.071490  0.967106 0.220910 1 39 1.000000
0  -8.098961 -25.839022 -15.174067  0.152069 -0.980880 -0.121449  0.967106 0.308299 1 39 1.000000
v_ic_ammo
0  -10.127642 -12.841881 -6.860765  0.878884 0.137931 0.456660  0.708292 0.644717 1 38 1.000000
0  -10.161971 -12.998856 -6.796369  0.845210 -0.147873 0.513570  0.680264 0.653752 1 38 1.000000
0  -10.124052 -13.059622 -6.875617  0.861384 -0.106929 0.496571  0.664422 0.638005 1 38 1.000000
v_ic_ammo
0  -9.582175 -25.799541 -13.778912  0.655001 -0.631821 0.414458  0.936782 0.054197 1 39 1.000000
0  -9.841594 -25.950541 -13.900698  0.086477 -0.995065 0.048648  0.967106 0.054197 1 39 1.000000
0  -9.383663 -25.940102 -14.586575  0.128383 -0.989989 0.058651  0.967106 0.155765 1 39 1.000000
v_ic_ammo
0  -8.334895 -14.096275 -8.272047  0.804686 -0.090298 0.586793  0.078959 0.195399 1 38 1.000000
0  -8.527860 -14.182674 -8.218824  0.108144 -0.638976 0.761587  0.115438 0.195399 1 38 1.000000
0  -8.496854 -14.310692 -8.286383  0.008546 -0.225381 0.974233  0.115438 0.218066 1 38 1.000000
v_ic_ammo
0  -8.018003 -18.962473 -8.117311  0.014624 0.032974 0.999349  0.115225 0.530100 1 38 1.000000
0  -8.496854 -14.310692 -8.286383  0.008546 -0.225381 0.974233  0.115438 0.218066 1 38 1.000000
0  -8.712057 -14.310769 -8.388989  -0.798961 -0.234696 0.553696  0.148973 0.218066 1 38 1.000000
v_ic_ammo
0  -8.617497 -14.203113 -8.766727  -0.380425 0.206438 -0.901477  0.209164 0.218066 1 38 1.000000
0  -8.765770 -14.263610 -8.599638  -0.944667 -0.047292 -0.324605  0.174197 0.218066 1 38 1.000000
0  -8.792974 -14.125716 -8.514195  -0.941944 -0.076989 -0.326823  0.174196 0.195399 1 38 1.000000
v_ic_ammo
0  -8.447785 -19.908365 -10.548705  0.045194 0.913743 -0.403771  0.209092 0.970239 1 38 1.000000
0  -8.441999 -19.908880 -10.326899  -0.202350 0.939145 0.277597  0.174128 0.970239 1 38 1.000000
0  -8.106590 -19.872202 -10.220616  -0.604315 0.796511 0.019323  0.174128 0.901032 1 38 1.000000
v_ic_ammo
0  -7.796467 -22.300869 -10.013104  -0.082019 -0.691211 0.717984  0.115225 0.925594 1 38 1.000000
0  -7.699162 -22.380581 -10.198246  0.260721 -0.962737 0.071841  0.078754 0.925594 1 38 1.000000
0  -7.518862 -22.304350 -10.114652  0.532064 -0.826751 0.182731  0.078754 0.909602 1 38 1.000000
v_ic_ammo
0  -7.850996 -20.909597 -10.300331  -0.279512 0.754628 -0.593642  0.209092 0.895117 1 38 1.000000
0  -7.634532 -20.928329 -10.312980  0.521343 0.662886 -0.537386  0.236831 0.895117 1 38 1.000000
0  -7.660933 -21.031822 -10.422537  0.502031 0.311922 -0.806641  0.236831 0.909602 1 38 1.000000
v_ic_ammo
0  -8.481854 -22.056236 -10.202921  -0.066752 0.968914 0.238223  0.756634 0.920999 1 38 1.000000
0  -8.448006 -22.222137 -9.958803  -0.014902 0.410398 0.911785  0.710189 0.964633 1 38 1.000000
0  -8.193903 -22.203577 -9.963855  -0.009440 0.370119 0.928936  0.682148 0.934511 1 38 1.000000
v_ic_ammo
0  -7.329911 -25.297724 -9.649749  0.988820 0.078238 -0.126939  0.967106 0.940064 1 39 1.000000
0  -7.368809 -25.009018 -9.774816  0.988821 0.078235 -0.126935  0.936782 0.940064 1 39 1.000000
0  -7.364959 -24.900347 -9.677846  0.988821 0.078236 -0.126935  0.936782 0.959077 1 39 1.000000
v_ic_ammo
0  -8.765770 -14.263610 -8.599638  -0.944667 -0.047292 -0.324605  0.174197 0.218066 1 38 1.000000
0  -8.712057 -14.310769 -8.388989  -0.798961 -0.234696 0.553696  0.148973 0.218066 1 38 1.000000
0  -8.732003 -14.194476 -8.328689  -0.649316 -0.651446 0.392437  0.148973 0.195399 1 38 1.000000
v_ic_ammo
0  -10.007234 -25.191017 -13.899502  -0.150040 0.985738 -0.076209  0.903920 0.054197 1 39 1.000000
0  -9.699301 -25.262478 -13.778064  0.435745 0.852152 0.289765  0.869816 0.054197 1 39 1.000000
0  -9.229239 -25.244127 -14.554374  0.431552 0.854088 0.290339  0.869816 0.155765 1 39 1.000000
v_ic_ammo
0  -7.981156 -19.892508 -8.537931  -0.257991 0.829894 -0.494689  0.209092 0.727434 1 38 1.000000
0  -7.768324 -19.891754 -8.491854  0.564747 0.732396 -0.380338  0.236831 0.727434 1 38 1.000000
0  -7.634532 -20.928329 -10.312980  0.521343 0.662886 -0.537386  0.236831 0.895117 1 38 1.000000
v_ic_ammo
0  -7.563013 -20.922455 -8.403823  0.972132 0.148526 -0.181382  0.042286 0.727434 1 38 1.000000
0  -7.600182 -20.956507 -8.188950  0.775639 -0.120673 0.619534  0.078754 0.727434 1 38 1.000000
0  -7.576760 -21.164696 -8.341484  0.795415 -0.412481 0.444045  0.078754 0.756860 1 38 1.000000
v_ic_ammo
0  -7.446966 -25.330627 -10.581899  0.988821 0.078237 -0.126933  0.839357 0.959077 1 39 1.000000
0  -7.460327 -24.927153 -10.437298  0.988821 0.078235 -0.126932  0.869816 0.959077 1 39 1.000000
0  -7.438981 -25.028742 -10.333623  0.988821 0.078235 -0.126933  0.869816 0.940064 1 39 1.000000
v_ic_ammo
0  -7.390253 -25.614323 -10.314954  0.988822 0.078245 -0.126924  0.936782 0.940064 1 39 1.000000
0  -7.345073 -25.725737 -10.031684  0.988820 0.078238 -0.126940  0.967106 0.940064 1 39 1.000000
0  -7.332701 -25.874414 -10.026944  0.988820 0.078239 -0.126938  0.967106 0.959091 1 39 1.000000
v_ic_ammo
0  -7.345073 -25.725737 -10.031684  0.988820 0.078238 -0.126940  0.967106 0.940064 1 39 1.000000
0  -7.320079 -25.594599 -9.756146  0.988821 0.078238 -0.126929  0.996434 0.940064 1 39 1.000000
0  -7.298733 -25.696186 -9.652472  0.988821 0.078238 -0.126930  0.996434 0.959084 1 39 1.000000
v_ic_ammo
0  -7.935025 -20.183708 -10.287010  0.231807 -0.972517 0.021819  0.078754 0.925594 1 38 1.000000
0  -7.866058 -20.102552 -10.468909  0.431504 -0.653577 -0.621805  0.042286 0.925594 1 38 1.000000
0  -7.694180 -20.041725 -10.378094  0.830091 -0.393887 -0.394718  0.042286 0.909602 1 38 1.000000
v_ic_ammo
0  -8.098961 -25.839022 -15.174067  0.152069 -0.980880 -0.121449  0.967106 0.308299 1 39 1.000000
0  -8.076984 -25.712189 -15.400512  0.232835 -0.636422 -0.735360  0.996434 0.308299 1 39 1.000000
0  -7.173404 -25.563580 -14.980686  0.605035 -0.547206 -0.578358  0.996434 0.391175 1 39 1.000000
v_ic_ammo
0  -8.164431 -22.439602 -10.001991  0.067137 -0.607067 0.791810  0.612254 0.926710 1 38 1.000000
0  -8.193903 -22.203577 -9.963855  -0.009440 0.370119 0.928936  0.682148 0.934511 1 38 1.000000
0  -8.448006 -22.222137 -9.958803  -0.014902 0.410398 0.911785  0.675449 0.976479 1 38 1.000000
v_ic_ammo
0  -8.273630 -25.017481 -15.177334  -0.122706 0.983443 -0.133352  0.903920 0.308299 1 39 1.000000
0  -8.306782 -25.131557 -14.899228  -0.249346 0.726813 0.639975  0.869816 0.308299 1 39 1.000000
0  -7.731863 -25.084057 -14.565641  -0.563688 0.643400 0.517969  0.869816 0.391175 1 39 1.000000
v_ic_ammo
0  -8.441999 -19.908880 -10.326899  -0.202350 0.939145 0.277597  0.174128 0.970239 1 38 1.000000
0  -8.414528 -20.028746 -10.188940  -0.366322 0.245512 0.897514  0.148892 0.970239 1 38 1.000000
0  -8.103634 -19.990454 -10.075027  -0.718859 -0.238448 0.652982  0.148892 0.901032 1 38 1.000000
v_ic_ammo
0  -7.364959 -24.900347 -9.677846  0.285987 0.682211 0.672904  0.936782 0.959077 1 39 1.000000
0  -7.426359 -24.748926 -10.062826  0.301980 0.952548 -0.038218  0.903920 0.959077 1 39 1.000000
0  -7.878293 -24.605120 -10.074900  0.305620 0.945533 -0.112092  0.903920 0.989164 1 39 1.000000
v_ic_ammo
0  -10.366452 -12.695642 -6.604473  -0.227746 0.931649 0.283128  0.042437 0.012291 1 38 1.000000
0  -9.965809 -12.650070 -6.441092  -0.026348 0.947852 0.317619  0.042436 0.048492 1 38 1.000000
0  -9.958636 -12.670246 -6.666340  0.040894 0.922904 -0.382851  0.005096 0.048492 1 38 1.000000
v_ic_ammo
0  -7.668766 -21.229076 -10.153350  0.471788 -0.850957 0.230842  0.078754 0.909602 1 38 1.000000
0  -7.843032 -21.188648 -10.002017  -0.098481 -0.816414 0.569007  0.115225 0.909602 1 38 1.000000
0  -7.954384 -21.212345 -10.072032  -0.169802 -0.697087 0.696589  0.115225 0.925594 1 38 1.000000
v_ic_ammo
0  -5.471448 -25.052416 -10.927049  0.895620 0.192953 0.400792  0.967106 0.741247 1 39 1.000000
0  -5.495215 -25.343500 -10.968436  0.800975 -0.515526 0.304421  0.996434 0.741247 1 39 1.000000
0  -5.373383 -25.313786 -12.160866  0.838203 -0.515374 -0.178338  0.996434 0.640945 1 39 1.000000
v_ic_ammo
0  -8.268270 -18.973640 -8.504659  -0.934693 0.274810 -0.225450  0.174128 0.727434 1 38 1.000000
0  -8.085756 -18.865000 -8.563234  -0.250691 0.852364 -0.458944  0.209092 0.727434 1 38 1.000000
0  -7.965663 -19.787331 -10.324380  -0.329734 0.783833 -0.526194  0.209092 0.895117 1 38 1.000000
v_ic_ammo
0  -8.206054 -22.277086 -10.592633  0.260006 0.157440 -0.952685  0.236831 0.970239 1 38 1.000000
0  -8.217379 -22.145832 -10.474290  0.034880 0.854737 -0.517889  0.209092 0.970239 1 38 1.000000
0  -7.840523 -22.075884 -10.335235  -0.106189 0.924009 -0.367330  0.209092 0.925620 1 38 1.000000
v_ic_ammo
0  -7.701400 -21.046289 -8.671377  0.271078 0.747443 -0.606503  0.005096 0.756859 1 38 1.000000
0  -7.544311 -21.087114 -8.530974  0.944265 0.276657 -0.178396  0.042286 0.756860 1 38 1.000000
0  -7.414279 -22.141289 -10.200445  0.970339 -0.019287 -0.240979  0.042286 0.895117 1 38 1.000000
v_ic_ammo
0  -9.771560 -25.343075 -14.759127  -0.637653 0.537926 -0.551393  0.936782 0.155765 1 39 1.000000
0  -9.544220 -25.183420 -14.663381  -0.165663 0.974741 -0.149783  0.903920 0.155765 1 39 1.000000
0  -9.071725 -25.170818 -15.099402  -0.185003 0.972419 -0.142039  0.903920 0.220910 1 39 1.000000
v_ic_ammo
0  -7.534572 -21.065075 -10.218246  0.993394 -0.062598 -0.096177  0.042286 0.895117 1 38 1.000000
0  -7.634532 -20.928329 -10.312980  0.521343 0.662886 -0.537386  0.005096 0.895117 1 38 1.000000
0  -7.768324 -19.891754 -8.491854  0.564747 0.732396 -0.380338  0.005096 0.727434 1 38 1.000000
v_ic_ammo
0  -8.078561 -19.095287 -8.199303  -0.067581 -0.885044 0.460577  0.115225 0.727434 1 38 1.000000
0  -8.265068 -19.076126 -8.342694  -0.690058 -0.664821 0.286067  0.148892 0.727434 1 38 1.000000
0  -8.103634 -19.990454 -10.075027  -0.718859 -0.238448 0.652982  0.148892 0.901032 1 38 1.000000
v_ic_ammo
0  -8.217379 -22.145832 -10.474290  0.944995 0.299301 -0.131925  0.688196 0.842003 1 38 1.000000
0  -8.206054 -22.277086 -10.592633  0.963390 0.162264 -0.213427  0.663530 0.821169 1 38 1.000000
0  -8.236938 -22.270042 -10.729128  0.966411 0.150048 -0.208649  0.668521 0.789412 1 38 1.000000
v_ic_ammo
0  -10.007234 -25.191017 -13.899502  0.382523 0.084884 -0.920038  0.903920 0.050582 1 39 1.000000
0  -10.266652 -25.342014 -14.021287  0.382520 0.084870 -0.920041  0.936782 0.050582 1 39 1.000000
0  -10.389538 -25.259876 -14.064801  0.382518 0.084873 -0.920042  0.936782 0.032574 1 39 1.000000
v_ic_ammo
0  -9.774453 -13.069042 -6.549942  -0.273818 -0.931020 0.241300  0.148973 0.072765 1 38 1.000000
0  -9.667764 -12.979855 -6.375070  0.176142 -0.562893 0.807543  0.115438 0.072765 1 38 1.000000
0  -9.944168 -12.928329 -6.313302  -0.070240 -0.543049 0.836758  0.115438 0.048492 1 38 1.000000
v_ic_ammo
0  -10.325592 -25.627022 -14.072083  0.382514 0.084873 -0.920043  0.967106 0.050582 1 39 1.000000
0  -10.149527 -25.879080 -14.022134  0.382521 0.084878 -0.920040  0.996434 0.050582 1 39 1.000000
0  -10.230355 -25.989779 -14.065952  0.382521 0.084879 -0.920040  0.996434 0.032574 1 39 1.000000
v_ic_ammo
0  -7.394101 -25.722992 -10.411925  0.988821 0.078246 -0.126925  0.802855 0.959077 1 39 1.000000
0  -7.446966 -25.330627 -10.581899  0.988821 0.078237 -0.126933  0.839357 0.959077 1 39 1.000000
0  -7.429150 -25.325617 -10.440021  0.988821 0.078238 -0.126931  0.839357 0.940064 1 39 1.000000
v_ic_ammo
0  -9.582175 -25.799541 -13.778912  0.382532 0.084873 -0.920036  0.802855 0.050582 1 39 1.000000
0  -9.523236 -25.514538 -13.728114  0.382520 0.084870 -0.920041  0.839357 0.050582 1 39 1.000000
0  -9.379188 -25.494343 -13.666362  0.382521 0.084870 -0.920041  0.839357 0.032574 1 39 1.000000
v_ic_ammo
0  -9.699301 -25.262478 -13.778064  0.382523 0.084864 -0.920040  0.869816 0.050582 1 39 1.000000
0  -10.007234 -25.191017 -13.899502  0.382523 0.084884 -0.920038  0.903920 0.050582 1 39 1.000000
0  -10.036971 -25.054661 -13.899285  0.382520 0.084883 -0.920040  0.903920 0.032574 1 39 1.000000
v_ic_ammo
0  -10.578753 -12.643762 -6.749231  -0.284877 0.947379 0.146008  0.772750 0.710455 1 38 1.000000
0  -10.722135 -12.820664 -6.569234  -0.675467 0.349615 0.649242  0.742550 0.740675 1 38 1.000000
0  -10.563272 -12.796069 -6.417994  -0.673867 0.351771 0.649738  0.722727 0.724640 1 38 1.000000
v_ic_ammo
0  -9.515663 -25.471924 -13.162382  0.954280 0.212295 0.210429  0.839357 0.007150 1 39 1.000000
0  -9.545299 -25.998753 -13.196588  0.866306 -0.499047 0.021586  0.802855 0.007150 1 39 1.000000
0  -9.459291 -25.881681 -13.735397  0.827529 -0.558634 0.055890  0.802855 0.032574 1 39 1.000000
v_ic_ammo
0  -8.496041 -22.092091 -10.549210  -0.079382 0.884821 -0.459118  0.764547 0.821551 1 38 1.000000
0  -8.481854 -22.056236 -10.202921  -0.066752 0.968914 0.238223  0.769380 0.886664 1 38 1.000000
0  -8.232897 -22.038023 -10.206396  -0.071584 0.960873 0.267579  0.726655 0.892497 1 38 1.000000
v_ic_ammo
0  -7.515770 -22.018856 -10.292793  0.486099 0.620796 -0.615077  0.005096 0.895117 1 38 1.000000
0  -7.414279 -22.141289 -10.200445  0.970339 -0.019287 -0.240979  0.042286 0.895117 1 38 1.000000
0  -7.483357 -22.245567 -10.294862  0.742949 -0.459977 -0.486260  0.042286 0.909602 1 38 1.000000
v_ic_ammo
0  -8.447785 -19.908365 -10.548705  0.933777 0.347133 -0.086946  0.688196 0.842003 1 38 1.000000
0  -8.427526 -20.027590 -10.687334  0.943194 0.236621 -0.233231  0.663530 0.821169 1 38 1.000000
0  -8.460892 -20.010592 -10.810897  0.955253 0.196972 -0.220665  0.668521 0.789412 1 38 1.000000
v_ic_ammo
0  -8.530936 -21.497519 -10.404775  0.138819 -0.990193 -0.015701  0.538306 0.853958 1 38 1.000000
0  -8.555751 -21.394535 -10.716080  0.101032 -0.686555 -0.720024  0.561406 0.797880 1 38 1.000000
0  -8.300493 -21.361662 -10.705013  0.125355 -0.714809 -0.687992  0.602784 0.811862 1 38 1.000000
v_ic_ammo
0  -5.373383 -25.313786 -12.160866  0.838203 -0.515374 -0.178338  0.996434 0.640945 1 39 1.000000
0  -7.173404 -25.563580 -14.980686  0.605035 -0.547206 -0.578358  0.996434 0.391175 1 39 1.000000
0  -7.167204 -25.273508 -15.053510  0.649002 0.155889 -0.744644  0.967106 0.391175 1 39 1.000000
v_ic_ammo
0  -7.298733 -25.696186 -9.652472  0.225436 -0.654869 0.721336  0.996434 0.959084 1 39 1.000000
0  -7.312094 -25.292715 -9.507872  0.247824 0.016940 0.968657  0.967106 0.959077 1 39 1.000000
0  -7.719733 -25.264593 -9.403883  0.251771 0.084464 0.964094  0.967106 0.989164 1 39 1.000000
v_ic_ammo
0  -10.459764 -12.816499 -6.476779  0.516674 0.230105 0.824682  0.715839 0.705865 1 38 1.000000
0  -10.366452 -12.695642 -6.604473  0.610818 0.446040 0.654179  0.736744 0.685949 1 38 1.000000
0  -10.425470 -12.620354 -6.601217  0.591184 0.438725 0.676773  0.755957 0.691393 1 38 1.000000
v_ic_ammo
0  -9.523236 -25.514538 -13.728114  0.825773 0.197690 0.528221  0.839357 0.054197 1 39 1.000000
0  -9.582175 -25.799541 -13.778912  0.655001 -0.631821 0.414458  0.802855 0.054197 1 39 1.000000
0  -9.115707 -25.779181 -14.500064  0.662221 -0.577980 0.476867  0.802855 0.155765 1 39 1.000000
v_ic_ammo
0  -6.486667 -24.807695 -10.366735  -0.077121 0.993986 0.077749  0.903920 0.847358 1 39 1.000000
0  -6.352531 -24.904459 -10.120618  0.322047 0.693934 0.644005  0.936782 0.847358 1 39 1.000000
0  -5.645179 -24.758564 -10.960319  0.520822 0.806194 0.280706  0.936782 0.741247 1 39 1.000000
v_ic_ammo
0  -8.265068 -19.076126 -8.342694  -0.690058 -0.664821 0.286067  0.148892 0.727434 1 38 1.000000
0  -8.268270 -18.973640 -8.504659  -0.934693 0.274810 -0.225450  0.174128 0.727434 1 38 1.000000
0  -8.106590 -19.872202 -10.220616  -0.604315 0.796511 0.019323  0.174128 0.901032 1 38 1.000000
v_ic_ammo
0  -9.649375 -13.142429 -6.647388  -0.310355 -0.896182 0.317076  0.148973 0.097112 1 38 1.000000
0  -9.475050 -13.072180 -6.517429  0.316975 -0.635555 0.703986  0.115438 0.097112 1 38 1.000000
0  -9.667764 -12.979855 -6.375070  0.176142 -0.562893 0.807543  0.115438 0.072765 1 38 1.000000
v_ic_ammo
0  -7.773133 -19.919228 -10.464726  0.531076 0.339213 -0.776462  0.005096 0.909602 1 38 1.000000
0  -7.694180 -20.041725 -10.378094  0.830091 -0.393887 -0.394718  0.042286 0.909602 1 38 1.000000
0  -7.866058 -20.102552 -10.468909  0.431504 -0.653577 -0.621805  0.042286 0.925594 1 38 1.000000
v_ic_ammo
0  -6.169013 -24.835993 -11.227077  -0.691994 0.689277 -0.214572  0.869816 0.741247 1 39 1.000000
0  -5.926395 -24.727047 -11.093345  -0.107979 0.994146 0.003852  0.903920 0.741247 1 39 1.000000
0  -5.831223 -24.714642 -12.070587  -0.089626 0.995889 -0.013156  0.903920 0.640945 1 39 1.000000
v_ic_ammo
0  -10.149527 -25.879080 -14.022134  0.382521 0.084878 -0.920040  0.996434 0.050582 1 39 1.000000
0  -9.841594 -25.950541 -13.900698  0.382520 0.084865 -0.920042  0.967106 0.050582 1 39 1.000000
0  -9.811856 -26.086897 -13.900912  0.382517 0.084867 -0.920043  0.967106 0.032574 1 39 1.000000
v_ic_ammo
0  -8.665420 -14.025568 -8.639859  -0.427699 0.544083 -0.721836  0.209163 0.195399 1 38 1.000000
0  -8.792974 -14.125716 -8.514195  -0.941944 -0.076989 -0.326823  0.174196 0.195399 1 38 1.000000
0  -9.746478 -13.079844 -6.826395  -0.790594 -0.529703 -0.307207  0.174196 0.097112 1 38 1.000000
v_ic_ammo
0  -9.544220 -25.183420 -14.663381  -0.165663 0.974741 -0.149783  0.903920 0.155765 1 39 1.000000
0  -9.229239 -25.244127 -14.554374  0.431552 0.854088 0.290339  0.869816 0.155765 1 39 1.000000
0  -8.969488 -25.254272 -14.868845  0.184096 0.825270 0.533890  0.869816 0.220910 1 39 1.000000
v_ic_ammo
0  -7.840137 -22.177105 -9.975917  -0.654219 -0.322137 0.684270  0.148892 0.901032 1 38 1.000000
0  -7.665854 -22.246359 -9.942908  0.048110 -0.823441 0.565359  0.115225 0.895117 1 38 1.000000
0  -7.774316 -21.220615 -8.245595  0.122648 -0.711109 0.692302  0.115225 0.756860 1 38 1.000000
v_ic_ammo
0  -9.943249 -12.810266 -6.790104  0.055592 0.235305 -0.970330  0.209163 0.048492 1 38 1.000000
0  -10.127642 -12.841881 -6.860765  0.339237 0.109596 -0.934295  0.209164 0.012291 1 38 1.000000
0  -10.218643 -12.706940 -6.775362  0.040246 0.903475 -0.426748  0.236935 0.012291 1 38 1.000000
v_ic_ammo
0  -8.306782 -25.131557 -14.899228  -0.249346 0.726813 0.639975  0.869816 0.308299 1 39 1.000000
0  -8.273630 -25.017481 -15.177334  -0.122706 0.983443 -0.133352  0.903920 0.308299 1 39 1.000000
0  -9.071725 -25.170818 -15.099402  -0.185003 0.972419 -0.142039  0.903920 0.220910 1 39 1.000000
end
